Nr. crt.,Cod LMI,Denumire,Localitate,Adresă,Datare
2,B-I-s-B-17859,Chitila - Străuleşti Lac - Aşezare,municipiul BUCUREŞTI,"Cartierul Chitila, pe malul sudic al Lacului Străuleşti, la cca. 300 m E de str. Aeroportului; carou cadastral 1' - 0; SR(*)",sec. VI - VII p. Chr.
3, B-I-s-B-17860, Chitila - Livada - Aşezare, municipiul BUCUREŞTI," Cartierul Chitila, pe malul sudic al Lacului Străuleşti; carou cadastral 3' - 2' şi 1' - SR(*)", sec. VI - VII p. Chr. 0;
4,B-I-s-B-17861,Străuleşti Pod,municipiul BUCUREŞTI,"Cartierul Străuleşti, între malul nordic Lacului Griviţa şi Şos. Gh. Ionescu-Siseşti, la cca. 150 m E de intersecţia Bd. Bucureştii Noi cu Şos. Bucureşti-Târgovişte şi Şos. Gh. Ionescu-Siseşti; carou cadastral 3' - 2'; PO şi NM(*)",al
5,B-I-m-B-17861.01 B-I-m-B-17861.02,Aşezare Aşezare,municipiul BUCUREŞTI municipiul BUCUREŞTI,"Cartierul Străuleşti, între malul nordic Lacului Griviţa şi Şos. Gh. Ionescu-Siseşti, la cca. 150 m E de intersecţia Bd. Bucureştii Noi cu Şos. Bucureşti-Târgovişte şi Şos. Gh. Ionescu-Siseşti; carou cadastral 3' - 2'; PO şi NM(*) Cartierul Străuleşti, între malul nordic",al sec. VI - VII p. Chr. al sec. II - IV p. Chr.
7, B-I-s-A-17862, Străuleşti - Măicăneşti, municipiul BUCUREŞTI, Între malul nordic al Lacului Griviţa şi Gh. Ionescu-Siseşti; carou cadastral 3' NM(*), Şos. - 2';
8,B-I-m-A-17862.01,Necropolă,municipiul BUCUREŞTI,Între malul nordic al Lacului Griviţa şi Gh. Ionescu-Siseşti; carou cadastral 3' NM(*),Şos. sec. XV - XVI - 2';
9,B-I-m-A-17862.02,Necropolă,municipiul BUCUREŞTI,Între malul nordic al Lacului Griviţa şi Gh. Ionescu-Siseşti; carou cadastral 3' NM(*),Şos. sec. XIV - XV - 2';
10,B-I-m-A-17862.03,Aşezare,municipiul BUCUREŞTI,Între malul nordic al Lacului Griviţa şi Gh. Ionescu-Siseşti; carou cadastral 3' NM(*),Şos. sec. XV - XVI - 2';
11, B-I-m-A-17862.04, Aşezare, municipiul BUCUREŞTI, Între malul nordic al Lacului Griviţa şi Gh. Ionescu-Siseşti; carou cadastral 3' NM(*), Şos. sec. X - 2';
12,B-I-m-A-17862.05,Aşezare,municipiul BUCUREŞTI,Între malul nordic al Lacului Griviţa şi Gh. Ionescu-Siseşti; carou cadastral 3' NM(*),Şos. sec. VI - VII p. Chr. - 2';
13,B-I-m-A-17862.06 B-I-m-A-17862.07,Aşezare Aşezare,municipiul BUCUREŞTI municipiul BUCUREŞTI,Între malul nordic al Lacului Griviţa şi Gh. Ionescu-Siseşti; carou cadastral 3' NM(*) Între malul nordic al Lacului Griviţa şi,"Şos. sec. II - IV p. Chr. - 2'; Şos. Epoca bronzului, Cultura"
15,B-I-m-A-17862.08,Aşezare,municipiul BUCUREŞTI,Între malul nordic al Lacului Griviţa şi Gh. Ionescu-Siseşti; carou cadastral 3' NM(*),"Şos. Epoca bronzului, Cultura - 2'; Glina III"
16,B-I-s-B-17863,Băneasa - Vatra Nouă - Aşezare,municipiul BUCUREŞTI,"Cartierul Băneasa, la N şi S de Şos. Gh. Ionescu-Siseşti; carou cadastral 3' - 2'; LK(*)",sec. IX - XI
17,B-I-s-B-17864,Băneasa - La Stejar,municipiul BUCUREŞTI,"Cartierul Băneasa, pe malul nordic al Lacului Griviţa; carou cadastral 3' - 2' 0; LK(*)", şi 1' -
18,B-I-m-B-17864.01,Aşezare,municipiul BUCUREŞTI,"Cartierul Băneasa, pe malul nordic al Lacului Griviţa; carou cadastral 3' - 2' 0; LK(*)",sec. VI - VII p. Chr. şi 1' -
19, B-I-m-B-17864.02, Aşezare, municipiul BUCUREŞTI," Cartierul Băneasa, pe malul nordic al Lacului Griviţa; carou cadastral 3' - 2' 0; LK(*)", Hallstatt şi 1' -
20,B-I-m-B-17864.03,Aşezare,municipiul BUCUREŞTI,"Cartierul Băneasa, pe malul nordic al Lacului Griviţa; carou cadastral 3' - 2' 0; LK(*)","Epoca bronzului, Cultura şi 1' - Tei"
21,B-I-s-B-17865,Bucureştii Noi - Ştrand,municipiul BUCUREŞTI,"Cartierul Bucureştii Noi, între malul sud- vestic al lacului Griviţa şi str. Fabrica de Cărămidă; carou cadastral 1' - 0; NM LK(*)", şi
22, B-I-m-B-17865.01, Aşezare, municipiul BUCUREŞTI," Cartierul Bucureştii Noi, între malul sud- vestic al lacului Griviţa şi str. Fabrica de LK(*)", sec. XIV - XVI
23,B-I-m-B-17865.02,Aşezare,municipiul BUCUREŞTI,"Cartierul Bucureştii Noi, între malul sud- vestic al lacului Griviţa şi str. Fabrica de Cărămidă; carou cadastral 1' - 0; NM LK(*)",Latène şi
24,B-I-m-B-17865.03,Aşezare,municipiul BUCUREŞTI,"Cartierul Bucureştii Noi, între malul sud- vestic al lacului Griviţa şi str. Fabrica de Cărămidă; carou cadastral 1' - 0; NM LK(*)",Neolitic şi
25,B-I-s-B-17866,Dămăroaia,municipiul BUCUREŞTI,"Cartierul Dămăroaia, între malul sudic Lacului Griviţa, str. Neajlovului la S, str. Elocinţei la V şi Cimitirul Dămăroaia la carou cadastral 1' - 0 şi 1 - 2; LK(*)",al E;
26,B-I-m-B-17866.01,Aşezare,municipiul BUCUREŞTI,"Cartierul Dămăroaia, între malul sudic Lacului Griviţa, str. Neajlovului la S, str. Elocinţei la V şi Cimitirul Dămăroaia la carou cadastral 1' - 0 şi 1 - 2; LK(*)",al sec. XVIII E;
27, B-I-m-B-17866.02, Aşezare, municipiul BUCUREŞTI," Cartierul Dămăroaia, între malul sudic Lacului Griviţa, str. Neajlovului la S, str. Elocinţei la V şi Cimitirul Dămăroaia la carou cadastral 1' - 0 şi 1 - 2; LK(*)", al sec. VI p. Chr. E;
28,B-I-m-B-17866.03 B-I-s-B-17867,Aşezare Dămăroaia - Pod,municipiul BUCUREŞTI municipiul BUCUREŞTI,"Cartierul Dămăroaia, între malul sudic Lacului Griviţa, str. Neajlovului la S, str. Elocinţei la V şi Cimitirul Dămăroaia la carou cadastral 1' - 0 şi 1 - 2; LK(*) Cartierul Dămăroaia, între Şos. Străuleşti","al sec. II - I a. Chr., Latène E;"
30,B-I-m-B-17867.01,Aşezare,municipiul BUCUREŞTI,"Cartierul Dămăroaia, între Şos. Străuleşti la E, str. Coralilor la S şi malul Lacului Griviţa la V; carou cadastral 1' - 0 şi 1 IH(*)",Latène - 2;
31, B-I-m-B-17867.02, Aşezare, municipiul BUCUREŞTI," Cartierul Dămăroaia, între Şos. Străuleşti la E, str. Coralilor la S şi malul Lacului Griviţa la V; carou cadastral 1' - 0 şi 1 IH(*)", Epoca bronzului - 2;
32,B-I-s-B-17868,Băneasa Sat - aşezare,municipiul BUCUREŞTI,"Cartierul Băneasa, la intersecţia Bd. Ion Ionescu de la Brad cu str. C. Dobrogeanu Gherea; carou cadastral 1' - 0; IH şi GF(*)",sec. IX - XI
33,B-I-s-B-17869,Băneasa Lac,municipiul BUCUREŞTI,"Cartierul Dămăroaia, pe malul sudic al Lacului Băneasa; suprapus de str. Liliacului, Nufărului şi Bujorului; carou cadastral 1' - 0 şi 1 - 2; IH şi GF(*)",
34,B-I-m-B-17869.01,Aşezare,municipiul BUCUREŞTI,"Cartierul Dămăroaia, pe malul sudic al Lacului Băneasa; suprapus de str. Liliacului, Nufărului şi Bujorului; carou cadastral 1' - 0 şi 1 - 2; IH şi GF(*)",sec. IX - XI
35,B-I-m-B-17869.02 B-I-m-B-17869.03,Aşezare Aşezare,municipiul BUCUREŞTI municipiul BUCUREŞTI,"Cartierul Dămăroaia, pe malul sudic al Lacului Băneasa; suprapus de str. Liliacului, Nufărului şi Bujorului; carou cadastral 1' - 0 şi 1 - 2; IH şi GF(*) Cartierul Dămăroaia, pe malul sudic al",sec. VI - VII p. Chr. sec. III - IV p. Chr.
37,B-I-m-B-17869.04,Aşezare,municipiul BUCUREŞTI,"Cartierul Dămăroaia, pe malul sudic al Lacului Băneasa; suprapus de str. Liliacului, Nufărului şi Bujorului; carou cadastral 1' - 0 şi 1 - 2; IH şi GF(*)",Epoca bronzului
38, B-I-m-B-17869.05, Locuire, municipiul BUCUREŞTI," Cartierul Dămăroaia, pe malul sudic al Lacului Băneasa; suprapus de str. Liliacului, Nufărului şi Bujorului; carou cadastral 1' - 0 şi 1 - 2; IH şi GF(*)", Paleolitic
39,B-I-s-B-17870,Băneasa,municipiul BUCUREŞTI,"Cartierul Băneasa, între Lacul Băneasa str. Gârlei la NE; carou cadastral 1 - 2; GF(*)",şi
40,B-I-m-B-17870.01,Aşezare,municipiul BUCUREŞTI,"Cartierul Băneasa, între Lacul Băneasa str. Gârlei la NE; carou cadastral 1 - 2; GF(*)",şi sec. VI p. Chr.
41, B-I-m-B-17870.02, Aşezare, municipiul BUCUREŞTI," Cartierul Băneasa, între Lacul Băneasa str. Gârlei la NE; carou cadastral 1 - 2; GF(*)", şi Latène
42,B-I-s-B-17871,Vestigiile curţii Văcăreştilor,municipiul BUCUREŞTI,"La N de triajul Gării Băneasa, având la Şos. Străuleşti şi str. Băiculeşti şi la E Lacul Băneasa; carou cadastral 1 - 2; GF(*)",NV sec. XVIII - XIX
43,B-I-s-B-17872,Pivniţa Palatului Bibescu,municipiul BUCUREŞTI,"Cartierul Băneasa, pe malul sudic al Lacului Băneasa, între Şos. Bucureşti - Ploieşti la E şi Aleea Mateloţilor la NV;",prima jum. sec. XIX
44,B-I-s-B-17873,Pepiniera Nordului,municipiul BUCUREŞTI,La circa 75 m est de Şos. Nordului,
45,B-I-m-B-17873.01,Aşezare,municipiul BUCUREŞTI,La circa 75 m est de Şos. Nordului,Latène
46,B-I-m-B-17873.02,Aşezare,municipiul BUCUREŞTI,La circa 75 m est de Şos. Nordului,Epoca bronzului
47,B-I-s-B-17874,Herăstrău - locuire,municipiul BUCUREŞTI,"Parcul Herăstrău, având la N, V şi S, Lacul Herăstrău; carou cadastral 3 - 4; GF şi ED(*)",Paleolitic
48,B-I-s-B-17875,Bordei,municipiul BUCUREŞTI,"Parcul Floreasca, între malul sudic al Lacului Floreasca şi str. Dante Aligheri; carou cadastral 5 - 6; CB(*)",
49,B-I-m-B-17875.01,Aşezare,municipiul BUCUREŞTI,"Parcul Floreasca, între malul sudic al Lacului Floreasca şi str. Dante Aligheri; carou cadastral 5 - 6; CB(*)",sec. VI p. Chr.
50, B-I-m-B-17875.02, Aşezare, municipiul BUCUREŞTI," Parcul Floreasca, între malul sudic al Lacului Floreasca şi str. Dante Aligheri; carou cadastral 5 - 6; CB(*)", Neolitic
51,B-I-s-B-17876,Lacul Tei (Debarcader),municipiul BUCUREŞTI,"Cartierul Tei, pe malul sud-vestic al Lacului Tei, suprapus de str. Caroieni, Tuzla, Glodeni şi Olteţului; carou cadastral 5 AA' şi B'C'; 7 - 8; B'C'(*)", - 6;
52,B-I-m-B-17876.01,Necropolă,municipiul BUCUREŞTI,"Cartierul Tei, pe malul sud-vestic al Lacului Tei, suprapus de str. Caroieni, Tuzla, Glodeni şi Olteţului; carou cadastral 5",sec. III p. Chr. - 6;
53,B-I-m-B-17876.02,Necropolă,municipiul BUCUREŞTI,"Cartierul Tei, pe malul sud-vestic al Lacului Tei, suprapus de str. Caroieni, Tuzla, Glodeni şi Olteţului; carou cadastral 5 AA' şi B'C'; 7 - 8; B'C'(*)",Latène - 6;
54,B-I-m-B-17876.03,Aşezare,municipiul BUCUREŞTI,"Cartierul Tei, pe malul sud-vestic al Lacului Tei, suprapus de str. Caroieni, Tuzla, Glodeni şi Olteţului; carou cadastral 5 AA' şi B'C'; 7 - 8; B'C'(*)",sec. VI p. Chr. - 6;
55,B-I-m-B-17876.04,Aşezare,municipiul BUCUREŞTI,"Cartierul Tei, pe malul sud-vestic al Lacului Tei, suprapus de str. Caroieni, Tuzla, Glodeni şi Olteţului; carou cadastral 5 AA' şi B'C'; 7 - 8; B'C'(*)",sec. II - IV p. Chr. - 6;
56,B-I-m-B-17876.05,Aşezare,municipiul BUCUREŞTI,"Cartierul Tei, pe malul sud-vestic al Lacului Tei, suprapus de str. Caroieni, Tuzla, Glodeni şi Olteţului; carou cadastral 5 AA' şi B'C'; 7 - 8; B'C'",Latène - 6;
57, B-I-m-B-17876.06, Aşezare, municipiul BUCUREŞTI," Cartierul Tei, pe malul sud-vestic al Lacului Tei, suprapus de str. Caroieni, Tuzla, Glodeni şi Olteţului; carou cadastral 5 AA' şi B'C'; 7 - 8; B'C'(*)"," Epoca bronzului, Cultura Tei - 6;"
58,B-I-s-B-17877,Pepiniera Toboc - aşezare,municipiul BUCUREŞTI,"Pe malul vestic al văii Saulei, la S de C.F. Bucureşti-Constanţa; carou cadastral D'E'(*)",Epoca bronzului 3 - 4;
59,B-I-s-B-17878,Pipera - Andronache,municipiul BUCUREŞTI,"Pe malul estic al văii Saulei, la S de C.F. Bucureşti-Constanţa şi la V de str. Gherghiţei; carou cadastral 1 - 2 şi 3 -", 4;
60,B-I-m-B-17878.01,Aşezare,municipiul BUCUREŞTI,"Pe malul estic al văii Saulei, la S de C.F. Bucureşti-Constanţa şi la V de str. Gherghiţei; carou cadastral 1 - 2 şi 3 - D'E'(*)",sec. IX - XI 4;
61, B-I-m-B-17878.02, Aşezare, municipiul BUCUREŞTI," Pe malul estic al văii Saulei, la S de C.F. Bucureşti-Constanţa şi la V de str. Gherghiţei; carou cadastral 1 - 2 şi 3 - D'E'(*)", sec. IV p. Chr. 4;
62,B-I-m-B-17878.03,Aşezare,municipiul BUCUREŞTI,"Pe malul estic al văii Saulei, la S de C.F. Bucureşti-Constanţa şi la V de str. Gherghiţei; carou cadastral 1 - 2 şi 3 - D'E'(*)",Latène 4;
63, B-I-m-B-17878.04, Aşezare, municipiul BUCUREŞTI," Pe malul estic al văii Saulei, la S de C.F. Bucureşti-Constanţa şi la V de str. Gherghiţei; carou cadastral 1 - 2 şi 3 - D'E'(*)", Hallstatt 4;
64,B-I-m-B-17878.05,Aşezare,municipiul BUCUREŞTI,"Pe malul estic al văii Saulei, la S de C.F. Bucureşti-Constanţa şi la V de str. Gherghiţei; carou cadastral 1 - 2 şi 3 - D'E'(*)",Epoca bronzului 4;
65,B-I-s-B-17879,"Situl arheologic ""Str. Soldat Ghivan Nicolae""",municipiul BUCUREŞTI,"Pe malul sudic al Lacului Fundeni, în zona str. Marian Cristescu şi Drăguşin Deleanu; carou cadastral 9 - 10; E'G'(*)",
66,B-I-m-B-17879.01 B-I-m-B-17879.02,Aşezare Aşezare,municipiul BUCUREŞTI municipiul BUCUREŞTI,"Pe malul sudic al Lacului Fundeni, în zona str. Marian Cristescu şi Drăguşin Deleanu; carou cadastral 9 - 10; E'G'(*) Pe malul sudic al Lacului Fundeni, în zona","sec. III - IV p. Chr. sec. II - I a. Chr., Latène"
68,B-I-m-B-17879.03,Aşezare,municipiul BUCUREŞTI,"Pe malul sudic al Lacului Fundeni, în zona str. Marian Cristescu şi Drăguşin Deleanu; carou cadastral 9 - 10; E'G'(*)",Epoca bronzului
69,B-I-s-B-17880,Ziduri-între-vii,municipiul BUCUREŞTI,Pe malul sud-vestic al lacului Fundeni,
70,B-I-m-B-17880.01,Fundaţii palat,municipiul BUCUREŞTI,Pe malul sud-vestic al lacului Fundeni,sec. XVII
71, B-I-m-B-17880.02, Aşezare, municipiul BUCUREŞTI, Pe malul sud-vestic al lacului Fundeni, Epoca migraţiilor
72, B-I-m-B-17880.03, Aşezare, municipiul BUCUREŞTI, Pe malul sud-vestic al lacului Fundeni, Latène
73,B-I-m-B-17880.04,Aşezare,municipiul BUCUREŞTI,Pe malul sud-vestic al lacului Fundeni,Epoca bronzului
74,B-I-m-B-17880.05,Aşezare,municipiul BUCUREŞTI,Pe malul sud-vestic al lacului Fundeni,Neolitic
75,B-I-m-B-17880.06,Aşezare,municipiul BUCUREŞTI,Pe malul sud-vestic al lacului Fundeni,Paleolitic
76,B-I-s-B-17882 B-I-m-B-17882.01,Parcul Pantelimon Aşezare,municipiul BUCUREŞTI municipiul BUCUREŞTI,"Pe malul sudic al Lacului Pantelimon, lac şi Şos. Gării Căţelu, la cca. 500 m de intersecţia acesteia cu Şos. Pantelimon cu Bd. Biruinţei; carou cadastral 11' - O'P' şi 13 - 14; O'P', R'S'(*) Pe malul sudic al Lacului Pantelimon,",între şi 12'; între sec. III - IV p. Chr.
78,B-I-m-B-17882.02,Aşezare,municipiul BUCUREŞTI,"Pe malul sudic al Lacului Pantelimon, lac şi Şos. Gării Căţelu, la cca. 500 m de intersecţia acesteia cu Şos. Pantelimon cu Bd. Biruinţei; carou cadastral 11' - O'P' şi 13 - 14; O'P', R'S'(*)","între sec. II - I a. Chr., Latène şi 12';"
79,B-I-m-B-17882.03,Aşezare,municipiul BUCUREŞTI,"Pe malul sudic al Lacului Pantelimon, lac şi Şos. Gării Căţelu, la cca. 500 m de intersecţia acesteia cu Şos. Pantelimon cu Bd. Biruinţei; carou cadastral 11' - O'P' şi 13 - 14; O'P', R'S'(*)","între Epoca bronzului, Cultura Glina III şi 12';"
80,B-I-s-B-17883,Căţelu Nou,municipiul BUCUREŞTI,"Pe malul sudic al Lacului Pantelimon, lac şi Şos. Gării Căţelu; carou cadastral 14; R'S'(*)",între 13 -
81,B-I-m-B-17883.01,Aşezare,municipiul BUCUREŞTI,"Pe malul sudic al Lacului Pantelimon, lac şi Şos. Gării Căţelu; carou cadastral 14; R'S'(*)",între sec. VI - VII p. Chr. 13 -
82, B-I-m-B-17883.02, Aşezare, municipiul BUCUREŞTI," Pe malul sudic al Lacului Pantelimon, lac şi Şos. Gării Căţelu; carou cadastral 14; R'S'(*)", între sec. II - III p. Chr. 13 -
83,B-I-m-B-17883.03 B-I-m-B-17883.04,Aşezare Aşezare,municipiul BUCUREŞTI municipiul BUCUREŞTI,"Pe malul sudic al Lacului Pantelimon, lac şi Şos. Gării Căţelu; carou cadastral 14; R'S'(*) Pe malul sudic al Lacului Pantelimon,",între Latène 13 - între Hallstatt
85,B-I-m-B-17883.05,Aşezare,municipiul BUCUREŞTI,"Pe malul sudic al Lacului Pantelimon, lac şi Şos. Gării Căţelu; carou cadastral 14; R'S'(*)","între Epoca bronzului, Cultura 13 - Tei"
86,B-I-m-B-17883.06,Aşezare,municipiul BUCUREŞTI,"Pe malul sudic al Lacului Pantelimon, lac şi Şos. Gării Căţelu; carou cadastral 14; R'S'(*)","între Epoca bronzului, Cultura 13 - Glina III"
87,B-I-m-B-17883.07,Aşezare,municipiul BUCUREŞTI,"Pe malul sudic al Lacului Pantelimon, lac şi Şos. Gării Căţelu; carou cadastral 14; R'S'(*)","între Neolitic, Cultura Boian 13 -"
88,B-I-s-A-17884,Mănăstirea Chiajna - Giuleşti,municipiul BUCUREŞTI,"Cartierul Giuleşti, pe malul nordic al Dâmboviţei, suprapus de Şoseaua de centură şi de str. Poiana Trestiei; carou cadastral 3 - 4; UT(*)",
89,B-I-m-A-17884.01,Ruinele mănăstirii Chiajna,municipiul BUCUREŞTI,"Cartierul Giuleşti, pe malul nordic al Dâmboviţei, suprapus de Şoseaua de centură şi de str. Poiana Trestiei; carou cadastral 3 - 4; UT(*)",sec. XVIII
90,B-I-m-A-17884.02,Aşezare,municipiul BUCUREŞTI,"Cartierul Giuleşti, pe malul nordic al Dâmboviţei, suprapus de Şoseaua de centură şi de str. Poiana Trestiei; carou cadastral 3 - 4; UT(*)",sec. XVIII
91,B-I-m-A-17884.03,Aşezare,municipiul BUCUREŞTI,"Cartierul Giuleşti, pe malul nordic al Dâmboviţei, suprapus de Şoseaua de centură şi de str. Poiana Trestiei; carou",sec. IX - XI
92,B-I-m-A-17884.04,Aşezare,municipiul BUCUREŞTI,"Cartierul Giuleşti, pe malul nordic al Dâmboviţei, suprapus de Şoseaua de centură şi de str. Poiana Trestiei; carou cadastral 3 - 4; UT(*)",sec. III - IV p. Chr.
93,B-I-m-A-17884.05,Aşezare,municipiul BUCUREŞTI,"Cartierul Giuleşti, pe malul nordic al Dâmboviţei, suprapus de Şoseaua de centură şi de str. Poiana Trestiei; carou cadastral 3 - 4; UT(*)","Epoca bronzului, Cultura Tei"
94,B-I-m-A-17884.06,Aşezare,municipiul BUCUREŞTI,"Cartierul Giuleşti, pe malul nordic al Dâmboviţei, suprapus de Şoseaua de centură şi de str. Poiana Trestiei; carou cadastral 3 - 4; UT(*)","Neolitic, Cultura Boian"
95,B-I-s-A-17886,Militari - Câmpul Boja,municipiul BUCUREŞTI,"Cartierul Militari, pe malul sudic al Lacului Dâmboviţa, între Aleea Lacul Morii la str. Dâmboviţei la S, străpuns de canalul Argeş spre V; carou cadastral 9 - 10 şi 12; PO 11 - 12; NM(*)", N şi 11 -
96,B-I-m-A-17886.01,Aşezare,municipiul BUCUREŞTI,"Cartierul Militari, pe malul sudic al Lacului Dâmboviţa, între Aleea Lacul Morii la str. Dâmboviţei la S, străpuns de canalul Argeş spre V; carou cadastral 9 - 10 şi 12; PO 11 - 12; NM(*)",sec. XVIII - XIX N şi 11 -
97,B-I-m-A-17886.02,Aşezare,municipiul BUCUREŞTI,"Cartierul Militari, pe malul sudic al Lacului Dâmboviţa, între Aleea Lacul Morii la str. Dâmboviţei la S, străpuns de canalul Argeş spre V; carou cadastral 9 - 10 şi",sec. IX N şi 11 -
98,B-I-m-A-17886.03,Aşezare,municipiul BUCUREŞTI,"Cartierul Militari, pe malul sudic al Lacului Dâmboviţa, între Aleea Lacul Morii la str. Dâmboviţei la S, străpuns de canalul Argeş spre V; carou cadastral 9 - 10 şi 12; PO 11 - 12; NM(*)",sec. VI - VII p. Chr. N şi 11 -
99,B-I-m-A-17886.04,Aşezare,municipiul BUCUREŞTI,"Cartierul Militari, pe malul sudic al Lacului Dâmboviţa, între Aleea Lacul Morii la str. Dâmboviţei la S, străpuns de canalul Argeş spre V; carou cadastral 9 - 10 şi 12; PO 11 - 12; NM(*)",sec. III p. Chr. N şi 11 -
100,B-I-m-A-17886.05,Aşezare,municipiul BUCUREŞTI,"Cartierul Militari, pe malul sudic al Lacului Dâmboviţa, între Aleea Lacul Morii la str. Dâmboviţei la S, străpuns de canalul Argeş spre V; carou cadastral 9 - 10 şi 12; PO 11 - 12; NM(*)",sec. IV - III a. Chr. N şi 11 -
101,B-I-m-A-17886.06,Aşezare,municipiul BUCUREŞTI,"Cartierul Militari, pe malul sudic al Lacului Dâmboviţa, între Aleea Lacul Morii la str. Dâmboviţei la S, străpuns de canalul Argeş spre V; carou cadastral 9 - 10 şi 12; PO 11 - 12; NM(*)","Epoca bronzului, Cultura N şi Tei 11 -"
102,B-I-m-A-17886.07 B-I-m-A-17886.08,Aşezare Aşezare,municipiul BUCUREŞTI municipiul BUCUREŞTI,"Cartierul Militari, pe malul sudic al Lacului Dâmboviţa, între Aleea Lacul Morii la str. Dâmboviţei la S, străpuns de canalul Argeş spre V; carou cadastral 9 - 10 şi 12; PO 11 - 12; NM(*) Cartierul Militari, pe malul sudic al Lacului","Epoca bronzului, Cultura N şi Glina III 11 - Neolitic"
104,B-I-s-A-17887,Dealul Ciurel,municipiul BUCUREŞTI,"Cartierul Militari, pe malul sud-estic al Lacului Dâmboviţa, între acesta, str. Dâmboviţa la S şi Şos. Virtuţii la E; carou cadastral 11 - 12; NM(*)",
105,B-I-m-A-17887.01,Aşezare,municipiul BUCUREŞTI,"Cartierul Militari, pe malul sud-estic al Lacului Dâmboviţa, între acesta, str. Dâmboviţa la S şi Şos. Virtuţii la E; carou cadastral 11 - 12; NM(*)",sec. XVI - XVII
106,B-I-m-A-17887.02,Aşezare,municipiul BUCUREŞTI,"Cartierul Militari, pe malul sud-estic al Lacului Dâmboviţa, între acesta, str. Dâmboviţa la S şi Şos. Virtuţii la E; carou cadastral 11 - 12; NM(*)",sec. IX - XI
107,B-I-m-A-17887.03,Aşezare,municipiul BUCUREŞTI,"Cartierul Militari, pe malul sud-estic al Lacului Dâmboviţa, între acesta, str. Dâmboviţa la S şi Şos. Virtuţii la E; carou cadastral 11 - 12; NM(*)",sec. VI - VII
108, B-I-m-A-17887.04, Aşezare, municipiul BUCUREŞTI," Cartierul Militari, pe malul sud-estic al Lacului Dâmboviţa, între acesta, str. Dâmboviţa la S şi Şos. Virtuţii la E; carou cadastral 11 - 12; NM(*)", Latène
109,B-I-m-A-17887.05,Necropolă,municipiul BUCUREŞTI,"Cartierul Militari, pe malul sud-estic al Lacului Dâmboviţa, între acesta, str. Dâmboviţa la S şi Şos. Virtuţii la E; carou",Hallstatt
110,B-I-m-A-17887.06,Aşezare,municipiul BUCUREŞTI,"Cartierul Militari, pe malul sud-estic al Lacului Dâmboviţa, între acesta, str. Dâmboviţa la S şi Şos. Virtuţii la E; carou cadastral 11 - 12; NM(*)","Epoca bronzului, Cultura Glina III"
111,B-I-s-B-17888,Universitatea Politehnică din Bucureşti,municipiul BUCUREŞTI,"Între bd. Iuliu Maniu la S, Universitatea Politehnică la N şi str. Baia de Arieş la carou cadastral 13 - 14; LK(*)", V;
112,B-I-m-B-17888.01,Necropolă,municipiul BUCUREŞTI,"Între bd. Iuliu Maniu la S, Universitatea Politehnică la N şi str. Baia de Arieş la carou cadastral 13 - 14; LK(*)",sec. XVI - XVIII V;
113,B-I-m-B-17888.02,Aşezare,municipiul BUCUREŞTI,"Între bd. Iuliu Maniu la S, Universitatea Politehnică la N şi str. Baia de Arieş la carou cadastral 13 - 14; LK(*)",sec. XVI - XVIII V;
114, B-I-m-B-17888.03, Aşezare, municipiul BUCUREŞTI," Între bd. Iuliu Maniu la S, Universitatea Politehnică la N şi str. Baia de Arieş la carou cadastral 13 - 14; LK(*)", Epoca bronzului V;
115,B-I-s-B-17889,Tunel de refugiu al Conacului Golescu Grant,municipiul BUCUREŞTI,"Str. Ţibleş 64, pe malul stâng al Dâmboviţei, între str. Zinca Golescu şi Adrian Fulga; carou cadastral 9 - 10; IH(*)",sec. XVIII - XIX str.
116,B-I-s-B-17890,Vatra satului Cotroceni,municipiul BUCUREŞTI,"Cartierul Cotroceni, pe malul drept al Dâmboviţei, între Bd. Iuliu Maniu şi Vasile Milea la S şi Şos. Grozăveşti la E; carou cadastral 13 - 14; IH(*)",sec. XVI
117, B-I-s-B-17891, Mănăstirea Antim - necropolă, municipiul BUCUREŞTI," Între str. Justiţiei, George Georgescu Antim Ivireanu; carou cadastral 15 - 16;", şi sec. XVIII-XIX
118,B-I-s-B-17892,Piaţa Unirii,municipiul BUCUREŞTI,În Piaţa Unirii; carou cadastral 15 - 16; CB(*),
119,B-I-m-B-17892.01,Vestigiile Palatului Brâncoveanu,municipiul BUCUREŞTI,În Piaţa Unirii; carou cadastral 15 - 16; CB(*),sec. XVII - XVIII
120,B-I-m-B-17892.02,Aşezare,municipiul BUCUREŞTI,În Piaţa Unirii; carou cadastral 15 - 16; CB(*),sec. IX - XI
121,B-I-s-B-17893,Piaţa Universităţii,municipiul BUCUREŞTI,În Piaţa Universităţii; carou cadastral 14; CB(*),13 -
122,B-I-m-B-17893.01,"Fundaţiile ansamblului ""Sf. Sava""",municipiul BUCUREŞTI,În Piaţa Universităţii; carou cadastral 14; CB(*),13 - sec. XVII - XVIII
123,B-I-m-B-17893.02,Necropolă,municipiul BUCUREŞTI,În Piaţa Universităţii; carou cadastral 14; CB(*),13 - sec. XVI - XVII
124,B-I-s-B-17894,"Bd. I. C. Brătianu, nr. 1",municipiul BUCUREŞTI,Sub carosabilul Bd. I. C. Brătianu şi în curtea Spitalului Colţea; carou cadastral - 14; CB(*), 13
125,B-I-m-B-17894.01,Fundaţiile turnului Colţea,municipiul BUCUREŞTI,Sub carosabilul Bd. I. C. Brătianu şi în curtea Spitalului Colţea; carou cadastral - 14; CB(*), 13
126,B-I-m-B-17894.02,Necropolă,municipiul BUCUREŞTI,Sub carosabilul Bd. I. C. Brătianu şi în curtea Spitalului Colţea; carou cadastral - 14; CB(*),sec. XVIII - XIX 13
127,B-I-s-B-17895 B-I-m-B-17895.01,Biserica Sf. Gheorghe Nou Necropolă,municipiul BUCUREŞTI municipiul BUCUREŞTI,"Între Bd. I. C. Brătianu, str. Lipscani, Băniei şi Cavafii Vechi; carou cadastral 13 - 14; AA'(*) Între Bd. I. C. Brătianu, str. Lipscani, Băniei", Epoca medievală
129,B-I-m-B-17895.02,Fundaţiile caselor egumeneşti,municipiul BUCUREŞTI,"Între Bd. I. C. Brătianu, str. Lipscani, Băniei şi Cavafii Vechi; carou cadastral 13 - 14; AA'(*)",sec. XVII
130,B-I-m-B-17895.03,"Fundaţiile hanului ""Sf. Gheorghe Nou""",municipiul BUCUREŞTI,"Între Bd. I. C. Brătianu, str. Lipscani, Băniei şi Cavafii Vechi; carou cadastral 13 - 14; AA'(*)",sec. XVII
131,B-I-s-A-17896,Curtea Veche,municipiul BUCUREŞTI,Între str. Covaci şi str. Franceză; carou cadastral 13 - 14; CB(*),
132,B-I-m-A-17896.01,Ruinele Palatului domnesc,municipiul BUCUREŞTI,Între str. Covaci şi str. Franceză; carou cadastral 13 - 14; CB(*),sec. XV - XVIII
133,B-I-m-A-17896.02,Fundaţiile cetăţii Bucureştilor,municipiul BUCUREŞTI,Între str. Covaci şi str. Franceză; carou cadastral 13 - 14; CB(*),sec. XV
134,B-I-m-A-17896.03,Aşezare,municipiul BUCUREŞTI,Între str. Covaci şi str. Franceză; carou cadastral 13 - 14; CB(*),sec. IX - XI
135,B-I-m-A-17896.04,Aşezare,municipiul BUCUREŞTI,Între str. Covaci şi str. Franceză; carou cadastral 13 - 14; CB(*),sec. VI - VII
136, B-I-m-A-17896.05, Aşezare, municipiul BUCUREŞTI, Între str. Covaci şi str. Franceză; carou cadastral 13 - 14; CB(*), sec. III - IV
137, B-I-m-A-17896.06, Aşezare, municipiul BUCUREŞTI, Între str. Covaci şi str. Franceză; carou cadastral 13 - 14; CB(*), Latène
138,B-I-m-A-17896.07 B-I-m-A-17896.08,Aşezare Aşezare,municipiul BUCUREŞTI municipiul BUCUREŞTI,Între str. Covaci şi str. Franceză; carou cadastral 13 - 14; CB(*) Între str. Covaci şi str. Franceză; carou,Epoca bronzului Neolitic
140,B-I-s-B-17897,Piaţa de Flori - fundaţiile Bisericii Sf. Anton,municipiul BUCUREŞTI,Între str. Şepcari şi str. Franceză; carou cadastral 13 - 14; CB(*),prima jum. sec. XVIII
141,B-I-s-B-17898,Dealul Patriarhiei,municipiul BUCUREŞTI,"Pe malul drept al Dâmboviţei, la E de Regina Maria, suprapus de Aleea Dealul Mitropoliei şi de str. Patriarhiei; carou cadastral 15 - 16; CB(*)",Bd.
142,B-I-m-B-17898.01,Necropolă,municipiul BUCUREŞTI,"Pe malul drept al Dâmboviţei, la E de Regina Maria, suprapus de Aleea Dealul Mitropoliei şi de str. Patriarhiei; carou cadastral 15 - 16; CB(*)",Bd. sec. XVII - XIX
143,B-I-m-B-17898.02,Aşezare,municipiul BUCUREŞTI,"Pe malul drept al Dâmboviţei, la E de Regina Maria, suprapus de Aleea Dealul Mitropoliei şi de str. Patriarhiei; carou cadastral 15 - 16; CB(*)","Bd. Epoca bronzului, Cultura Glina III"
144,B-I-s-B-17899,Dealul Radu Vodă,municipiul BUCUREŞTI,"Pe malul drept al Dâmboviţei, între Bd. Mărăşeşti, Splaiul Unirii şi str. Oiţelor; carou cadastral 15 - 16; AA'(*)",
145,B-I-m-B-17899.01,Necropolă,municipiul BUCUREŞTI,"Pe malul drept al Dâmboviţei, între Bd. Mărăşeşti, Splaiul Unirii şi str. Oiţelor; carou cadastral 15 - 16; AA'(*)",sec. XV - XVIII
146,B-I-m-B-17899.02,Aşezare,municipiul BUCUREŞTI,"Pe malul drept al Dâmboviţei, între Bd. Mărăşeşti, Splaiul Unirii şi str. Oiţelor; carou cadastral 15 - 16; AA'(*)",a doua jum. sec. XV - sec. XVI
147, B-I-m-B-17899.03, Aşezare, municipiul BUCUREŞTI," Pe malul drept al Dâmboviţei, între Bd. Mărăşeşti, Splaiul Unirii şi str. Oiţelor;", sec. IX - XI
148,B-I-m-B-17899.04,Aşezare,municipiul BUCUREŞTI,"Pe malul drept al Dâmboviţei, între Bd. Mărăşeşti, Splaiul Unirii şi str. Oiţelor; carou cadastral 15 - 16; AA'(*)",sec. VI - VII
149, B-I-m-B-17899.05, Aşezare, municipiul BUCUREŞTI," Pe malul drept al Dâmboviţei, între Bd. Mărăşeşti, Splaiul Unirii şi str. Oiţelor; carou cadastral 15 - 16; AA'(*)", sec. IV
150,B-I-m-B-17899.06,Aşezare,municipiul BUCUREŞTI,"Pe malul drept al Dâmboviţei, între Bd. Mărăşeşti, Splaiul Unirii şi str. Oiţelor; carou cadastral 15 - 16; AA'(*)",Latène
151,B-I-m-B-17899.07,Aşezare,municipiul BUCUREŞTI,"Pe malul drept al Dâmboviţei, între Bd. Mărăşeşti, Splaiul Unirii şi str. Oiţelor; carou cadastral 15 - 16; AA'(*)","Epoca bronzului, Cultura Glina III"
152,B-I-s-B-17900,Biserica Răsvan,municipiul BUCUREŞTI,"Între Calea Moşilor, str. Cavafii Vechi Florescu; carou cadastral 13 - 14; AA'(*)",şi
153,B-I-m-B-17900.01,Necropolă,municipiul BUCUREŞTI,"Între Calea Moşilor, str. Cavafii Vechi Florescu; carou cadastral 13 - 14; AA'(*)",şi sec. XVII - XIX
154,B-I-m-B-17900.02,Aşezare meşteşugărească,municipiul BUCUREŞTI,"Între Calea Moşilor, str. Cavafii Vechi Florescu; carou cadastral 13 - 14; AA'(*)",şi sec. XV - XVI
155,B-I-s-B-17901,Biserica Slobozia,municipiul BUCUREŞTI,"Str. Leon Vodă, nr. 3, la intersecţia Bd. Mărăşeşti cu Bd. Dimitrie Cantemir şi Calea Şerban Vodă; carou cadastral 15 16; CB(*)", -
156, B-I-m-B-17901.01," Mormântul colectiv al bătăliei din 1631, condusă de Matei Aga din", municipiul BUCUREŞTI," Str. Leon Vodă, nr. 3, la intersecţia Bd. Mărăşeşti cu Bd. Dimitrie Cantemir şi Calea Şerban Vodă; carou cadastral 15", -
157,B-I-m-B-17901.02,Necropolă,municipiul BUCUREŞTI,"Str. Leon Vodă, nr. 3, la intersecţia Bd. Mărăşeşti cu Bd. Dimitrie Cantemir şi Calea Şerban Vodă; carou cadastral 15 16; CB(*)",sec. XVII - XIX -
158,B-I-m-B-17901.03,Aşezare,municipiul BUCUREŞTI,"Str. Leon Vodă, nr. 3, la intersecţia Bd. Mărăşeşti cu Bd. Dimitrie Cantemir şi Calea Şerban Vodă; carou cadastral 15 16; CB(*)",sec. XVII - XIX -
159,B-I-s-B-17902,Foişorul Mavrocordaţilor,municipiul BUCUREŞTI,"Pe malul stâng al Dâmboviţei, spre str. Brânduşelor, la intersecţia str. Foişorului cu Reîntregirii; carou cadastral 17 - 18; B'C'(*)",
160,B-I-m-B-17902.01,Fundaţiile casei Mavrocordaţilor,municipiul BUCUREŞTI,"Pe malul stâng al Dâmboviţei, spre str. Brânduşelor, la intersecţia str. Foişorului cu Reîntregirii; carou cadastral 17 - 18; B'C'(*)",sec. XVIII
161, B-I-m-B-17902.02, Necropolă, municipiul BUCUREŞTI," Pe malul stâng al Dâmboviţei, spre str. Brânduşelor, la intersecţia str. Foişorului cu Reîntregirii; carou cadastral 17 - 18; B'C'(*)", sec. XVIII - XIX
162,B-I-m-B-17902.03 B-I-m-B-17902.04,Aşezare Aşezare,municipiul BUCUREŞTI municipiul BUCUREŞTI,"Pe malul stâng al Dâmboviţei, spre str. Brânduşelor, la intersecţia str. Foişorului cu Reîntregirii; carou cadastral 17 - 18; B'C'(*) Pe malul stâng al Dâmboviţei, spre str.",sec. XVII - XIX sec. VI - VII
164,B-I-s-B-17903,Biserica Dobroteasa,municipiul BUCUREŞTI,"Între Calea Văcăreşti, str. V. Stanciu şi Piscului; carou cadastral 17 - 18; AA'(*)",
165,B-I-m-B-17903.01,Necropolă,municipiul BUCUREŞTI,"Între Calea Văcăreşti, str. V. Stanciu şi Piscului; carou cadastral 17 - 18; AA'(*)",sec. XVI - XVIII
166,B-I-m-B-17903.02,Aşezare,municipiul BUCUREŞTI,"Între Calea Văcăreşti, str. V. Stanciu şi Piscului; carou cadastral 17 - 18; AA'(*)",sec. XVI - XVIII
167,B-I-s-A-17904,Dealul Piscului,municipiul BUCUREŞTI,"Parcul Tineretului, pe malul drept al Dâmboviţei, între Lacul Tineretului la str. Dâmbului la S; carou cadastral 19 şi 21 - 22; AA'(*)"," NV, - 20"
168,B-I-m-A-17904.01,Necropolă,municipiul BUCUREŞTI,"Parcul Tineretului, pe malul drept al Dâmboviţei, între Lacul Tineretului la str. Dâmbului la S; carou cadastral 19 şi 21 - 22; AA'(*)","sec. XIV - XVI NV, - 20"
169,B-I-m-A-17904.02,Necropolă,municipiul BUCUREŞTI,"Parcul Tineretului, pe malul drept al Dâmboviţei, între Lacul Tineretului la str. Dâmbului la S; carou cadastral 19 şi 21 - 22; AA'(*)","sec. III - IV NV, - 20"
170,B-I-m-A-17904.03 B-I-m-B-17904.04,Aşezare Aşezare,municipiul BUCUREŞTI municipiul BUCUREŞTI,"Parcul Tineretului, pe malul drept al Dâmboviţei, între Lacul Tineretului la str. Dâmbului la S; carou cadastral 19 şi 21 - 22; AA'(*) Parcul Tineretului, pe malul drept al","sec. IX - XI NV, - 20 Latène"
172,B-I-m-A-17904.05,Aşezare,municipiul BUCUREŞTI,"Parcul Tineretului, pe malul drept al Dâmboviţei, între Lacul Tineretului la str. Dâmbului la S; carou cadastral 19 şi 21 - 22; AA'(*)","Epoca bronzului, Cultura NV, Tei - 20"
173, B-I-m-A-17904.06, Aşezare, municipiul BUCUREŞTI," Parcul Tineretului, pe malul drept al Dâmboviţei, între Lacul Tineretului la str. Dâmbului la S; carou cadastral 19 şi 21 - 22; AA'(*)"," Neolitic NV, - 20"
174,B-I-s-B-17905,Mărţişor,municipiul BUCUREŞTI,"Cartierul Văcăreşti, pe malul drept al Dâmboviţei, între Calea Văcăreşti, str. Mărţişor şi Simigiului; carou cadastral 22; B'C'(*)", 21 -
175,B-I-m-B-17905.01,Necropolă,municipiul BUCUREŞTI,"Cartierul Văcăreşti, pe malul drept al Dâmboviţei, între Calea Văcăreşti, str. Mărţişor şi Simigiului; carou cadastral 22; B'C'(*)",sec. XVIII 21 -
176,B-I-m-B-17905.02,Aşezare,municipiul BUCUREŞTI,"Cartierul Văcăreşti, pe malul drept al Dâmboviţei, între Calea Văcăreşti, str. Mărţişor şi Simigiului; carou cadastral 22; B'C'(*)",sec. XVIII 21 -
177,B-I-m-B-17905.03 B-I-s-B-17906,Aşezare Lunca Bârzeşti,municipiul BUCUREŞTI municipiul BUCUREŞTI,"Cartierul Văcăreşti, pe malul drept al Dâmboviţei, între Calea Văcăreşti, str. Mărţişor şi Simigiului; carou cadastral 22; B'C'(*) Pe malul drept al Dâmboviţei, imediat",Latène 21 - la N
179,B-I-m-B-17906.01,Aşezare,municipiul BUCUREŞTI,"Pe malul drept al Dâmboviţei, imediat de str. Săvineşti; carou cadastral 23 - D'E'(*)",la N sec. XVIII - XIX 24;
180,B-I-m-B-17906.02,Aşezare,municipiul BUCUREŞTI,"Pe malul drept al Dâmboviţei, imediat de str. Săvineşti; carou cadastral 23 - D'E'(*)",la N sec. VI p. Chr. 24;
181,B-I-m-B-17906.03,Aşezare,municipiul BUCUREŞTI,"Pe malul drept al Dâmboviţei, imediat de str. Săvineşti; carou cadastral 23 - D'E'(*)",la N sec. II - IV p. Chr. 24;
182,B-I-m-B-17906.04,Aşezare,municipiul BUCUREŞTI,"Pe malul drept al Dâmboviţei, imediat de str. Săvineşti; carou cadastral 23 - D'E'(*)","la N Epoca bronzului, Cultura 24; Tei"
183, B-I-s-B-17907, CET Dudeşti, municipiul BUCUREŞTI," Cartierul Titan, pe malul stâng al Dâmboviţei, la E de C.E.T. Dudeşti, suprapus de str. Drumul Lunca Dochiei, Drumul Lunca Veche, Drumul Lunca Cetăţii, Drumul Mierii şi Drumul Malul Spart; carou cadastral 23 - 24; AA' şi B'C'(*)",
184,B-I-m-B-17907.01,Aşezare,municipiul BUCUREŞTI,"Cartierul Titan, pe malul stâng al Dâmboviţei, la E de C.E.T. Dudeşti, suprapus de str. Drumul Lunca Dochiei, Drumul Lunca Veche, Drumul Lunca Cetăţii, Drumul Mierii şi Drumul Malul Spart; carou cadastral 23 - 24; AA' şi",Latène
185,B-I-m-B-17907.02,Aşezare,municipiul BUCUREŞTI,"Cartierul Titan, pe malul stâng al Dâmboviţei, la E de C.E.T. Dudeşti, suprapus de str. Drumul Lunca Dochiei, Drumul Lunca Veche, Drumul Lunca Cetăţii, Drumul Mierii şi Drumul Malul Spart; carou cadastral 23 - 24; AA' şi B'C'(*)","Epoca bronzului, Cultura Glina III"
186,B-I-m-B-17908,Ruinele Hanului Stavropoleos,municipiul BUCUREŞTI,Str. Poştei colţ cu str. Stavropoleos,1722 - 1724
187,B-II-s-A-17909,Centrul istoric,municipiul BUCUREŞTI,"Delimitare: la Nord - Bd. Elisabeta (de intersecţia cu Calea Victoriei), Bd. Carol (până la intersecţia cu str. Hristo Botev); Est - str. Hristo Botev (de la intersecţia Bd. Carol până la intersecţia cu Bd. Corneliu Coposu); la Sud - Bd. Corneliu Coposu (de la intersecţia cu str. Hristo Botev), Splaiul Independenţei (până la intersecţia cu Calea Victoriei); la Vest: Calea Victoriei (de la intersecţia cu Splaiul Independenţei până la intersecţia cu Elisabeta)",la sec. XVI - XX la cu Bd.
188,B-II-s-B-17910,Sit I,municipiul BUCUREŞTI,Splaiul Independenţei - str. Vasile Pârvan str. Berzei - str. Buzeşti - str. Sevastopol str. Grigore Alexandrescu - str. Polonă str. Mihai Eminescu - str. Traian - str. Nan - str. Țepeș Vodă - str. Traian - str. Maximilian Popper - str. Anton Pann - Halelor,- - - Popa dr. Bd.
189,B-II-s-B-17911,Sit II,municipiul BUCUREŞTI,Splaiul Independenţei - Bd. Libertăţii Piaţa Maria - Bd. George Coşbuc - str. Gazelei - str. Mitropolit Filaret - Piaţa Filaret - str. Dr. C. Istrati - Piaţa Libertăţii Bd. Mărăşeşti - Bd. Dimitrie Cantemir Piaţa Unirii - str. Halelor,- Gării - -
190, B-II-s-B-17912, Sit III, municipiul BUCUREŞTI, Splaiul Independenţei - Piaţa Unirii - Bd. Unirii - Bd. Libertăţii,
191,B-II-s-B-17913,Parcelarea Bazilescu,municipiul BUCUREŞTI,Bd. Laminorului - str. Fabrica de Cărămidă -str. Elocinţei - str. Neajlovului - str. Coralilor - str. Piatra Morii - Bd. Gloriei str. Triumfului - str. Lăstărişului - str. Mandolinei - str. Renaşterii - Şos. Chitila,sf. sec. XIX - prima jum. sec. XX -
192,B-II-s-B-17914,Parcelarea Grant,municipiul BUCUREŞTI,Şos. Giuleşti - str. Alizeului - str. Dr. Cristian Pascal - str. Chibzuinţei - str. Larisa - str. Stoica Vizitiul - Bd. Regiei - Şos. Orhideelor,1912
193,B-II-s-B-17915,Parcelarea Progresul,municipiul BUCUREŞTI,Şos. Giurgiului - str. Turnu Măgurele - Pogoanelor - Drumul Bercenarului,str. prima jum. sec. XX
194,B-II-s-B-17916,Parcelarea Dristor,municipiul BUCUREŞTI,Str. Caloian Judeţul - str. lt. Aurel Botea str. Dristor - Intr. Amazoanei - str. Cerceluş - str. Diligenţei - str. Negoiu,- 1915 - 1919
195,B-II-s-B-17917,Parcelarea Călăraşi-Hârjeu,municipiul BUCUREŞTI,Piaţa Eudoxiu Hurmuzachi - Bd. Basarabia - str. Arh. D. Hârjeu - str. Arh. Gheorghe Sterian - str. Maior Coravu - Şos. Mihai,1926
196,B-II-s-B-17918,Parcelarea Iancului,municipiul BUCUREŞTI,Şos. Iancului - str. Lt. Victor Manu - str. Vatra Luminoasă - str. Dr. mr. Laurenţiu Claudian,1913
197, B-II-s-B-17919, Parcelarea Iancului, municipiul BUCUREŞTI, Str. Gheorghe Folescu - str. Vatra Luminoasă - str. Sarafineşti - Şos. Iancului, prima jum. sec. XX
198,B-II-s-B-17920,"Parcelarea Gara Obor, fostă Ferdinand I",municipiul BUCUREŞTI,Str. Baicului - Bd. Gara Obor - Bd. Ferdinand - str. Eufrosin Poteca,înc. sec. XX
199,B-II-s-B-17921,Parcelarea Negroponte,municipiul BUCUREŞTI,Calea Floreasca - str. Glucozei - str. Rahmaninov - str. Grădiştea Floreştilor,prima jum. sec. XX
200,B-II-s-B-17922,Parcelarea Fabrica de Chibrituri,municipiul BUCUREŞTI,Str. Fabrica de Chibrituri - Şos. Viilor (parţial) - Intr. Învoirii,sf. sec. XIX
201,B-II-s-B-17923,Parcelarea Villacrosse,municipiul BUCUREŞTI,Str. Băniei - str. Cavafii Vechi - str. Colţei Bd. I. C. Brătianu,- 1848
202,B-II-s-A-17924,Parcelarea Jianu-Bordei (U.C.B.),municipiul BUCUREŞTI,Str. Armindenului - str. Jean Monet - Mircea Eliade - Bd. Aviatorilor,Bd. prima jum. sec. XX
203,B-II-s-B-17925,Parcelarea Dorobanţi,municipiul BUCUREŞTI,Bd. Aviatorilor - Bd. Iancu de Hunedoara Calea Dorobanţilor - str. Ermil Pangratti str. Aviator Gh. Demetriade - Piaţa Aviatorilor,- prima jum. sec. XX -
204, B-II-s-B-17926, Parcelarea Pieptănari, municipiul BUCUREŞTI, Str. Ion Băiculescu - Şos. Viilor - str. Dumitru Botez - str. Constantin Mănescu- Bd. Pieptănari - str. Tudor Dragu, prima jum. sec. XX
205,B-II-s-B-17927 B-II-s-B-17928,Parcelarea Şerban Vodă Parcelarea Verzişori,municipiul BUCUREŞTI municipiul BUCUREŞTI,Calea Şerban Vodă - str. soldat Ilie Şerban - str. Nicopole Str. Verzișori,prima jum. sec. XX înc. sec. XIX
207,B-II-m-B-17929,Casa Nifon Mitropolitul,municipiul BUCUREŞTI,Str. 11 iunie 2 sector 4,sf. sec. XIX
208,B-II-m-B-17930,Imobil (PMB),municipiul BUCUREŞTI,"Str. Academiei 3-5 sector 1, Bd. Elisabeta 15-19",sf. sec. XIX
209,B-II-m-A-17931,Biserica „Sf. Nicolae“ - Dintr-o zi,municipiul BUCUREŞTI,Str. Academiei 22 sector 1,"1702, 1915"
210,B-II-m-B-21008,Pasajul Generala,municipiul BUCUREŞTI,Str. Academiei 39-41 sector 1,1935 - 1939
211,B-II-m-B-17932,Casă,municipiul BUCUREŞTI,Str. Afluentului 30 sector 1,1900
212,B-II-m-B-17933,Casă,municipiul BUCUREŞTI,Str. Albac 25 sector 1,prima jum. sec. XX
213, B-II-m-B-17939, Casa Gh. Cantacuzino, municipiul BUCUREŞTI, Str. Alecsandri Vasile 1-3 sector 1, 1935
214, B-II-m-B-17940, Casă, municipiul BUCUREŞTI, Str. Alecsandri Vasile 5 sector 1, sf. sec. XIX - prima jum. sec. XX
215,B-II-m-B-17941,Casă,municipiul BUCUREŞTI,Str. Alecsandri Vasile 6 sector 1,sf. sec. XIX - prima jum. sec. XX
216,B-II-m-B-17942,Casă,municipiul BUCUREŞTI,Str. Alecsandri Vasile 7 sector 1,sf. sec. XIX - prima jum. sec. XX
217,B-II-m-B-17943 B-II-m-B-17944,Casă Casă,municipiul BUCUREŞTI municipiul BUCUREŞTI,Str. Alecsandri Vasile 8 sector 1 Str. Alecsandri Vasile 9 sector 1,sf. sec. XIX - prima jum. sec. XX sf. sec. XIX - prima jum.
219,B-II-m-B-17945,Casă,municipiul BUCUREŞTI,Str. Alecsandri Vasile 10 sector 1,sf. sec. XIX - prima jum. sec. XX
220,B-II-m-B-17946,Casă,municipiul BUCUREŞTI,Str. Alecsandri Vasile 13 sector 1,1900
221,B-II-m-B-17947,Muzeul Frederick şi Cecilia Cuţescu Storck,municipiul BUCUREŞTI,Str. Alecsandri Vasile 16 sector 1,1914
222,B-II-m-B-17948,Casă,municipiul BUCUREŞTI,Str. Alecsandri Vasile 18 sector 1,sf. sec. XIX - prima jum. sec. XX
223,B-II-m-B-17949,Casă,municipiul BUCUREŞTI,Str. Alecsandri Vasile 20 sector 1,sf. sec. XIX - prima jum. sec. XX
224,B-II-m-B-17950,Casa Iulia Constantinescu,municipiul BUCUREŞTI,Str. Alexandrescu Grigore 6 sector 1,sf. sec. XIX - prima jum. sec. XX
225,B-II-m-B-17951,Casă,municipiul BUCUREŞTI,Str. Alexandrescu Grigore 10 sector 1,sf. sec. XIX - prima jum. sec. XX
226, B-II-m-B-17952, Casă, municipiul BUCUREŞTI, Str. Alexandrescu Grigore 12 sector 1, sf. sec. XIX - prima jum. sec. XX
227, B-II-m-B-17953, Casă, municipiul BUCUREŞTI, Str. Alexandrescu Grigore 14 sector 1, sf. sec. XIX - prima jum. sec. XX
228,B-II-m-B-17954,Casă,municipiul BUCUREŞTI,Str. Alexandrescu Grigore 26 sector 1,sf. sec. XIX - prima jum. sec. XX
229,B-II-m-B-17955 B-II-m-B-17956,Casă Casă,municipiul BUCUREŞTI municipiul BUCUREŞTI,Str. Alexandrescu Grigore 28 sector 1 Str. Alexandrescu Grigore 32-34 sector,sf. sec. XIX - prima jum. sec. XX 1 sf. sec. XIX - prima jum.
231,B-II-m-B-17957,Casă,municipiul BUCUREŞTI,Str. Alexandrescu Grigore 39 sector 1,sf. sec. XIX - prima jum. sec. XX
232,B-II-m-B-17958,Casă,municipiul BUCUREŞTI,Aleea Alexandru 4 sector 1,prima jum. sec. XX
233,B-II-m-B-17959,Casă,municipiul BUCUREŞTI,Aleea Alexandru 5 sector 1,prima jum. sec. XX
234,B-II-m-B-17960,Casă,municipiul BUCUREŞTI,Aleea Alexandru 6 sector 1,prima jum. sec. XX
235,B-II-m-B-17961,Casă,municipiul BUCUREŞTI,Aleea Alexandru 7 sector 1,prima jum. sec. XX
236,B-II-m-B-17962,Casă,municipiul BUCUREŞTI,Aleea Alexandru 8 sector 1,prima jum. sec. XX
237, B-II-m-B-17963, Casă, municipiul BUCUREŞTI, Aleea Alexandru 14 sector 1, prima jum. sec. XX
238, B-II-m-B-17964, Casă, municipiul BUCUREŞTI, Aleea Alexandru 19 sector 1, prima jum. sec. XX
239,B-II-m-B-17965,Casă,municipiul BUCUREŞTI,Aleea Alexandru 22 sector 1,prima jum. sec. XX
240,B-II-m-B-17966,Casă,municipiul BUCUREŞTI,Aleea Alexandru 23 sector 1,prima jum. sec. XX
241,B-II-m-B-17967 B-II-m-B-17968,Casă Casă,municipiul BUCUREŞTI municipiul BUCUREŞTI,Aleea Alexandru 33 sector 1 Aleea Alexandru 34 sector 1,prima jum. sec. XX prima jum. sec. XX
243,B-II-m-B-17969,Casă,municipiul BUCUREŞTI,Aleea Alexandru 35 sector 1,prima jum. sec. XX
244,B-II-m-B-17970,Casă,municipiul BUCUREŞTI,Aleea Alexandru 37 sector 1,prima jum. sec. XX
245,B-II-m-B-17971,Casă,municipiul BUCUREŞTI,Aleea Alexandru 38 sector 1,prima jum. sec. XX
246,B-II-m-B-17972,Casă,municipiul BUCUREŞTI,Aleea Alexandru 40 sector 1,prima jum. sec. XX
247,B-II-m-B-17973,Casă,municipiul BUCUREŞTI,Aleea Alexandru 41 sector 1,prima jum. sec. XX
248,B-II-m-B-17974,Casă,municipiul BUCUREŞTI,Aleea Alexandru 43 sector 1,prima jum. sec. XX
249, B-II-m-B-17975, Casă, municipiul BUCUREŞTI, Aleea Alexandru 44 sector 1, prima jum. sec. XX
250,B-II-m-B-17976,Casă,municipiul BUCUREŞTI,Aleea Alexandru 45 sector 1,prima jum. sec. XX
251,B-II-m-B-17977,Casă,municipiul BUCUREŞTI,Aleea Alexandru 47 sector 1,prima jum. sec. XX
252,B-II-m-B-17978,Casă,municipiul BUCUREŞTI,Intr. Alexe Marin 2 sector 1,sf. sec. XIX - prima jum. sec. XX
253,B-II-m-B-17979 B-II-m-B-17980,Casă Casă,municipiul BUCUREŞTI municipiul BUCUREŞTI,Intr. Alexe Marin 5 sector 1 Intr. Alexe Marin 6 sector 1,sf. sec. XIX - prima jum. sec. XX sf. sec. XIX - prima jum.
255,B-II-m-B-17981,Casă,municipiul BUCUREŞTI,Intr. Alexe Marin 8 sector 1,sf. sec. XIX - prima jum. sec. XX
256,B-II-m-B-17982,Casă,municipiul BUCUREŞTI,Str. Aman Theodor pictor 1 sector 1,sf. sec. XIX
257,B-II-m-B-17983,Casă,municipiul BUCUREŞTI,Str. Aman Theodor pictor 2 sector 1,sf. sec. XIX
258,B-II-m-B-17984,Casă,municipiul BUCUREŞTI,Str. Aman Theodor pictor 3-5 sector 1,sf. sec. XIX
259,B-II-m-B-17985,Casă,municipiul BUCUREŞTI,Str. Aman Theodor pictor 4 sector 1,sf. sec. XIX
260,B-II-m-B-17986,Casă,municipiul BUCUREŞTI,Str. Aman Theodor pictor 6 sector 1,sf. sec. XIX
261, B-II-m-B-17987, Casă, municipiul BUCUREŞTI, Str. Aman Theodor pictor 8 sector 1, sf. sec. XIX
262, B-II-m-B-17988, Casă, municipiul BUCUREŞTI, Str. Aman Theodor pictor 9A sector 1, sf. sec. XIX
263,B-II-m-B-17989,Casă,municipiul BUCUREŞTI,Str. Aman Theodor pictor 10 sector 1,sf. sec. XIX
264,B-II-m-B-17990,Casă,municipiul BUCUREŞTI,Str. Aman Theodor pictor 16 sector 1,sf. sec. XIX
265,B-II-m-B-17991 B-II-m-B-17992,Casă Casă,municipiul BUCUREŞTI municipiul BUCUREŞTI,Str. Aman Theodor pictor 18 sector 1 Str. Aman Theodor pictor 23-25 sector,sf. sec. XIX 1 sf. sec. XIX
267,B-II-m-B-17993,Casa Theodor Aman,municipiul BUCUREŞTI,Str. Aman Theodor pictor 27 sector 1,sf. sec. XIX
268,B-II-m-B-17994,Casă,municipiul BUCUREŞTI,Str. Aman Theodor pictor 30 sector 1,sf. sec. XIX
269,B-II-m-B-17995,Casă,municipiul BUCUREŞTI,Str. Aman Theodor pictor 31 sector 1,sf. sec. XIX
270,B-II-m-B-17996,Casă,municipiul BUCUREŞTI,Str. Aman Theodor pictor 38 sector 1,sf. sec. XIX
271,B-II-m-B-17997,Casă,municipiul BUCUREŞTI,Str. Aman Theodor pictor 40 sector 1,sf. sec. XIX
272,B-II-m-B-19101,Casă,municipiul BUCUREŞTI,Str. Andrič Ivo 1 sector 3,sf. sec. XIX - prima jum. sec. XX
273, B-II-m-B-19102, Casă, municipiul BUCUREŞTI, Str. Andrič Ivo 2 sector 3, sf. sec. XIX - prima jum. sec. XX
274, B-II-m-B-19103, Casă, municipiul BUCUREŞTI, Str. Andrič Ivo 3 sector 3, sf. sec. XIX - prima jum. sec. XX
275,B-II-m-B-19104,Casă,municipiul BUCUREŞTI,Str. Andrič Ivo 4 sector 3,sf. sec. XIX - prima jum. sec. XX
276,B-II-m-B-19105,Casă,municipiul BUCUREŞTI,Str. Andrič Ivo 5 sector 3,sf. sec. XIX - prima jum. sec. XX
277,B-II-m-B-17998 B-II-m-B-17999,Casă Casă,municipiul BUCUREŞTI municipiul BUCUREŞTI,Str. Ankara 2 sector 1 Str. Ankara 4 sector 1,prima jum. sec. XX prima jum. sec. XX
279,B-II-m-A-18001,Arcul de Triumf,municipiul BUCUREŞTI,Piaţa Arcul de Triumf f.n. sector 1,1936
280,B-II-m-B-18002,Imobil,municipiul BUCUREŞTI,Str. Armenească 10 sector 2,sf. sec. XIX - prima jum. sec. XX
281,B-II-m-B-18003,Casă,municipiul BUCUREŞTI,Str. Armenească 35 sector 2,sf. sec. XIX - prima jum. sec. XX
282,B-II-m-B-18004,Casa Dimitrie Gusti,municipiul BUCUREŞTI,Str. Armindenului 4 sector 1,sf. sec. XIX - prima jum. sec. XX
283,B-II-m-B-18005,Casă,municipiul BUCUREŞTI,Str. Armindenului 12 sector 1,sf. sec. XIX - prima jum. sec. XX
284,B-II-m-B-18006,Casă,municipiul BUCUREŞTI,Str. Atelierului 12 sector 1,sf. sec. XIX - prima jum. sec. XX
285,B-II-m-B-18007,Casă,municipiul BUCUREŞTI,Str. Atelierului 14 sector 1,sf. sec. XIX - prima jum. sec. XX
286, B-II-m-B-18008, Casă, municipiul BUCUREŞTI, Str. Atelierului 16 sector 1, sf. sec. XIX - prima jum. sec. XX
287, B-II-m-B-18009, Casă, municipiul BUCUREŞTI, Str. Atelierului 18 sector 1, sf. sec. XIX - prima jum. sec. XX
288,B-II-m-B-18010,Casă,municipiul BUCUREŞTI,Str. Atelierului 19 sector 1,sf. sec. XIX - prima jum. sec. XX
289,B-II-m-B-18011 B-II-m-B-18012,Casă Casă,municipiul BUCUREŞTI municipiul BUCUREŞTI,Str. Atelierului 20 sector 1 Str. Atelierului 21 sector 1,sf. sec. XIX - prima jum. sec. XX sf. sec. XIX - prima jum.
291,B-II-m-B-18013,Casă,municipiul BUCUREŞTI,Str. Atelierului 22 sector 1,sf. sec. XIX - prima jum. sec. XX
292,B-II-m-B-18014,Casă,municipiul BUCUREŞTI,Str. Atelierului 24 sector 1,sf. sec. XIX - prima jum. sec. XX
293,B-II-m-B-18015,Vilă,municipiul BUCUREŞTI,Str. Atena 2bis sector 1,sf. sec. XX
294,B-II-m-B-18016,Vilă,municipiul BUCUREŞTI,Str. Atena 3 sector 1,sf. sec. XX
295,B-II-m-B-18017,Vilă,municipiul BUCUREŞTI,Str. Atena 4 sector 1,sf. sec. XX
296,B-II-m-B-18018,Vilă,municipiul BUCUREŞTI,Str. Atena 6 sector 1,sf. sec. XX
297, B-II-m-B-18019, Vilă, municipiul BUCUREŞTI, Str. Atena 8 sector 1, sf. sec. XX
298, B-II-m-B-18020, Vilă, municipiul BUCUREŞTI, Str. Atena 12 sector 1, sf. sec. XX
299,B-II-m-B-18021,Vilă,municipiul BUCUREŞTI,Str. Atena 16 sector 1,sf. sec. XX
300,B-II-m-B-18022,Vilă,municipiul BUCUREŞTI,Str. Atena 18 sector 1,sf. sec. XX
301,B-II-m-B-18023 B-II-m-B-18024,Vilă Vilă,municipiul BUCUREŞTI municipiul BUCUREŞTI,Str. Atena 20 sector 1 Str. Atena 22 sector 1,sf. sec. XX sf. sec. XX
303,B-II-m-B-18025,Vilă,municipiul BUCUREŞTI,Str. Atena 24-26 sector 1,sf. sec. XX
304,B-II-a-B-18026,"Centrul de Plasament ""Sfânta Ecaterina""",municipiul BUCUREŞTI,Bd. Averescu Al. mareşal 17 sector 1,sf. sec. XIX - prima jum. sec. XX
305,B-II-m-B-18027,"Restaurantul ""Pescăruş""",municipiul BUCUREŞTI,Bd. Aviatorilor f.n. sector 1 (în incinta Parcului Herăstrău),prima jum. sec. XX
306,B-II-m-B-18028,Institutul de Istorie „Nicolae Iorga“,municipiul BUCUREŞTI,Bd. Aviatorilor 1 sector 1,prima jum. sec. XX
307,B-II-m-B-18029,Casă,municipiul BUCUREŞTI,Bd. Aviatorilor 3 sector 1,sf. sec. XIX-prima jum. sec. XX
308,B-II-m-B-18030,Casă,municipiul BUCUREŞTI,Bd. Aviatorilor 5 sector 1,sf. sec. XIX -prima jum. sec. XX
309,B-II-m-B-18031,Casă,municipiul BUCUREŞTI,Bd. Aviatorilor 7 sector 1,sf. sec. XIX -prima jum. sec. XX
310, B-II-m-B-18032, Casa Oromolu, municipiul BUCUREŞTI, Bd. Aviatorilor 8 sector 1, 1927
311,B-II-m-B-18033,Casă,municipiul BUCUREŞTI,Bd. Aviatorilor 9 sector 1,sf. sec. XIX -prima jum. sec. XX
312,B-II-m-B-18034,Casă,municipiul BUCUREŞTI,Bd. Aviatorilor 11 sector 1,sf. sec. XIX -prima jum. sec. XX
313,B-II-m-B-18035 B-II-m-B-18036,Casă Fostul garaj regal,municipiul BUCUREŞTI municipiul BUCUREŞTI,Bd. Aviatorilor 13 sector 1 Bd. Aviatorilor 16 sector 1,sf. sec. XIX -prima jum. sec. XX sf. sec. XIX -prima jum.
315,B-II-m-B-18037,Casă,municipiul BUCUREŞTI,Bd. Aviatorilor 24 sector 1,sf. sec. XIX -prima jum. sec. XX
316,B-II-m-B-18038,Casă,municipiul BUCUREŞTI,Bd. Aviatorilor 32 sector 1,sf. sec. XIX -prima jum. sec. XX
317,B-II-m-B-18039,Casă,municipiul BUCUREŞTI,Bd. Aviatorilor 40 sector 1,sf. sec. XIX -prima jum. sec. XX
318,B-II-m-B-18040,Casă,municipiul BUCUREŞTI,Bd. Aviatorilor 42 sector 1,sf. sec. XIX -prima jum. sec. XX
319,B-II-m-B-18041,Casă,municipiul BUCUREŞTI,Bd. Aviatorilor 46 sector 1,sf. sec. XIX -prima jum. sec. XX
320,B-II-m-B-18042,Casă,municipiul BUCUREŞTI,Bd. Aviatorilor 50 sector 1,sf. sec. XIX -prima jum. sec. XX
321,B-II-m-B-18043,Casă,municipiul BUCUREŞTI,Bd. Aviatorilor 51-53 sector 1,sf. sec. XIX -prima jum. sec. XX
322, B-II-m-B-21023, Imobil, municipiul BUCUREȘTI, Bd. Aviatorilor 106 sector 1, 1950 - 1951
323, B-II-m-B-18044, Casă, municipiul BUCUREŞTI, Str. Avram Iancu 1 sector 2, sf. sec. XIX -prima jum. sec. XX
324,B-II-m-B-18045,Casă,municipiul BUCUREŞTI,Str. Avram Iancu 5-5A sector 2,sf. sec. XIX -prima jum. sec. XX
325,B-II-m-B-18046 B-II-m-B-18049,Fost cinematograf Casă,municipiul BUCUREŞTI municipiul BUCUREŞTI,Str. Avrig 1 sector 2 Str. Avrig 6 sector 2,sf. sec. XIX -prima jum. sec. XX prima jum. sec. XX
327,B-II-m-B-18050,Imobil,municipiul BUCUREŞTI,Str. Avrig 18 sector 2,prima jum. sec. XX
328,B-II-m-B-18051,Casă,municipiul BUCUREŞTI,Str. Avrig 78 sector 2,prima jum. sec. XX
329,B-II-m-B-18052,Casă,municipiul BUCUREŞTI,Str. Avrig 80A sector 2,prima jum. sec. XX
330,B-II-m-B-18053,Casă,municipiul BUCUREŞTI,Str. Axinte Uricariul 23 sector 1,prima jum. sec. XX
331,B-II-m-B-18054,Casă,municipiul BUCUREŞTI,Str. Axinte Uricariul 25-27 sector 1,prima jum. sec. XX
332,B-II-m-B-18055,Casa George Bacovia,municipiul BUCUREŞTI,Str. Bacovia George 63 sector 4,prima jum. sec. XX
333, B-II-a-B-18056," Ansamblul de arhitectură ""Str. Baia de Fier nr. 1-7""", municipiul BUCUREŞTI, Str. Baia de Fier sector 3, sf. sec. XIX
334, B-II-m-B-18057, Casă, municipiul BUCUREŞTI, Str. Baia de Fier 1A sector 3, sf. sec. XIX
335,B-II-m-B-18058,Casă,municipiul BUCUREŞTI,Str. Baia de Fier 3 sector 3,sf. sec. XIX
336,B-II-m-B-18059,Casă,municipiul BUCUREŞTI,Str. Baia de Fier 4 sector 3,sf. sec. XIX
337,B-II-m-B-18060 B-II-m-B-18061,Casă Casă,municipiul BUCUREŞTI municipiul BUCUREŞTI,Str. Baia de Fier 5 sector 3 Str. Baia de Fier 6 sector 3,sf. sec. XIX sf. sec. XIX
339,B-II-m-B-18062,Casă,municipiul BUCUREŞTI,Str. Baia de Fier 8 sector 3,sf. sec. XIX
340,B-II-m-B-18063,Imobil,municipiul BUCUREŞTI,Str. Baia de Fier 10 sector 3,sf. sec. XIX
341,B-II-m-B-18064,Casă,municipiul BUCUREŞTI,Str. Balaban Emil 6 sector 1,înc. sec. XX
342,B-II-m-B-18065,Casă,municipiul BUCUREŞTI,Str. Balaban Emil 8 sector 1,înc. sec. XX
343,B-II-m-B-18066,Casă,municipiul BUCUREŞTI,Str. Balaban Emil 9 sector 1,înc. sec. XX
344,B-II-m-B-18067,Casă,municipiul BUCUREŞTI,Str. Balaban Emil 11 sector 1,înc. sec. XX
345, B-II-m-B-18068, Casă, municipiul BUCUREŞTI, Str. Baldovin Pârcălabul 1 sector 1, sf. sec. XIX - prima jum. sec. XX
346, B-II-m-B-18069, Casă, municipiul BUCUREŞTI, Str. Baldovin Pârcălabul 14 sector 1, sf. sec. XIX - prima jum. sec. XX
347,B-II-m-B-18073,Primăria Sectorului 1,municipiul BUCUREŞTI,Bd. Banul Manta 9 sector 1,1927 - 1929
348,B-II-m-B-18075,Casă,municipiul BUCUREŞTI,Str. Banului 3 sector 1,sf. sec. XIX
349,B-II-m-A-18076 B-II-m-B-18077,"Biserica „Sf. Nicolae"" - Udricani Casă",municipiul BUCUREŞTI municipiul BUCUREŞTI,Str. Barasch Iuliu dr. 11 sector 3 Str. Barasch Iuliu dr. 15 sector 3,"1735, 1834, 1940 sf. sec. XIX"
351,B-II-m-B-18078,Casă,municipiul BUCUREŞTI,Str. Barierei 39 sector 1,sf. sec. XIX - prima jum. sec. XX
352,B-II-a-A-18091,"Halele Uzinei ""Malaxa""",municipiul BUCUREŞTI,Bd. Basarabia 256 sector 3,1933
353,B-II-a-A-18092,"Fabrica de ţevi ""Republica“",municipiul BUCUREŞTI,Bd. Basarabia 256A sector 3,1936 - 1938
354,B-II-a-B-18093,"Ansamblul de arhitectură ""Str. Batiştei""",municipiul BUCUREŞTI,"Str. Batiştei, între str. Jean Louis Calderon şi str. Vasile Lascăr sector 2",sf. sec. XIX - prima jum. sec. XX
355,B-II-m-B-18094,Casa Nicolae Filipescu,municipiul BUCUREŞTI,Str. Batiştei 13 sector 2,sf. sec. XIX
356,B-II-m-B-21043,"Palatul Arta, actualul sediu ArCuB",municipiul BUCUREȘTI,Str. Batiștei 14 sector 2,1932 - 1934
357,B-II-m-A-18095,"Biserica „Sf. Nicolae"" - Batişte",municipiul BUCUREŞTI,"Str. Batiştei 21 sector 2, Str. Praporgescu David g-ral 2 sector 2","1764, sec. XIX"
358, B-II-m-B-18096, Casa bancherului Hermann Speier, municipiul BUCUREŞTI, Str. Batiştei 24A sector 2, 1900
359,B-II-m-B-21024,Casa Boambă-Rahtivanu,municipiul BUCUREȘTI,Str. Batiștei 27-27 A sector 2,
360,B-II-m-B-18097,Casă,municipiul BUCUREŞTI,Str. Batiştei 39 sector 2,1897 - 1911
361,B-II-a-B-18098 B-II-m-B-18099,"Ansamblul de arhitectură ""Str. Băcani"" Casă",municipiul BUCUREŞTI municipiul BUCUREŞTI,Str. Băcani sector 3 Str. Băcani 3 sector 3,sf. sec. XIX sf. sec. XIX
363,B-II-m-B-18100,Prăvălie,municipiul BUCUREŞTI,Str. Băcani 4 sector 3,sf. sec. XIX
364,B-II-m-B-18101,Prăvălie,municipiul BUCUREŞTI,Str. Băcani 6 sector 3,sf. sec. XIX
365,B-II-m-B-18102,Casă,municipiul BUCUREŞTI,Str. Bălăcescu Costache 7 sector 1,sf. sec. XIX
366,B-II-a-B-18103,"Ansamblul de arhitectură ""Bd. Nicolae Bălcescu""",municipiul BUCUREŞTI,"Bd. Bălcescu Nicolae, între str. C. A. Rosetti şi str. Batiştei sector 1",prima jum. sec. XX
367,B-II-m-B-18104,Imobil,municipiul BUCUREŞTI,Bd. Bălcescu Nicolae 7-9 sector 1,prima jum. sec. XX
368,B-II-m-B-21022,Cazarma jandarmilor călare,municipiul BUCUREȘTI,Bd. Bălcescu Nicolae 17-19 sector 1,1883
369, B-II-m-B-18105, Imobil, municipiul BUCUREŞTI, Bd. Bălcescu Nicolae 24 sector 1, prima jum. sec. XX
370, B-II-m-B-18106, Imobil, municipiul BUCUREŞTI, Bd. Bălcescu Nicolae 26 sector 1, prima jum. sec. XX
371,B-II-m-A-18107,"Biserica ""Prea Sfântul Mântuitor"" - Italiană",municipiul BUCUREŞTI,Bd. Bălcescu Nicolae 28 sector 1,prima jum. sec. XX
372,B-II-m-B-18108,Bloc Malaxa-Burileanu,municipiul BUCUREŞTI,Bd. Bălcescu Nicolae 35-35 A sector 1,1935 - 1937
373,B-II-m-B-18109 B-II-a-B-18110,Fostele grajduri ale Societăţii Naţionale de Îngrijire a Cailor Ansamblul de arhitectură,municipiul BUCUREŞTI municipiul BUCUREŞTI,Str. Băneasa Ancuţa 5 sector 2 Str. Băniei sector 3,sf. sec. XIX - prima jum. sec. XX sf. sec. XIX
375,B-II-m-B-18111,Casă cu prăvălie,municipiul BUCUREŞTI,Str. Băniei 3 sector 3,sf. sec. XIX
376,B-II-m-B-18112,Casă,municipiul BUCUREŞTI,Str. Băniei 11 sector 3,sf. sec. XIX
377,B-II-m-B-18113,Casă,municipiul BUCUREŞTI,Str. Băniei 15 sector 3,sf. sec. XIX
378,B-II-m-B-18114,Casă,municipiul BUCUREŞTI,Str. Băniei 17 sector 3,sf. sec. XIX
379,B-II-m-B-18115,Casă,municipiul BUCUREŞTI,Str. Băniei 19 sector 3,sf. sec. XIX
380,B-II-m-B-18116,Casă,municipiul BUCUREŞTI,Str. Băniei 21 sector 3,sf. sec. XIX
381, B-II-m-B-18117, Casă, municipiul BUCUREŞTI, Str. Băniei 23 sector 3, sf. sec. XIX
382, B-II-m-B-18118," Biserica ""Sf. Maria a Darurilor"" - Bărăţiei", municipiul BUCUREŞTI, Str. Bărăţiei 27 sector 3," sec. XVII, 1828"
383,B-II-m-B-18119,Imobil,municipiul BUCUREŞTI,Str. Bărăţiei 33 sector 3,sec. XIX
384,B-II-m-B-18120,Case,municipiul BUCUREŞTI,Str. Bărăţiei 46-48 sector 3,sec. XIX
385,B-II-m-B-18121 B-II-m-B-18122,Casă Casă,municipiul BUCUREŞTI municipiul BUCUREŞTI,Str. Belgrad 4 sector 1 Str. Belgrad 8 sector 1,prima jum. sec. XX prima jum. sec. XX
387,B-II-m-B-18123,Casă,municipiul BUCUREŞTI,Str. Belgrad 10-12 sector 1,prima jum. sec. XX
388,B-II-m-B-18124,Casă,municipiul BUCUREŞTI,Str. Belgrad 14 sector 1,prima jum. sec. XX
389,B-II-m-B-18125,Casă,municipiul BUCUREŞTI,Str. Berechet 10A sector 2,prima jum. sec. XX
390,B-II-m-B-18126,Casă,municipiul BUCUREŞTI,Str. Berthelot H. M. g-ral 5 sector 1,sf. sec. XIX
391,B-II-m-B-18127,Casă,municipiul BUCUREŞTI,Str. Berthelot H. M. g-ral 7 sector 1,sf. sec. XIX
392,B-II-m-B-18128,Casă,municipiul BUCUREŞTI,Str. Berthelot H. M. g-ral 8 sector 1,sf. sec. XIX
393, B-II-m-B-18129, Casa C. Fonilescu, municipiul BUCUREŞTI, Str. Berthelot H. M. g-ral 8A sector 1, sf. sec. XIX - prima jum. sec. XX
394, B-II-m-B-18130, Casă, municipiul BUCUREŞTI, Str. Berthelot H. M. g-ral 10 sector 1, sf. sec. XIX - prima jum. sec. XX
395,B-II-m-B-18131,Casa Robescu,municipiul BUCUREŞTI,Str. Berthelot H. M. g-ral 12 sector 1,sf. sec. XIX - prima jum. sec. XX
396,B-II-m-A-18132,Catedrala romano-catolică „Sf. Iosif“,municipiul BUCUREŞTI,Str. Berthelot H. M. g-ral 17 sector 1,1875 - 1880
397,B-II-m-B-18133 B-II-m-B-18134,Casă Palatul Mitropolitan,municipiul BUCUREŞTI municipiul BUCUREŞTI,Str. Berthelot H. M. g-ral 18 sector 1 Str. Berthelot H. M. g-ral 19 sector 1,sf. sec. XIX - prima jum. sec. XX 1925
399,B-II-m-B-18135,"Palatul Ministerului Cultelor şi Artelor, azi Ministerul Educaţiei şi Cercetării",municipiul BUCUREŞTI,Str. Berthelot H. M. g-ral 28-30 sector,1 prima jum. sec. XX
400,B-II-m-B-18136,Imobil,municipiul BUCUREŞTI,Str. Berthelot H. M. g-ral 36 sector 1,1935
401,B-II-m-B-18137,Casă,municipiul BUCUREŞTI,Str. Berthelot H. M. g-ral 90 sector 1,sf. sec. XIX - prima jum. sec. XX
402,B-II-m-B-18138,Casă,municipiul BUCUREŞTI,Str. Berzei 42 sector 1,sf. sec. XIX - prima jum. sec. XX
403, B-II-m-B-18139, Casă, municipiul BUCUREŞTI, Str. Berzei 44 sector 1, sf. sec. XIX - prima jum. sec. XX
404,B-II-m-B-18140,Casă,municipiul BUCUREŞTI,Str. Berzei 46 sector 1,sf. sec. XIX - prima jum. sec. XX
405,B-II-m-B-18141,Casă,municipiul BUCUREŞTI,Str. Berzei 58 sector 1,sf. sec. XIX - prima jum. sec. XX
406,B-II-m-B-18142,Casă,municipiul BUCUREŞTI,Str. Berzei 81 sector 1,sf. sec. XIX - prima jum. sec. XX
407,B-II-m-B-18143,Casă,municipiul BUCUREŞTI,Str. Berzei 89 sector 1,sf. sec. XIX - prima jum. sec. XX
408,B-II-m-B-18144,Aşezămintele I. C. Brătianu,municipiul BUCUREŞTI,Str. Biserica Amzei 5-7 sector 1,1908
409,B-II-m-B-18145 B-II-m-A-18146,Casă Casa Miţa Biciclista,municipiul BUCUREŞTI municipiul BUCUREŞTI,"Str. Biserica Amzei 6 sector 1 Str. Biserica Amzei 9 sector 1, Str. Christian",sf. sec. XIX 1900
411,B-II-m-B-18147,Casă,municipiul BUCUREŞTI,Str. Biserica Amzei 10 sector 1,sf. sec. XIX
412,B-II-m-B-18148,Biserica Amzei,municipiul BUCUREŞTI,Str. Biserica Amzei 12 sector 1,1898 - 1901
413,B-II-m-B-18149,Ambasada Republicii Franceze,municipiul BUCUREŞTI,Str. Biserica Amzei 13-15 sector 1,sf. sec. XIX
414,B-II-m-B-18150,Casă,municipiul BUCUREŞTI,Str. Biserica Amzei 14 sector 1,sf. sec. XIX
415,B-II-m-B-18151,Casă,municipiul BUCUREŞTI,Str. Biserica Amzei 16-18 sector 1,sf. sec. XIX
416,B-II-m-B-18152,Imobil,municipiul BUCUREŞTI,Str. Biserica Amzei 20 sector 1,sf. sec. XIX
417, B-II-m-B-18153, Casa Oteteleşanu, municipiul BUCUREŞTI, Str. Biserica Amzei 21-23 sector 1, sf. sec. XIX
418, B-II-m-B-18154, Imobil, municipiul BUCUREŞTI, Str. Biserica Amzei 22 sector 1, sf. sec. XIX
419,B-II-m-B-18155,Imobil,municipiul BUCUREŞTI,Str. Biserica Amzei 24 sector 1,sf. sec. XIX
420,B-II-m-A-18156,"Universitatea de Arhitectură şi Urbanism ""Ion Mincu"" - corpul vechi",municipiul BUCUREŞTI,Str. Biserica Enei 1 sector 1,1912 - 1927
421, B-II-a-A-18157 B-II-m-A-18157.01," Mănăstirea Mărcuţa Biserica ""Sf. Arhangheli", municipiul BUCUREŞTI municipiul BUCUREŞTI, Str. Biserica Mărcuţa 8 sector 2 Str. Biserica Mărcuţa 8 sector 2," sec. XVI - XVIII 1587, sec. XVI - XVIII"
423,B-II-m-A-18157.02,Turn clopotniţă,municipiul BUCUREŞTI,Str. Biserica Mărcuţa 8 sector 2,sec. XIX
424,B-II-m-A-18157.03,Chilii,municipiul BUCUREŞTI,Str. Biserica Mărcuţa 8 sector 2,sec. XIX
425,B-II-a-B-18158,Ansamblul Bisericii Răsvan,municipiul BUCUREŞTI,Intr. Biserica Răsvan 3 sector 3,sec. XVIII
426,B-II-m-B-18158.01,"Biserica „Adormirea Maicii Domnului“, „Sf. Filofteia“ - Răsvan",municipiul BUCUREŞTI,Intr. Biserica Răsvan 3 sector 3,"înc. sec. XVIII, 1847"
427,B-II-m-B-18158.02,Casa parohială,municipiul BUCUREŞTI,Intr. Biserica Răsvan 3 sector 3,a doua jum. sec. XIX
428,B-II-m-B-18159,Casă,municipiul BUCUREŞTI,Intr. Bitolia 5 sector 1,prima jum. sec. XX
429,B-II-m-B-18160,Casă,municipiul BUCUREŞTI,Str. Blank Louis arh. 8 sector 1,1898
430,B-II-m-B-18161,Casa George Murnu,municipiul BUCUREŞTI,Str. Blank Louis arh. 9A sector 1,înc. sec. XX
431,B-II-m-B-18162,Casă,municipiul BUCUREŞTI,Str. Blank Louis arh. 22 sector 1,1898
432, B-II-m-B-18163, Casă, municipiul BUCUREŞTI, Str. Blank Louis arh. 28 sector 1, 1898
433, B-II-m-B-18164 B-II-m-B-18165, Casă Imobil, municipiul BUCUREŞTI municipiul BUCUREŞTI, Str. Blank Louis arh. 32 sector 1 Str. Blănari 1 sector 3, 1916 sf. sec. XIX
435,B-II-m-B-18166,Casă,municipiul BUCUREŞTI,Str. Blănari 2 sector 3,sf. sec. XIX
436,B-II-m-B-18167,Casă,municipiul BUCUREŞTI,Str. Blănari 3 sector 3,sf. sec. XIX
437,B-II-m-B-18168,Casă,municipiul BUCUREŞTI,Str. Blănari 4 sector 3,sf. sec. XIX
438,B-II-m-B-18169,Casă,municipiul BUCUREŞTI,Str. Blănari 6 sector 3,sf. sec. XIX
439,B-II-m-B-18170,Casă,municipiul BUCUREŞTI,Str. Blănari 8 sector 3,sf. sec. XIX
440,B-II-m-B-18171,Casă,municipiul BUCUREŞTI,Str. Blănari 9 sector 3,sf. sec. XIX
441, B-II-m-B-18172, Casă, municipiul BUCUREŞTI, Str. Blănari 10-12 sector 3, sf. sec. XIX
442,B-II-m-B-18173,Imobil (Clubul Arhitecţilor),municipiul BUCUREŞTI,Str. Blănari 14 sector 3,prima jum. sec. XIX - sec. XX
443,B-II-m-B-18174,Biserica „Sf. Nicolae“ - Şelari,municipiul BUCUREŞTI,Str. Blănari 16 sector 3,"1699 - 1700, sec. XVIII - XIX"
444,B-II-m-B-18175,Casă,municipiul BUCUREŞTI,Str. Blănari 16 sector 3,sf. sec. XIX
445,B-II-m-B-18176 B-II-m-B-18177,Casă Casă,municipiul BUCUREŞTI municipiul BUCUREŞTI,Str. Bocşa 2 sector 2 Str. Bocşa 4 sector 2,sf. sec. XIX - prima jum. sec. XX sf. sec. XIX - prima jum.
447,B-II-m-B-18178,Casă,municipiul BUCUREŞTI,Str. Bocşa 5 sector 2,sf. sec. XIX - prima jum. sec. XX
448,B-II-m-B-18179,Casă de târgoveţ,municipiul BUCUREŞTI,Str. Bocşa 7 sector 2,1815
449,B-II-m-B-18180,Casa Theodor Speranţia,municipiul BUCUREŞTI,Str. Bolliac Cezar 12 sector 3,sf. sec. XIX - prima jum. sec. XX
450,B-II-m-B-18181,Imobil,municipiul BUCUREŞTI,"Str. Boteanu 3, 3A, 3B sector 1",prima jum. sec. XX
451,B-II-m-B-18182,Hala Matache Măcelaru,municipiul BUCUREŞTI,Piaţa Botescu Haralambie 1 sector 1,1887
452,B-II-a-B-18183,"Ansamblul de arhitectură ""Bd. Hristo Botev""",municipiul BUCUREŞTI,Bd. Botev Hristo sector 3,sf. sec. XIX - prima jum. sec. XX
453,B-II-m-B-18184,"Blocul Societatea „Locuinţe ieftine""",municipiul BUCUREŞTI,Bd. Botev Hristo 1 sector 3,1926
454, B-II-m-B-18185, Blocul Societatea „Astra Română“, municipiul BUCUREŞTI, Bd. Botev Hristo 2 sector 3, sf. sec. XIX
455,B-II-m-B-18186,Imobil,municipiul BUCUREŞTI,Bd. Botev Hristo 3 sector 3,1900
456,B-II-m-B-18187,Imobil,municipiul BUCUREŞTI,Bd. Botev Hristo 4 sector 3,sf. sec. XIX
457,B-II-m-B-18188 B-II-m-B-18189,Imobil Imobil,municipiul BUCUREŞTI municipiul BUCUREŞTI,Bd. Botev Hristo 6 sector 3 Bd. Botev Hristo 7 sector 3,sf. sec. XIX sf. sec. XIX
459,B-II-m-B-18190,Imobil,municipiul BUCUREŞTI,Bd. Botev Hristo 8 sector 3,sf. sec. XIX
460,B-II-m-B-18191,Imobil,municipiul BUCUREŞTI,Bd. Botev Hristo 9 sector 3,sf. sec. XIX
461,B-II-m-B-18192,Imobil,municipiul BUCUREŞTI,Bd. Botev Hristo 11 sector 3,sf. sec. XIX
462,B-II-m-B-18193,Imobil,municipiul BUCUREŞTI,Bd. Botev Hristo 12 sector 3,sf. sec. XIX
463,B-II-m-B-18194,Imobil,municipiul BUCUREŞTI,Bd. Botev Hristo 13 sector 3,sf. sec. XIX
464,B-II-m-B-18195,Imobil,municipiul BUCUREŞTI,Bd. Botev Hristo 14 sector 3,sf. sec. XIX
465, B-II-m-B-18196, Imobil, municipiul BUCUREŞTI, Bd. Botev Hristo 15 sector 3, sf. sec. XIX
466,B-II-m-B-18197,Imobil,municipiul BUCUREŞTI,Bd. Botev Hristo 15A sector 3,sf. sec. XIX
467,B-II-m-B-18198,"Şcoala Comercială „N. Kreţulescu""",municipiul BUCUREŞTI,Bd. Botev Hristo 17-19 sector 3,1889
468,B-II-m-B-18199,Imobil,municipiul BUCUREŞTI,Bd. Botev Hristo 20 sector 3,sf. sec. XIX
469,B-II-m-B-18200 B-II-m-B-18201,Imobil Imobil,municipiul BUCUREŞTI municipiul BUCUREŞTI,Bd. Botev Hristo 21 sector 3 Bd. Botev Hristo 22 sector 3,sf. sec. XIX prima jum. sec. XX
471,B-II-m-B-18202,Imobil,municipiul BUCUREŞTI,Bd. Botev Hristo 24 sector 3,prima jum. sec. XX
472,B-II-m-B-18203,Casă,municipiul BUCUREŞTI,Bd. Botev Hristo 25 sector 3,sf. sec. XIX
473,B-II-m-B-18204,Imobil,municipiul BUCUREŞTI,Bd. Botev Hristo 26 sector 3,prima jum. sec. XX
474,B-II-m-B-18205,Imobil,municipiul BUCUREŞTI,Bd. Botev Hristo 27 sector 3,prima jum. sec. XX
475,B-II-m-B-18206,Casă,municipiul BUCUREŞTI,Bd. Botev Hristo 28 sector 3,sf. sec. XIX
476,B-II-m-B-18207,Casă,municipiul BUCUREŞTI,Bd. Botev Hristo 29 sector 3,sf. sec. XIX
477, B-II-m-B-18208, Imobil, municipiul BUCUREŞTI, Bd. Botev Hristo 30 sector 3, înc. sec. XX
478,B-II-m-B-18209,"Blocul „Gold""",municipiul BUCUREŞTI,Bd. Botev Hristo 34 sector 3,înc. sec. XX
479,B-II-m-B-18210,Casă,municipiul BUCUREŞTI,Bd. Botev Hristo 36 sector 3,sec. XIX
480,B-II-m-B-18211,Casă,municipiul BUCUREŞTI,Bd. Botev Hristo 38 sector 3,sf. sec. XIX
481,B-II-m-B-18212 B-II-m-B-18213,Imobil Casă,municipiul BUCUREŞTI municipiul BUCUREŞTI,Bd. Botev Hristo 40 sector 3 Bd. Botev Hristo 44 sector 3,sf. sec. XIX - prima jum. sec. XX sf. sec. XIX
483,B-II-m-B-18214,Casă,municipiul BUCUREŞTI,Str. Botez Corneliu 3 sector 2,1935
484,B-II-m-B-18215,Casă,municipiul BUCUREŞTI,Str. Brădeşti 3 sector 2,înc. sec. XX
485,B-II-m-B-18216,Casă,municipiul BUCUREŞTI,Str. Brădeşti 18 sector 2,înc. sec. XX
486,B-II-m-B-18217,Casă,municipiul BUCUREŞTI,Str. Brădeşti 21 sector 2,înc. sec. XX
487,B-II-m-B-18219,Fosta Secţie Amidon „Fulgerul“ Bragadiru,municipiul BUCUREŞTI,Str. Brăiliţa 28 sector 3,sf. sec. XIX - prima jum. sec. XX
488,B-II-m-B-18561,Imobil,municipiul BUCUREŞTI,Str. Brătianu Gheorghe 7 sector 1,prima jum. sec. XX
489, B-II-m-B-18562, Casă, municipiul BUCUREŞTI, Str. Brătianu Gheorghe 26 sector 1, prima jum. sec. XX
490, B-II-m-B-18563, Casă, municipiul BUCUREŞTI, Str. Brătianu Gheorghe 28 sector 1, prima jum. sec. XX
491,B-II-m-B-18564,Casă,municipiul BUCUREŞTI,Str. Brătianu Gheorghe 38 sector 1,prima jum. sec. XX
492,B-II-m-B-18565,Casă,municipiul BUCUREŞTI,Str. Brătianu Gheorghe 40-42 sector 1,prima jum. sec. XX
493,B-II-m-B-18566 B-II-m-B-18567,Vila Mihaela Casă,municipiul BUCUREŞTI municipiul BUCUREŞTI,Str. Brătianu Gheorghe 44 sector 1 Str. Brătianu Gheorghe 46 sector 1,1927 prima jum. sec. XX
495,B-II-m-B-18568,Casă,municipiul BUCUREŞTI,Str. Brătianu Gheorghe 48 sector 1,prima jum. sec. XX
496,B-II-a-A-18220,Ansamblul Colţea,municipiul BUCUREŞTI,Bd. Brătianu I. C. 1 sector 3,sec. XVIII
497,B-II-m-A-18220.01,Biserica „Trei Ierarhi“ - Colţea,municipiul BUCUREŞTI,Bd. Brătianu I. C. 1 sector 3,1702
498,B-II-m-A-18220.02,Spitalul Colţea,municipiul BUCUREŞTI,Bd. Brătianu I. C. 1 sector 3,1887
499,B-II-m-A-18221,Palatul Suţu,municipiul BUCUREŞTI,Bd. Brătianu I. C. 2 sector 3,"1830, sf. sec. XIX"
500,B-II-m-B-18222,Imobil,municipiul BUCUREŞTI,Bd. Brătianu I. C. 10 sector 3,sf. sec. XIX
501, B-II-m-B-18223, Imobil, municipiul BUCUREŞTI, Bd. Brătianu I. C. 18 sector 3, sf. sec. XIX
502, B-II-m-B-18224, Imobil, municipiul BUCUREŞTI, Bd. Brătianu I. C. 21 sector 3, sf. sec. XIX
503,B-II-m-A-18225,Biserica „Sf. Gheorghe Nou“,municipiul BUCUREŞTI,Bd. Brătianu I. C. 49 sector 3,"1705, sec. XVI - XX"
504,B-II-m-B-18226,Casă,municipiul BUCUREŞTI,Str. Brezoianu Ion 1 sector 1,sf. sec. XIX - prima jum. sec. XX
505,B-II-m-B-18227 B-II-m-B-18228,Casă Casă,municipiul BUCUREŞTI municipiul BUCUREŞTI,Str. Brezoianu Ion 5 sector 1 Str. Brezoianu Ion 12 sector 1,sf. sec. XIX - prima jum. sec. XX sf. sec. XIX - prima jum.
507,B-II-m-B-18229,Imobil,municipiul BUCUREŞTI,Str. Brezoianu Ion 53 sector 1,1935 - 1940
508,B-II-m-B-18230,Casă,municipiul BUCUREŞTI,Str. Bucur 5 sector 4,sf. sec. XIX - prima jum. sec. XX
509,B-II-m-B-18231,Clubul Diplomaţilor,municipiul BUCUREŞTI,Şos. Bucureşti-Ploieşti f.n. sector 1 (în incinta Parcului Herăstrău),prima jum. sec. XX
510,B-II-m-B-18232,Podul Băneasa,municipiul BUCUREŞTI,Şos. Bucureşti-Ploieşti f.n. sector 1,prima jum. sec. XX
511,B-II-m-A-18233,Pivniţele Casei Văcărescu,municipiul BUCUREŞTI,Şos. Bucureşti-Ploieşti 2 sector 1,sec. XVIII
512,B-II-m-A-18234,Biserica „Sf. Nicolae“ - Băneasa,municipiul BUCUREŞTI,Şos. Bucureşti-Ploieşti 6-8 sector 1,1792
513,B-II-m-A-21012,Terminal pasageri - Aeroportul Internaţional Bucureşti Băneasa - Aurel Vlaicu,municipiul BUCUREŞTI,Şos. Bucureşti-Ploieşti 40 sector 1,1948 - 1952
514,B-II-a-B-18235,"Ansamblul de arhitectură ""Str. General Constantin Budişteanu """,municipiul BUCUREŞTI,Str. Budişteanu C-tin g-ral sector 1,sf. sec. XIX
515, B-II-m-A-18236, Biserica „Sf.Nicolae“ - Manea Brutaru, municipiul BUCUREŞTI, Str. Budişteanu C-tin g-ral 4-6 sector 1, 1787
516,B-II-m-B-18237 B-II-m-B-18238,"Casă (foste atenanse ale Palatului Ştirbei, Calea Victoriei nr. 107) Casă",municipiul BUCUREŞTI municipiul BUCUREŞTI,Str. Budişteanu C-tin g-ral 7 sector 1 Str. Budişteanu C-tin g-ral 8 sector 1,sf. sec. XIX sf. sec. XIX
518,B-II-m-B-18239,Casă,municipiul BUCUREŞTI,Str. Budişteanu C-tin g-ral 10 sector 1,sf. sec. XIX
519,B-II-m-B-18241,Casa Darvari,municipiul BUCUREŞTI,Str. Budişteanu C-tin g-ral 11bis sector,1 sf. sec. XIX
520,B-II-m-B-18240,Casă,municipiul BUCUREŞTI,Str. Budişteanu C-tin g-ral 12-14 sector,1 1894
521,B-II-m-B-18242,Casa Crissovelloni,municipiul BUCUREŞTI,Str. Budişteanu C-tin g-ral 15 sector 1,sf. sec. XIX
522,B-II-m-B-18243,Muzeul Cornel Medrea,municipiul BUCUREŞTI,Str. Budişteanu C-tin g-ral 16 sector 1,sf. sec. XIX
523,B-II-m-B-18244,Casa g-ral Constantin Budişteanu,municipiul BUCUREŞTI,Str. Budişteanu C-tin g-ral 20 sector 1,sf. sec. XIX
524, B-II-m-B-18245, Casă, municipiul BUCUREŞTI, Str. Budişteanu C-tin g-ral 28 sector 1, sf. sec. XIX
525, B-II-m-B-18246, Casă, municipiul BUCUREŞTI, Str. Budişteanu C-tin g-ral 28bis sector, 1 1895
526,B-II-m-B-18247,Casă,municipiul BUCUREŞTI,Str. Burghelea dr. 1 sector 2,sf. sec. XIX - prima jum. sec. XX
527,B-II-m-B-18248,Casă,municipiul BUCUREŞTI,Str. Burghelea dr. 3 sector 2,sf. sec. XIX - prima jum. sec. XX
528,B-II-m-B-18249 B-II-m-B-18250,Casă Casă,municipiul BUCUREŞTI municipiul BUCUREŞTI,Str. Burghelea dr. 5 sector 2 Str. Burghelea dr. 13 sector 2,sf. sec. XIX - prima jum. sec. XX sf. sec. XIX - prima jum.
530,B-II-m-B-18251,Casă,municipiul BUCUREŞTI,Str. Burghelea dr. 14 sector 2,sf. sec. XIX - prima jum. sec. XX
531,B-II-m-B-18252,Casă,municipiul BUCUREŞTI,Str. Burghelea dr. 15 sector 2,sf. sec. XIX - prima jum. sec. XX
532,B-II-m-B-18253,Casă,municipiul BUCUREŞTI,Str. Burghelea dr. 16 sector 2,sf. sec. XIX - prima jum. sec. XX
533,B-II-m-B-18254,Casă,municipiul BUCUREŞTI,Str. Burghelea dr. 17 sector 2,sf. sec. XIX - prima jum. sec. XX
534,B-II-m-B-18255,Casă,municipiul BUCUREŞTI,Str. Burghelea dr. 19 sector 2,sf. sec. XIX - prima jum. sec. XX
535,B-II-m-B-18256,Casă,municipiul BUCUREŞTI,Str. Burghelea dr. 22 sector 2,sf. sec. XIX - prima jum. sec. XX
536,B-II-m-B-18257,Casă,municipiul BUCUREŞTI,Str. Buzeşti 2-4 sector 1,sf. sec. XIX - prima jum. sec. XX
537, B-II-m-B-18260, Casă, municipiul BUCUREŞTI, Str. Buzeşti 32 sector 1, sf. sec. XIX - prima jum. sec. XX
538, B-II-m-B-18261, Casa Nicolae Iorga, municipiul BUCUREŞTI, Str. Buzeşti 36 sector 1, sf. sec. XIX - prima jum. sec. XX
539,B-II-m-B-18262,Casă,municipiul BUCUREŞTI,Str. Buzeşti 44 sector 1,sf. sec. XIX - prima jum. sec. XX
540,B-II-m-B-18263 B-II-m-B-18264,Casă Biserica „Sf. Nicolae“ -,municipiul BUCUREŞTI municipiul BUCUREŞTI,"Str. Buzeşti 46 sector 1 Str. Buzeşti 55 sector 1, Bd. Cuza",sf. sec. XIX - prima jum. sec. XX prima jum. sec. XIX
542,B-II-m-B-18265,Casă,municipiul BUCUREŞTI,Str. Caimatei 1 sector 2,prima jum. sec. XX
543,B-II-m-B-18266,Casă,municipiul BUCUREŞTI,Str. Caimatei 2 sector 2,prima jum. sec. XX
544,B-II-m-B-18267,Casă,municipiul BUCUREŞTI,Str. Caimatei 3 sector 2,prima jum. sec. XX
545,B-II-m-B-18268,Imobil,municipiul BUCUREŞTI,Str. Caimatei 8 sector 2,1935
546,B-II-m-B-18269,Casă,municipiul BUCUREŞTI,Str. Caimatei 10 sector 2,1913 - 1919
547,B-II-m-B-18270,Casă,municipiul BUCUREŞTI,Str. Caimatei 20 sector 2,prima jum. sec. XX
548, B-II-m-B-18271, Casă, municipiul BUCUREŞTI, Str. Calderon Jean Louis 7-9 sector 2, sf. sec. XIX
549, B-II-m-B-18272, Casă, municipiul BUCUREŞTI, Str. Calderon Jean Louis 16 sector 2, sf. sec. XIX
550,B-II-m-B-21036,Imobil,municipiul BUCUREȘTI,Str. Calderon Jean Louis 33 sector 2,"1897, 1930"
551,B-II-m-A-21059,Imobil,municipiul BUCUREȘTI,Str. Calderon Jean Louis 48 sector 2,1898
552,B-II-m-A-21060 B-II-a-B-18273,Imobil Ansamblul de arhitectură,municipiul BUCUREȘTI municipiul BUCUREŞTI,Str. Calderon Jean Louis 50 sector 2 Str. Calomfirescu Radu sector 3,1898 sf. sec. XIX - înc. XX
554,B-II-m-B-18274,Casă,municipiul BUCUREŞTI,Str. Calomfirescu Radu 1 sector 3,sf. sec. XIX
555, B-II-m-B-18275, Casă, municipiul BUCUREŞTI, Str. Calomfirescu Radu 3 sector 3, sf. sec. XIX
556,B-II-m-B-18276,Casă,municipiul BUCUREŞTI,Str. Calomfirescu Radu 4bis sector 3,sf. sec. XIX
557,B-II-m-B-18277,Casă,municipiul BUCUREŞTI,Str. Calomfirescu Radu 5 sector 3,sf. sec. XIX
558,B-II-m-B-18278,Casă,municipiul BUCUREŞTI,Str. Calomfirescu Radu 6 sector 3,sf. sec. XIX
559,B-II-m-B-18279,Bloc locuinţe,municipiul BUCUREŞTI,Str. Calomfirescu Radu 7 sector 3,1931
560,B-II-m-B-18280,Casă,municipiul BUCUREŞTI,Str. Calomfirescu Radu 9 sector 3,sf. sec. XIX
561,B-II-m-B-18281,Casă,municipiul BUCUREŞTI,Str. Calomfirescu Radu 10 sector 3,sf. sec. XIX
562,B-II-m-B-18282,Casă,municipiul BUCUREŞTI,Str. Calomfirescu Radu 11 sector 3,sf. sec. XIX
563, B-II-m-B-18283, Casa arh. L. Negresco, municipiul BUCUREŞTI, Str. Calomfirescu Radu 12 sector 3, sf. sec. XIX
564,B-II-m-B-18284 B-II-m-B-18285,Casă Casă,municipiul BUCUREŞTI municipiul BUCUREŞTI,Str. Calomfirescu Radu 13 sector 3 Str. Calomfirescu Radu 14 sector 3,sf. sec. XIX sf. sec. XIX
566,B-II-m-B-18286,"Casa „cu geamuri bombate"", casa N. Paulescu",municipiul BUCUREŞTI,Str. Calomfirescu Radu 15 sector 3,1861
567, B-II-m-B-18287, Casă, municipiul BUCUREŞTI, Str. Calomfirescu Radu 16 sector 3, sf. sec. XIX
568,B-II-m-B-18288,Casă,municipiul BUCUREŞTI,Str. Cameliei 1 sector 1,sf. sec. XIX - prima jum. sec. XX
569,B-II-m-B-18289,Casă,municipiul BUCUREŞTI,Str. Cameliei 10 sector 1,sf. sec. XIX - prima jum. sec. XX
570,B-II-m-B-18290,Casă,municipiul BUCUREŞTI,Str. Cameliei 12 sector 1,sf. sec. XIX - prima jum. sec. XX
571,B-II-m-B-18291,Casă,municipiul BUCUREŞTI,Str. Cameliei 14 sector 1,sf. sec. XIX - prima jum. sec. XX
572,B-II-m-B-18293,Casă,municipiul BUCUREŞTI,Str. Cameliei 18 sector 1,sf. sec. XIX - prima jum. sec. XX
573,B-II-m-B-18296,Casă,municipiul BUCUREŞTI,Str. Cameliei 30 sector 1,sf. sec. XIX - prima jum. sec. XX
574,B-II-m-B-18297,Casă,municipiul BUCUREŞTI,Str. Cameliei 34 sector 1,sf. sec. XIX - prima jum. sec. XX
575,B-II-m-B-18298,Casă,municipiul BUCUREŞTI,Str. Cameliei 36 sector 1,sf. sec. XIX - prima jum. sec. XX
576, B-II-m-B-18299 B-II-a-A-18300, Casă Parcul Ioanid, municipiul BUCUREŞTI municipiul BUCUREŞTI, Str. Cameliei 38 sector 1 Piaţa Cantacuzino Gh. f.n. sector 2, sf. sec. XIX - prima jum. sec. XX sf. sec. XIX - înc. XX
578,B-II-a-B-18301,Grădina Icoanei,municipiul BUCUREŞTI,Piaţa Cantacuzino Gh. f.n. sector 2 (delimitată de str. pictor Arthur Verona str. D.A. Xenopol - str. dr. Dimitrie Gerota),sf. sec. XIX - înc. XX -
579,B-II-m-B-18302,Casă,municipiul BUCUREŞTI,Str. Caracaş C-tin dr. 3 sector 1,înc. sec. XIX
580,B-II-m-B-18303,Casă,municipiul BUCUREŞTI,Str. Caracaş C-tin dr. 8 sector 1,înc. sec. XIX
581, B-II-m-B-18304, Casă, municipiul BUCUREŞTI, Str. Caracaş C-tin dr. 10 sector 1, înc. sec. XIX
582, B-II-m-B-18305, Casă, municipiul BUCUREŞTI, Str. Caracaş C-tin dr. 13 sector 1, 1910
583,B-II-m-B-18306,Banca de Comerţ Exterior,municipiul BUCUREŞTI,Str. Carada Eugeniu 1-3 sector 3,1910
584,B-II-m-B-21065,Imobil,municipiul BUCUREȘTI,Intr. Caragiale I. L. 1 sector 2,1920 - 1945
585,B-II-m-B-18307,Casa I. L. Caragiale,municipiul BUCUREŞTI,Str. Caragiale I. L. 3 sector 3,sf. sec. XIX - prima jum. sec. XX
586,B-II-m-B-18308,Casă,municipiul BUCUREŞTI,Str. Caragiale I. L. 32 sector 2,sf. sec. XIX - prima jum. sec. XX
587,B-II-m-A-18309,Palatul Ministerului Agriculturii şi Domeniilor,municipiul BUCUREŞTI,Bd. Carol I 4 sector 3,1896
588,B-II-m-B-18310 B-II-m-B-18311,Casă Casă,municipiul BUCUREŞTI municipiul BUCUREŞTI,Bd. Carol I 6 sector 3 Bd. Carol I 8 sector 3,sf. sec. XIX sf. sec. XIX
590,B-II-m-B-18312,Casă,municipiul BUCUREŞTI,Bd. Carol I 10 sector 3,sf. sec. XIX
591,B-II-m-B-18313,Fostul Imobil „Astra“,municipiul BUCUREŞTI,Bd. Carol I 12 sector 3,înc. sec. XX
592,B-II-m-B-18314,Imobil,municipiul BUCUREŞTI,Bd. Carol I 25 sector 2,prima jum. sec. XX
593,B-II-m-B-18315,Imobil,municipiul BUCUREŞTI,Bd. Carol I 27 sector 2,prima jum. sec. XX
594,B-II-m-B-18316,"Fostul Hotel Naţional, azi ASIROM",municipiul BUCUREŞTI,Bd. Carol I 31-33 sector 2,prima jum. sec. XX
595,B-II-m-B-18317,Imobil,municipiul BUCUREŞTI,Bd. Carol I 37 sector 2,prima jum. sec. XX
596, B-II-m-B-18318, Imobil, municipiul BUCUREŞTI, Bd. Carol I 39 sector 2, prima jum. sec. XX
597, B-II-a-B-18319, Ansamblul Bisericii Armeneşti, municipiul BUCUREŞTI, Bd. Carol I 43 sector 2, prima jum. sec. XX
598,B-II-m-B-18320,Biserica Armenească,municipiul BUCUREŞTI,Bd. Carol I 43 sector 2,1911
599,B-II-m-B-18321,Biblioteca Armenească,municipiul BUCUREŞTI,Bd. Carol I 43 sector 2,prima jum. sec. XX
600,B-II-m-B-18322 B-II-m-B-18323,Imobil Imobil,municipiul BUCUREŞTI municipiul BUCUREŞTI,Bd. Carol I 53 sector 2 Bd. Carol I 55 sector 2,sf. sec. XIX - înc. sec. XX sf. sec. XIX - înc. sec. XX
602,B-II-m-B-18324,Imobil,municipiul BUCUREŞTI,Bd. Carol I 59 sector 2,sf. sec. XIX - prima jum. sec. XX
603,B-II-m-B-18325,Casă,municipiul BUCUREŞTI,Bd. Carol I 64 sector 2,înc. sec. XX
604,B-II-m-B-18326,Casă,municipiul BUCUREŞTI,Bd. Carol I 66 sector 2,înc. sec. XX
605,B-II-m-B-18327,Imobil,municipiul BUCUREŞTI,Bd. Carol I 72 sector 2,sf. sec. XIX - prima jum. sec. XX
606,B-II-a-B-18328,"Ansamblul de arhitectură ""Bd. Lascăr Catargiu""",municipiul BUCUREŞTI,Bd. Catargiu Lascăr sector 1,sf. sec. XIX - prima jum. sec. XX
607,B-II-m-B-18329,Casă,municipiul BUCUREŞTI,Bd. Catargiu Lascăr 8 sector 1,sf. sec. XIX - înc. sec. XX
608, B-II-m-B-18330, Casa Dinu Lipatti, municipiul BUCUREŞTI, Bd. Catargiu Lascăr 12 sector 1, sf. sec. XIX - înc. sec. XX
609, B-II-m-B-18331, Casa g-ral Arion, municipiul BUCUREŞTI, Bd. Catargiu Lascăr 15 sector 1, sf. sec. XIX - înc. sec. XX
610,B-II-m-B-18332,Casa Amiral Vasile Urseanu,municipiul BUCUREŞTI,Bd. Catargiu Lascăr 21 sector 1,sf. sec. XIX - înc. sec. XX
611,B-II-m-B-18334,Casa Henri Coandă,municipiul BUCUREŞTI,Bd. Catargiu Lascăr 29 sector 1,sf. sec. XIX - înc. sec. XX
612,B-II-m-B-21051 B-II-m-B-18335,Casa cu cariatide Fosta casă I. Cămărăşescu,municipiul BUCUREȘTI municipiul BUCUREŞTI,Bd. Catargiu Lascăr 30 sector 1 Bd. Catargiu Lascăr 39 sector 1,1890 - 1920 sf. sec. XIX - înc. sec. XX
614,B-II-m-B-18336,Casa Dr. Dobrovici,municipiul BUCUREŞTI,Bd. Catargiu Lascăr 40 sector 1,sf. sec. XIX - înc. sec. XX
615,B-II-m-B-18337,Casă,municipiul BUCUREŞTI,Bd. Catargiu Lascăr 50 sector 1,sf. sec. XIX - înc. sec. XX
616,B-II-m-A-18338,Casa Ing. Vasilescu,municipiul BUCUREŞTI,Bd. Catargiu Lascăr 54 sector 1,sf. sec. XIX
617,B-II-m-B-18339,Casă,municipiul BUCUREŞTI,Bd. Catargiu Lascăr 56 sector 1,sf. sec. XIX - înc. sec. XX
618,B-II-m-B-18340,Casă,municipiul BUCUREŞTI,Bd. Catargiu Lascăr 58 sector 1,sf. sec. XIX - înc. sec. XX
619,B-II-m-B-18341,Casă,municipiul BUCUREŞTI,Str. Cavafii Vechi 11 sector 3,sf. sec. XIX - prima jum. sec. XX
620, B-II-m-B-18342, Casă, municipiul BUCUREŞTI, Str. Cavafii Vechi 13 sector 3, sf. sec. XIX - prima jum. sec. XX
621, B-II-m-B-18344, Imobil, municipiul BUCUREŞTI, Calea Călăraşilor 34 sector 3, prima jum. sec. XX
622,B-II-m-B-18345,Imobil,municipiul BUCUREŞTI,Calea Călăraşilor 36 sector 3,prima jum. sec. XX
623,B-II-m-B-18346,Imobil,municipiul BUCUREŞTI,Calea Călăraşilor 36A sector 3,prima jum. sec. XX
624,B-II-m-B-18347 B-II-m-B-18348,Imobil Imobil,municipiul BUCUREŞTI municipiul BUCUREŞTI,Calea Călăraşilor 38 sector 3 Calea Călăraşilor 42 sector 3,prima jum. sec. XX prima jum. sec. XX
626,B-II-m-B-18349,Imobil,municipiul BUCUREŞTI,Calea Călăraşilor 44 sector 3,prima jum. sec. XX
627,B-II-m-B-18350,Imobil,municipiul BUCUREŞTI,Calea Călăraşilor 46 sector 3,prima jum. sec. XX
628,B-II-m-B-18351,Casă,municipiul BUCUREŞTI,Calea Călăraşilor 48 sector 3,sf. sec. XIX - prima jum. sec. XX
629,B-II-m-B-18352,Casă,municipiul BUCUREŞTI,Calea Călăraşilor 54 sector 3,sf. sec. XIX
630,B-II-m-B-18353,Casă,municipiul BUCUREŞTI,Calea Călăraşilor 57 sector 3,sf. sec. XIX
631,B-II-m-B-18354,Casă,municipiul BUCUREŞTI,Calea Călăraşilor 57A sector 3,sf. sec. XIX
632, B-II-m-B-18355, Casă, municipiul BUCUREŞTI, Calea Călăraşilor 58 sector 3, sf. sec. XIX
633, B-II-m-B-18356, Casă, municipiul BUCUREŞTI, Calea Călăraşilor 59 sector 3, sf. sec. XIX
634,B-II-m-B-18357,Casă,municipiul BUCUREŞTI,Calea Călăraşilor 61 sector 3,sf. sec. XIX
635,B-II-m-B-18358,Casă,municipiul BUCUREŞTI,Calea Călăraşilor 62 sector 3,sf. sec. XIX
636,B-II-m-B-18359 B-II-m-B-18360,Casă Casă,municipiul BUCUREŞTI municipiul BUCUREŞTI,Calea Călăraşilor 64 sector 3 Calea Călăraşilor 66 sector 3,sf. sec. XIX sf. sec. XIX
638,B-II-m-B-18361,Casă,municipiul BUCUREŞTI,Calea Călăraşilor 67 sector 3,sf. sec. XIX
639,B-II-m-B-18362,Casă,municipiul BUCUREŞTI,Calea Călăraşilor 69 sector 3,sf. sec. XIX
640,B-II-m-B-18363,Casă,municipiul BUCUREŞTI,Calea Călăraşilor 72 sector 3,sf. sec. XIX
641,B-II-m-B-18364,Casă,municipiul BUCUREŞTI,Calea Călăraşilor 74 sector 3,sf. sec. XIX
642,B-II-m-B-18365,Casă,municipiul BUCUREŞTI,Calea Călăraşilor 77 sector 3,sf. sec. XIX
643,B-II-m-B-18366,Casă,municipiul BUCUREŞTI,Calea Călăraşilor 78 sector 3,sf. sec. XIX
644, B-II-m-B-18367, Casă, municipiul BUCUREŞTI, Calea Călăraşilor 82 sector 3, sf. sec. XIX
645,B-II-m-A-18368,Biserica „Sf. Ştefan“ - Călăraşi,municipiul BUCUREŞTI,Calea Călăraşilor 83 sector 3,1768
646,B-II-m-B-18369,Casă,municipiul BUCUREŞTI,Calea Călăraşilor 84 sector 3,sf. sec. XIX
647,B-II-m-B-18370,Imobil,municipiul BUCUREŞTI,Calea Călăraşilor 85 sector 3,sf. sec. XIX
648,B-II-m-B-18371 B-II-m-B-18372,Imobil Casă,municipiul BUCUREŞTI municipiul BUCUREŞTI,Calea Călăraşilor 87 sector 3 Calea Călăraşilor 88 sector 3,sf. sec. XIX sf. sec. XIX
650,B-II-m-B-18373,Casă,municipiul BUCUREŞTI,Calea Călăraşilor 89 sector 3,sf. sec. XIX
651,B-II-m-B-18374,Casă,municipiul BUCUREŞTI,Calea Călăraşilor 91 sector 3,sf. sec. XIX
652,B-II-m-B-18375,Casă,municipiul BUCUREŞTI,Calea Călăraşilor 92 sector 3,sf. sec. XIX
653,B-II-m-B-18376,Casă,municipiul BUCUREŞTI,Calea Călăraşilor 93 sector 3,sf. sec. XIX
654,B-II-m-B-18377,Casă,municipiul BUCUREŞTI,Calea Călăraşilor 96 sector 3,sec. XIX-XX
655,B-II-m-B-18378,Casă de târgoveţ,municipiul BUCUREŞTI,Calea Călăraşilor 97 sector 3,sf. sec. XIX
656, B-II-m-B-18379, Casă, municipiul BUCUREŞTI, Calea Călăraşilor 101 sector 3, sf. sec. XIX
657,B-II-m-B-18380,Casă,municipiul BUCUREŞTI,Calea Călăraşilor 103 sector 3,sec. XIX-XX
658,B-II-m-B-18381,Casă,municipiul BUCUREŞTI,Calea Călăraşilor 105 sector 3,sf. sec. XIX
659,B-II-m-B-18382,Casă,municipiul BUCUREŞTI,Calea Călăraşilor 106 sector 3,sf. sec. XIX
660,B-II-m-B-18383 B-II-m-B-18384,Casă Casă,municipiul BUCUREŞTI municipiul BUCUREŞTI,Calea Călăraşilor 107 sector 3 Calea Călăraşilor 108 sector 3,sf. sec. XIX sf. sec. XIX
662,B-II-m-B-18385,Casă,municipiul BUCUREŞTI,Calea Călăraşilor 109 sector 3,sf. sec. XIX
663,B-II-m-B-18386,Casă,municipiul BUCUREŞTI,Calea Călăraşilor 110 sector 3,sf. sec. XIX
664,B-II-m-B-18387,Casă,municipiul BUCUREŞTI,Calea Călăraşilor 111 sector 3,1895
665,B-II-m-B-18388,Casă,municipiul BUCUREŞTI,Calea Călăraşilor 124 sector 3,sf. sec. XIX
666,B-II-m-B-18389,Casă,municipiul BUCUREŞTI,Calea Călăraşilor 126 sector 3,sf. sec. XIX
667,B-II-m-B-18390,Casă,municipiul BUCUREŞTI,Calea Călăraşilor 129 sector 3,sf. sec. XIX
668, B-II-m-B-18391, Casă, municipiul BUCUREŞTI, Calea Călăraşilor 130 sector 3, sf. sec. XIX
669,B-II-m-B-18392,Casă,municipiul BUCUREŞTI,Calea Călăraşilor 132 sector 3,sf. sec. XIX - prima jum. sec. XX
670,B-II-m-A-18393,Hala Traian,municipiul BUCUREŞTI,Calea Călăraşilor 133 sector 3,1896
671,B-II-m-B-18394,Casă,municipiul BUCUREŞTI,Calea Călăraşilor 134 sector 3,sf. sec. XIX
672,B-II-m-B-18395 B-II-m-B-18396,Casă Imobil,municipiul BUCUREŞTI municipiul BUCUREŞTI,Calea Călăraşilor 136 sector 3 Calea Călăraşilor 137 sector 3,prima jum. sec. XX prima jum. sec. XX
674,B-II-m-B-18397,Casă,municipiul BUCUREŞTI,Calea Călăraşilor 139 sector 3,sf. sec. XIX
675,B-II-m-B-18398,Casă,municipiul BUCUREŞTI,Calea Călăraşilor 141 sector 3,sf. sec. XIX
676,B-II-m-B-18399,Casă,municipiul BUCUREŞTI,Calea Călăraşilor 142 sector 3,sf. sec. XIX
677,B-II-m-B-18400,Imobil,municipiul BUCUREŞTI,Calea Călăraşilor 144 sector 3,prima jum. sec. XX
678,B-II-m-B-18401,Casă,municipiul BUCUREŞTI,Calea Călăraşilor 146 sector 3,sf. sec. XIX
679,B-II-m-B-18402,Imobil,municipiul BUCUREŞTI,Calea Călăraşilor 148 sector 3,1909
680, B-II-m-B-18404, Imobil, municipiul BUCUREŞTI, Calea Călăraşilor 151 sector 3, sf. sec. XIX - prima jum. sec. XX
681, B-II-m-B-18405, Imobil, municipiul BUCUREŞTI, Calea Călăraşilor 152 sector 3, prima jum. sec. XX
682,B-II-m-B-18406,"Fostul Cinematograf ""Arta""",municipiul BUCUREŞTI,Calea Călăraşilor 153 sector 3,sf. sec. XIX - prima jum. sec. XX
683,B-II-m-B-18407,Casă,municipiul BUCUREŞTI,Calea Călăraşilor 155 sector 3,prima jum. sec. XX
684,B-II-m-B-18408 B-II-m-B-18409,Casă Casă,municipiul BUCUREŞTI municipiul BUCUREŞTI,Calea Călăraşilor 163 sector 3 Calea Călăraşilor 255 sector 3,prima jum. sec. XX prima jum. sec. XX
686,B-II-a-B-18410,"Ansamblul de arhitectură ""Str. Căldărari""",municipiul BUCUREŞTI,Str. Căldărari sector 3,sf. sec. XIX - prima jum. sec. XX
687,B-II-m-B-18411,Casa George Călinescu,municipiul BUCUREŞTI,Str. Călinescu George 53 sector 1,prima jum. sec. XX
688,B-II-m-B-18412,Casă,municipiul BUCUREŞTI,Str. Căuzaşi 26 sector 3,sf. sec. XIX - prima jum. sec. XX
689,B-II-m-B-18413,Casă,municipiul BUCUREŞTI,Str. Căuzaşi 29 sector 3,sf. sec. XIX - prima jum. sec. XX
690,B-II-m-B-18414,Casă,municipiul BUCUREŞTI,Str. Căuzaşi 31 sector 3,sf. sec. XIX - prima jum. sec. XX
691,B-II-m-B-18415,Casă,municipiul BUCUREŞTI,Str. Căuzaşi 33 sector 3,sf. sec. XIX - prima jum. sec. XX
692,B-II-m-B-18416,Casă,municipiul BUCUREŞTI,Str. Căuzaşi 38 sector 3,sf. sec. XIX - prima jum. sec. XX
693, B-II-m-B-18417, Casă, municipiul BUCUREŞTI, Str. Căuzaşi 40 sector 3, sf. sec. XIX - prima jum. sec. XX
694, B-II-m-B-18418, Casă, municipiul BUCUREŞTI, Str. Căuzaşi 43 sector 3, sf. sec. XIX - prima jum. sec. XX
695,B-II-m-B-18420,Imobil,municipiul BUCUREŞTI,Str. Câmpineanu Ion 2 sector 1,1920
696,B-II-m-B-18421 B-II-m-B-18422,Fostul Hotel Negoiu Blocul Adriatica,municipiul BUCUREŞTI municipiul BUCUREŞTI,Str. Câmpineanu Ion 16 sector 1 Str. Câmpineanu Ion 20 sector 1,prima jum. sec. XX sf. sec. XIX
698,B-II-m-B-18423,Sala Palatului,municipiul BUCUREŞTI,Str. Câmpineanu Ion 28 sector 1,jum. sec. XX
699,B-II-m-B-19947,Halele Centrale Obor,municipiul BUCUREŞTI,Aleea Câmpul Moşilor 5 sector 2,1937 - 1950
700,B-II-a-B-18429,"Ansamblul de arhitectură ""Str. Chile""",municipiul BUCUREŞTI,Str. Chile sector 1,prima jum. sec. XX
701,B-II-m-B-18430,Casă,municipiul BUCUREŞTI,Str. Chile 4 sector 1,prima jum. sec. XX
702,B-II-m-B-18431,Casă,municipiul BUCUREŞTI,Str. Chile 8 sector 1,prima jum. sec. XX
703,B-II-m-B-18432,Casă,municipiul BUCUREŞTI,Str. Chile 10 sector 1,prima jum. sec. XX
704, B-II-m-B-18433, Casă, municipiul BUCUREŞTI, Str. Chiristigiilor 22 sector 2, sf. sec. XIX - prima jum. sec. XX
705, B-II-m-B-18434, Imobil, municipiul BUCUREŞTI, Str. Chiristigiilor 24 sector 2, înc. sec. XX
706,B-II-m-A-20964,Circul de Stat - pavilionul central,municipiul BUCUREŞTI,Aleea Circului 15 sector 2,1961
707,B-II-m-B-18435,Imobil,municipiul BUCUREŞTI,Str. Clemenceau Georges 2 sector 1,1890
708,B-II-m-B-18436 B-II-m-B-18437,Casă Casă,municipiul BUCUREŞTI municipiul BUCUREŞTI,Str. Clemenceau Georges 5 sector 1 Str. Clopotarii Vechi 4 sector 1,sf. sec. XIX sf. sec. XIX
710,B-II-m-B-18438,Casa George Oprescu,municipiul BUCUREŞTI,Str. Clunet dr. 16 sector 5,prima jum. sec. XX
711,B-II-a-B-18439,"Ansamblul de arhitectură ""Str. Henri Coandă""",municipiul BUCUREŞTI,Str. Coandă Henri sector 1,sf. sec. XIX
712,B-II-m-B-18440,"Casa Macca - Institutul de Arheologie ""Vasile Pârvan""",municipiul BUCUREŞTI,Str. Coandă Henri 11 sector 1,sf. sec. XIX
713,B-II-m-B-18441,Casa Alex. G. Florescu,municipiul BUCUREŞTI,Str. Coandă Henri 22 sector 1,sf. sec. XIX
714,B-II-m-B-18442,Casa Maria şi George Severeanu,municipiul BUCUREŞTI,Str. Coandă Henri 26 sector 1,sf. sec. XIX
715,B-II-m-B-18443,Casa Argetoianu,municipiul BUCUREŞTI,Str. Coandă Henri 36 sector 1,sf. sec. XIX
716, B-II-a-B-18444, Parcul Plumbuita, municipiul BUCUREŞTI, Şos. Colentina f.n. sector 2 (delimitat str. Doamna Ghica - Şos. Colentina - str. Fabrica de Gheaţă - Lacul Plumbuita), de sf. sec. XIX
717,B-II-m-B-18445,Imobil,municipiul BUCUREŞTI,Str. Colţei 1 sector 3,sf. sec. XIX
718,B-II-m-B-18446,Imobil,municipiul BUCUREŞTI,Str. Colţei 2 sector 3,sf. sec. XIX
719, B-II-m-B-18447, Casă, municipiul BUCUREŞTI, Str. Colţei 3 sector 3, sf. sec. XIX
720, B-II-m-B-18448 B-II-m-B-18449, Casă Casă, municipiul BUCUREŞTI municipiul BUCUREŞTI, Str. Colţei 4 sector 3 Str. Colţei 5 sector 3, sf. sec. XIX sf. sec. XIX
722,B-II-m-B-18450,Casă,municipiul BUCUREŞTI,Str. Colţei 6 sector 3,sf. sec. XIX
723,B-II-m-B-18451,Casă,municipiul BUCUREŞTI,Str. Colţei 7 sector 3,sf. sec. XIX
724,B-II-m-B-18452,"Locuinţă cu prăvalie, faţadă 1848",municipiul BUCUREŞTI,Str. Colţei 8 sector 3,1848
725,B-II-m-B-18453,Imobil,municipiul BUCUREŞTI,Str. Colţei 9 sector 3,sf. sec. XIX
726,B-II-m-B-18454,Casă,municipiul BUCUREŞTI,Str. Colţei 16 sector 3,sf. sec. XIX
727,B-II-m-B-18455,Casă,municipiul BUCUREŞTI,Str. Colţei 18 sector 3,sf. sec. XIX
728, B-II-m-B-18456, Casă, municipiul BUCUREŞTI, Str. Colţei 20 sector 3, cca. 1865
729, B-II-m-B-18457, Casă, municipiul BUCUREŞTI, Str. Colţei 21 sector 3, sf. sec. XIX
730,B-II-m-B-18458,Casă,municipiul BUCUREŞTI,Str. Colţei 22 sector 3,sf. sec. XIX
731,B-II-m-B-18459,Fostul magazin Star & Cohn,municipiul BUCUREŞTI,Str. Colţei 24 sector 3,sf. sec. XIX
732,B-II-m-B-18460 B-II-m-B-18461,Imobil Imobil,municipiul BUCUREŞTI municipiul BUCUREŞTI,Str. Colţei 25 sector 3 Str. Colţei 26 sector 3,sf. sec. XIX sf. sec. XIX
734,B-II-m-B-18462,Imobil,municipiul BUCUREŞTI,Str. Colţei 27 sector 3,sf. sec. XIX
735,B-II-m-B-18463,Casă,municipiul BUCUREŞTI,Str. Colţei 34B sector 3,sf. sec. XIX
736,B-II-m-B-18464,Casă,municipiul BUCUREŞTI,Str. Colţei 38 sector 3,sf. sec. XIX
737,B-II-m-B-18466,Casă,municipiul BUCUREŞTI,Str. Colţei 40B sector 3,sf. sec. XIX
738,B-II-m-B-18467,Imobil,municipiul BUCUREŞTI,Str. Colţei 42 sector 3,sf. sec. XIX
739,B-II-m-B-18468,Imobil,municipiul BUCUREŞTI,Str. Colţei 44 sector 3,sf. sec. XIX
740, B-II-m-B-18469, Imobil, municipiul BUCUREŞTI, Str. Colţei 46 sector 3, 1900
741,B-II-m-B-18470,Casă,municipiul BUCUREŞTI,Str. Colţei 48 sector 3,sf. sec. XIX
742,B-II-m-B-18471,Casă,municipiul BUCUREŞTI,Str. Colţei 50 sector 3,sf. sec. XIX
743,B-II-m-B-18472,Casă,municipiul BUCUREŞTI,Str. Colţei 52 sector 3,sf. sec. XIX
744,B-II-a-B-18473 B-II-m-B-18474,"Ansamblul de arhitectură ""Pasajul Comercial"" Casă",municipiul BUCUREŞTI municipiul BUCUREŞTI,"Pasajul Comercial, între str. Gabroveni str. Lipscani sector 3 Str. Constantinescu Al. 34 sector 1",şi sf. sec. XIX prima jum. sec. XX
746,B-II-m-B-18475,Casă,municipiul BUCUREŞTI,Str. Constantinescu Al. 36 sector 1,prima jum. sec. XX
747,B-II-m-B-18476,Casă,municipiul BUCUREŞTI,Str. Constantinescu Al. 38 sector 1,prima jum. sec. XX
748,B-II-m-B-18477,Casă,municipiul BUCUREŞTI,Str. Constantinescu Al. 42 sector 1,prima jum. sec. XX
749,B-II-m-B-18478,Casă,municipiul BUCUREŞTI,Str. Constantinescu Al. 51 sector 1,prima jum. sec. XX
750,B-II-m-B-18479,Vila Vernescu,municipiul BUCUREŞTI,Str. Constantinescu Al. 55 sector 1,prima jum. sec. XX
751,B-II-m-B-18481,Casă,municipiul BUCUREŞTI,Str. Constantinescu M. prof. 1 sector,3 sf. sec. XIX - prima jum. sec. XX
752, B-II-m-B-18482, Casă, municipiul BUCUREŞTI, Str. Constantinescu M. prof. 3 sector, 3 sf. sec. XIX - prima jum. sec. XX
753, B-II-m-B-18483, Casă, municipiul BUCUREŞTI, Str. Constantinescu M. prof. 5 sector, 3 sf. sec. XIX - prima jum. sec. XX
754,B-II-m-B-18484,Casă,municipiul BUCUREŞTI,Str. Constantinescu M. prof. 7 sector,3 sf. sec. XIX - prima jum. sec. XX
755,B-II-m-B-18485,Imobil,municipiul BUCUREŞTI,Bd. Coposu Corneliu 33 sector 3,sf. sec. XIX - înc. sec. XX
756,B-II-m-B-18486 B-II-m-B-18487,Imobil Casă,municipiul BUCUREŞTI municipiul BUCUREŞTI,"Bd. Coposu Corneliu 35 sector 3 Bd. Coposu Corneliu 37 sector 3, Bd.",sf. sec. XIX - înc. sec. XX sf. sec. XIX
758,B-II-m-B-18488,Imobil,municipiul BUCUREŞTI,Bd. Coposu Corneliu 39A sector 3,prima jum. sec. XX
759,B-II-m-B-18489,Imobil,municipiul BUCUREŞTI,Bd. Coposu Corneliu 39B sector 3,sf. sec. XIX - înc. sec. XX
760,B-II-m-B-18490,Imobil,municipiul BUCUREŞTI,Bd. Coposu Corneliu 41B sector 3,înc. sec. XX
761,B-II-m-B-18491,Casă,municipiul BUCUREŞTI,Bd. Coposu Corneliu 55 sector 3,sec. XIX
762,B-II-m-B-18492,Liceul „Emil Racoviţă“,municipiul BUCUREŞTI,Str. Coravu Ion maior 2 sector 2,1940 - 1946
763,B-II-m-B-18493,Casă,municipiul BUCUREŞTI,Str. Costache Aristia 29 sector 1,sec. XX
764, B-II-m-B-18494, Casă, municipiul BUCUREŞTI, Bd. Coşbuc George 3 sector 4, sf. sec. XIX - înc. sec. XX
765, B-II-m-B-18495, Casă, municipiul BUCUREŞTI, Bd. Coşbuc George 11 sector 4, sf. sec. XIX - înc. sec. XX
766,B-II-m-B-18496,Casă,municipiul BUCUREŞTI,Bd. Coşbuc George 13 sector 4,sf. sec. XIX - înc. sec. XX
767,B-II-m-B-18497,Casă,municipiul BUCUREŞTI,Bd. Coşbuc George 15 sector 4,sf. sec. XIX - înc. sec. XX
768,B-II-m-B-18498 B-II-m-B-18499,Casă Casă,municipiul BUCUREŞTI municipiul BUCUREŞTI,Bd. Coşbuc George 15A sector 4 Bd. Coşbuc George 31-37 sector 5,sf. sec. XIX - înc. sec. XX sf. sec. XIX - înc. sec. XX
770,B-II-m-B-18500,"Fostul Seminar Teologic, azi Institutul Tehnic Militar",municipiul BUCUREŞTI,Bd. Coşbuc George 39-49 sector 5,sf. sec. XIX - înc. sec. XX
771,B-II-m-B-18501,Casă,municipiul BUCUREŞTI,Bd. Coşbuc George 40 sector 5,sf. sec. XIX - înc. sec. XX
772,B-II-m-B-18502,Casă,municipiul BUCUREŞTI,Bd. Coşbuc George 50 sector 5,sf. sec. XIX - înc. sec. XX
773,B-II-m-B-18503,Casă,municipiul BUCUREŞTI,Bd. Coşbuc George 51-61 sector 5,sf. sec. XIX - înc. sec. XX
774,B-II-m-B-18504,Casă,municipiul BUCUREŞTI,Bd. Coşbuc George 52 sector 5,sf. sec. XIX - înc. sec. XX
775,B-II-m-B-18505,Casă,municipiul BUCUREŞTI,Bd. Coşbuc George 67 sector 5,sf. sec. XIX - înc. sec. XX
776, B-II-m-B-18506, Casă, municipiul BUCUREŞTI, Bd. Coşbuc George 69 sector 5, sf. sec. XIX - înc. sec. XX
777, B-II-m-B-18507, Casă, municipiul BUCUREŞTI, Bd. Coşbuc George 71 sector 5, sf. sec. XIX - înc. sec. XX
778,B-II-a-B-18508,Grădina Botanică,municipiul BUCUREŞTI,Şos. Cotroceni 32 sector 6 (delimitată Şos. Cotroceni - Şos. Grozăveşti - Splaiul Independenţei - str. Dimitrie Brândză),de sf. sec. XIX - înc. sec. XX
779, B-II-a-B-18509," Ansamblul de arhitectură ""Str. Covaci""", municipiul BUCUREŞTI, Str. Covaci sector 3, sf. sec. XIX
780, B-II-m-B-18510 B-II-m-B-18511, Cafeneaua veche Biserica „Sf. Nicolae“ -, municipiul BUCUREŞTI municipiul BUCUREŞTI," Str. Covaci 16 sector 3 Str. Credinţei 2A sector 3, Str. Ilioara", jum. sec. XIX 17 înc. sec. XIX
782,B-II-m-B-18512,Casă,municipiul BUCUREŞTI,Str. Cristian Radu 2 sector 2,1900
783,B-II-m-B-18513,Casă,municipiul BUCUREŞTI,Str. Cristian Radu 3 sector 2,sf. sec. XIX - prima jum. sec. XX
784,B-II-m-B-18514,Imobil,municipiul BUCUREŞTI,Str. Cristian Radu 5 sector 2,înc. sec. XX
785,B-II-m-B-18515,Casa arh. Arghir Culina,municipiul BUCUREŞTI,Str. Cristian Radu 7 sector 2,sf. sec. XIX - prima jum. sec. XX
786,B-II-m-B-18516,Casă,municipiul BUCUREŞTI,Str. Cristian Radu 8 sector 2,sf. sec. XIX - prima jum. sec. XX
787,B-II-m-A-18517,"Biserica ""Schimbarea la Faţă"" - Cuţitul de Argint",municipiul BUCUREŞTI,Str. Cuţitul de Argint 1 sector 4,"sec. XVIII - XIX, 1906"
788,B-II-m-A-18518,"Observatorul astronomic ""Bosianu""",municipiul BUCUREŞTI,Str. Cuţitul de Argint 5 sector 4,1908
789, B-II-m-B-18519, Casă, municipiul BUCUREŞTI, Str. Cuza Alexandru Ioan 17 sector 1, sf. sec. XIX
790,B-II-m-B-18520,Casă,municipiul BUCUREŞTI,Str. Cuza Alexandru Ioan 19 sector 1,sf. sec. XIX
791,B-II-m-B-18521,Casă,municipiul BUCUREŞTI,Str. Cuza Alexandru Ioan 21 sector 1,sf. sec. XIX
792,B-II-m-B-18522 B-II-a-B-18523,Casă Ansamblul de arhitectură,municipiul BUCUREŞTI municipiul BUCUREŞTI,"Str. Cuza Alexandru Ioan 24 sector 1 Bd. Dacia, între str. Polonă şi str. Aurel",sf. sec. XIX sf. sec. XIX - înc. sec. XX
794,B-II-m-A-18524,"Casa Kreţulescu, azi Muzeul Literaturii Române",municipiul BUCUREŞTI,Bd. Dacia 12 sector 1,1863
795, B-II-m-B-18525, Casă, municipiul BUCUREŞTI, Bd. Dacia 56 sector 1, sf. sec. XIX - înc. sec. XX
796,B-II-m-B-18526,Casă,municipiul BUCUREŞTI,Bd. Dacia 58 sector 1,sf. sec. XIX - înc. sec. XX
797,B-II-m-B-18527,Casă,municipiul BUCUREŞTI,Bd. Dacia 60 sector 1,sf. sec. XIX - înc. sec. XX
798,B-II-m-B-18528,Imobil locuinţe - ing. E. Prager,municipiul BUCUREŞTI,Bd. Dacia 61 sector 1,prima jum. sec. XX
799,B-II-m-B-18529,Casă,municipiul BUCUREŞTI,Bd. Dacia 62 sector 2,prima jum. sec. XX
800,B-II-m-B-18530,Imobil locuinţe - Th. Nicolau,municipiul BUCUREŞTI,Bd. Dacia 66 sector 1,prima jum. sec. XX
801,B-II-m-B-18531,Casă,municipiul BUCUREŞTI,Bd. Dacia 67 sector 1,prima jum. sec. XX
802,B-II-m-B-18532,Imobil locuinţe - Margittay,municipiul BUCUREŞTI,Bd. Dacia 69 sector 1,prima jum. sec. XX
803, B-II-m-B-18533, Imobil, municipiul BUCUREŞTI, Bd. Dacia 72 sector 2, prima jum. sec. XX
804, B-II-m-B-18534 B-II-m-B-18535, Imobil Casă, municipiul BUCUREŞTI municipiul BUCUREŞTI, Bd. Dacia 74 sector 2 Bd. Dacia 75 sector 1, prima jum. sec. XX prima jum. sec. XX
806,B-II-m-B-18536,Casa Cihoski,municipiul BUCUREŞTI,Bd. Dacia 76-78 sector 2,prima jum. sec. XX
807,B-II-m-B-18537,Casă,municipiul BUCUREŞTI,Bd. Dacia 79 sector 1,prima jum. sec. XX
808,B-II-m-B-18538,Imobil,municipiul BUCUREŞTI,Bd. Dacia 82 sector 2,prima jum. sec. XX
809,B-II-m-B-18539,Casă,municipiul BUCUREŞTI,Bd. Dacia 83 sector 1,prima jum. sec. XX
810,B-II-m-B-18540,Imobil,municipiul BUCUREŞTI,Bd. Dacia 84 sector 2,prima jum. sec. XX
811,B-II-m-B-18541,Imobil,municipiul BUCUREŞTI,Bd. Dacia 85 sector 2,prima jum. sec. XX
812, B-II-m-B-18543, Imobil, municipiul BUCUREŞTI, Bd. Dacia 86 sector 2, prima jum. sec. XX
813,B-II-m-B-18542,Casă,municipiul BUCUREŞTI,Bd. Dacia 87 sector 2,sf. sec. XIX
814,B-II-m-B-18544,Imobil,municipiul BUCUREŞTI,Bd. Dacia 89 sector 2,prima jum. sec. XX
815,B-II-m-B-18545,Imobil,municipiul BUCUREŞTI,Bd. Dacia 91 sector 2,prima jum. sec. XX
816,B-II-m-B-18546 B-II-m-B-18547,Imobil Imobil,municipiul BUCUREŞTI municipiul BUCUREŞTI,Bd. Dacia 95 sector 2 Bd. Dacia 96 sector 2,prima jum. sec. XX prima jum. sec. XX
818,B-II-m-B-18548,Imobil,municipiul BUCUREŞTI,Bd. Dacia 101 sector 2,1900
819,B-II-m-B-18549,Imobil,municipiul BUCUREŞTI,Bd. Dacia 103 sector 2,prima jum. sec. XX
820,B-II-m-B-18550,Muzeul C. C. şi C. A. Nottara,municipiul BUCUREŞTI,Bd. Dacia 105 sector 2,prima jum. sec. XX
821,B-II-m-B-18551,Casă,municipiul BUCUREŞTI,Bd. Dacia 107 sector 2,prima jum. sec. XX
822,B-II-m-B-18552,Liceul „Dimitrie Cantemir“,municipiul BUCUREŞTI,Bd. Dacia 117 sector 2,1925
823,B-II-m-B-21046,Biserica „Sf. Nicolae” și „Sf. Mucenic Miron”,municipiul BUCUREȘTI,Str. Daimaca Victor 1 sector 1,"1931, 1946"
824, B-II-m-B-18553, Imobil locuinţe-prof. dr. Marinescu, municipiul BUCUREŞTI, Str. Danielopol Gheorghe 3 sector 4, prima jum. sec. XX
825, B-II-a-B-18554," Ansamblul de arhitectură ""Intr. Sergent Nicolae Dascălu""", municipiul BUCUREŞTI, Intr. Dascălu Nicolae serg. sector 1, prima jum. sec. XX
826,B-II-m-B-18555,Imobil,municipiul BUCUREŞTI,Intr. Dascălu Nicolae serg. 2 sector 1,prima jum. sec. XX
827, B-II-m-B-18556, Imobil, municipiul BUCUREŞTI, Intr. Dascălu Nicolae serg. 4 sector 1, prima jum. sec. XX
828, B-II-m-B-18557 B-II-m-B-18558, Imobil Imobil, municipiul BUCUREŞTI municipiul BUCUREŞTI, Intr. Dascălu Nicolae serg. 6 sector 1 Intr. Dascălu Nicolae serg. 8 sector 1, prima jum. sec. XX prima jum. sec. XX
830,B-II-m-B-18559,Casa Ion Barbu,municipiul BUCUREŞTI,Str. Davila Carol dr. 4 sector 5,prima jum. sec. XX
831,B-II-m-B-18560,Casa M. Nicolescu,municipiul BUCUREŞTI,Str. Davila Carol dr. 8 sector 5,prima jum. sec. XX
832,B-II-a-A-18802,Parcul Herăstrău,municipiul BUCUREŞTI,"Piaţa De Gaulle Charles f.n. sector 1 (delimitat de Bd. Prezan Constantin, mareşal - Şos. Kiseleff, Şos. Bucureşti- Ploieşti - str. Elena Văcărescu - Şos. Nordului - Bd. Aviatorilor)",prima jum. sec. XX
833,B-II-m-B-18569,Casa Gheorghe Costaforu,municipiul BUCUREŞTI,Aleea Dealul Mitropoliei 7 sector 4,prima jum. sec. XX
834,B-II-m-B-18570,Casa arh. Gh. Simotta,municipiul BUCUREŞTI,Aleea Dealul Mitropoliei 15 sector 4,prima jum. sec. XX
835,B-II-a-A-18571,Ansamblul Patriarhiei Bisericii Ortodoxe Române,municipiul BUCUREŞTI,Aleea Dealul Mitropoliei 21-25 sector,4 sec. XVII - XX
836, B-II-m-A-18571.01," Catedrala Patriarhală ""Sf. Împăraţi Constantin şi Elena""", municipiul BUCUREŞTI, Aleea Dealul Mitropoliei 21 sector 4, 1654 - 1658
837,B-II-m-A-18571.02,Turn clopotniţă,municipiul BUCUREŞTI,Aleea Dealul Mitropoliei 21 sector 4,sec. XVIII
838,B-II-m-A-18571.03,Paraclis şi Reşedinţă Patriarhală,municipiul BUCUREŞTI,Aleea Dealul Mitropoliei 21 sector 4,sec. XVIII
839, B-II-m-B-18571.04," Palatul Patriarhal, fostul sediu al Camerei", municipiul BUCUREŞTI, Aleea Dealul Mitropoliei 25 sector 4, înc. sec. XX
840,B-II-m-B-20920,Casă,municipiul BUCUREŞTI,Str. Delavrancea Barbu Ştefănescu 57 sector 1,1921 - 1930
841,B-II-m-B-18573,Casă,municipiul BUCUREŞTI,Str. Demarat Zossima prof. 2 sector 3,sf. sec. XIX - prima jum. sec. XX
842,B-II-m-B-18574,Casă,municipiul BUCUREŞTI,Str. Demarat Zossima prof. 6 sector 3,sf. sec. XIX - prima jum. sec. XX
843,B-II-m-B-18575,"Casă, azi sediu al Institutului Naţional al Patrimoniului",municipiul BUCUREŞTI,Str. Demarat Zossima prof. 8 sector 3,sf. sec. XIX - prima jum. sec. XX
844,B-II-m-B-18576,"Capela ""Sacre Coeur""",municipiul BUCUREŞTI,Str. Demetriade Gh. cpt. av. 1-3 sector,1 prima jum. sec. XX
845,B-II-m-B-18577,Casă,municipiul BUCUREŞTI,Str. Demetriade Gh. cpt. av. 16 sector,1 prima jum. sec. XX
846,B-II-m-A-21053,Imobil,municipiul BUCUREȘTI,Str. Dianei 9 sector 2,1907 - 1911
847,B-II-m-B-18578,Casă,municipiul BUCUREŞTI,Str. Doamna Chiajna 24 sector 3,prima jum. sec. XX
848,B-II-m-B-18579,Casă,municipiul BUCUREŞTI,Str. Doamna Chiajna 25 sector 3,prima jum. sec. XX
849, B-II-m-B-18580, Casă, municipiul BUCUREŞTI, Str. Doamna Chiajna 26 sector 3, prima jum. sec. XX
850, B-II-m-B-18581 B-II-a-A-18582, Casă Ansamblul Palatul Ghica -, municipiul BUCUREŞTI municipiul BUCUREŞTI, Str. Doamna Chiajna 160 sector 3 Str. Doamna Ghica 3-5 sector 2, prima jum. sec. XX înc. sec. XIX - XX
852,B-II-m-A-18582.02,"Biserica ""Înălţarea Domnului"" - Ghica - Tei",municipiul BUCUREŞTI,Str. Doamna Ghica 3 sector 2,mijl. sec. XVIII - XIX
853,B-II-m-A-18582.01,Palatul Grigore Ghica - Tei,municipiul BUCUREŞTI,Str. Doamna Ghica 5 sector 2,1822
854,B-II-m-B-18583,Aşezămintele Nifon,municipiul BUCUREŞTI,Str. Doamnei 1 sector 3,sf. sec. XIX
855,B-II-m-A-18584,"Biserica ""Intrarea Maicii Domnului în Biserică"" - Doamnei",municipiul BUCUREŞTI,"Str. Doamnei 1 sector 3, Calea Victoriei sector 3",28 1683
856,B-II-m-A-18586,Banca Marmorosch - Blank,municipiul BUCUREŞTI,"Str. Doamnei 2, 4, 6 sector 3",1923
857,B-II-m-B-18585,Imobil,municipiul BUCUREŞTI,Str. Doamnei 3 sector 3,prima jum. sec. XX
858,B-II-m-B-18587,Imobil,municipiul BUCUREŞTI,Str. Doamnei 5 sector 3,prima jum. sec. XX
859,B-II-m-A-18588,Banca Naţională a României (corp nou),municipiul BUCUREŞTI,Str. Doamnei 6-10 sector 3,prima jum. sec. XX
860,B-II-m-B-18589,Cinema Doina (Terra) - faţada principală dinspre Strada Doamnei,municipiul BUCUREŞTI,Str. Doamnei 9 sector 3,sf. sec. XIX
861,B-II-m-B-18590,Sediu bancă,municipiul BUCUREŞTI,Str. Doamnei 12 sector 3,prima jum. sec. XX
862,B-II-m-B-18591 B-II-m-B-18592,Casele F. Göbl Universitatea „Spiru,municipiul BUCUREŞTI municipiul BUCUREŞTI,Str. Doamnei 14-16 sector 3 Str. Doamnei 15 sector 3,sf. sec. XIX prima jum. sec. XX
864,B-II-m-B-18593,Casă,municipiul BUCUREŞTI,Str. Doamnei 18 sector 3,sf. sec. XIX
865, B-II-a-B-18594, Ansamblul Bisericii Bulgare, municipiul BUCUREŞTI, Str. Doamnei 20 sector 3, sec. XVIII - XX
866,B-II-m-B-18594.01,Casa parohială,municipiul BUCUREŞTI,Str. Doamnei 20 sector 3,sf. sec. XIX
867,B-II-m-B-18594.02,Biserica Bulgară,municipiul BUCUREŞTI,Str. Doamnei 20 sector 3,1725
868,B-II-m-B-18595,Casă,municipiul BUCUREŞTI,Str. Doamnei 21 sector 3,sf. sec. XIX
869,B-II-m-B-18596,Creditul Rural,municipiul BUCUREŞTI,Str. Doamnei 22 sector 3,sf. sec. XIX
870,B-II-m-B-18597,Casă,municipiul BUCUREŞTI,Str. Doamnei 23 sector 3,1884
871,B-II-m-B-18598,"Palatul Fundaţiei Regale Carol I, azi Biblioteca Centrală Universitară (corp vechi)",municipiul BUCUREŞTI,Str. Dobrescu I. Dem 1 sector 1,1891 - 1895
872,B-II-m-B-18599,"Casă, azi Biblioteca Centrală Universitară",municipiul BUCUREŞTI,Str. Dobrescu I. Dem 3 sector 1,1914
873,B-II-m-B-18600 B-II-m-B-18601,"Casă, Sediul Uniunii Arhitecţilor din România Fosta Legaţie austro-",municipiul BUCUREŞTI municipiul BUCUREŞTI,Str. Dobrescu I. Dem 5 sector 1 Str. Dobrescu I. Dem 7-11 sector 1,sec. XIX 1884
875,B-II-m-B-18602,Casă,municipiul BUCUREŞTI,Str. Docenţilor 10 sector 1,prima jum. sec. XX
876,B-II-m-B-18603,Casă,municipiul BUCUREŞTI,Str. Docenţilor 20 sector 1,prima jum. sec. XX
877,B-II-a-B-18604,"Ansamblul de arhitectură ""Str. Domniţa Anastasia""",municipiul BUCUREŞTI,"Str. Domniţa Anastasia, între str. Brezoianu şi str. Lipscani (numere impare) sector 5",sf. sec. XIX
878,B-II-m-B-18605,Fosta Judecătorie a Ocolului 1,municipiul BUCUREŞTI,Str. Domniţa Anastasia 1 sector 5,sf. sec. XIX
879,B-II-m-B-18606,Casă,municipiul BUCUREŞTI,Str. Domniţa Anastasia 5 sector 5,sf. sec. XIX
880,B-II-m-B-18607,Casa Gheorghe Tattarescu,municipiul BUCUREŞTI,Str. Domniţa Anastasia 7 sector 5,sf. sec. XIX
881,B-II-m-B-18608,Casă,municipiul BUCUREŞTI,Str. Domniţa Anastasia 9 sector 5,sf. sec. XIX
882,B-II-m-B-18609,Casă,municipiul BUCUREŞTI,Str. Domniţa Anastasia 11 sector 5,sf. sec. XIX
883,B-II-m-B-18610,Casa Av. Lenş,municipiul BUCUREŞTI,Str. Donici Alexandru 23 sector 2,1892
884, B-II-m-B-18611, Casa G-ral Lahovary, municipiul BUCUREŞTI, Str. Donici Alexandru 28 sector 2, sf. sec. XIX
885, B-II-m-B-18612 B-II-m-B-18613, Casa Pan Halipa Casa Elie Radu, municipiul BUCUREŞTI municipiul BUCUREŞTI, Str. Donici Alexandru 32 sector 2 Str. Donici Alexandru 40 sector 2, sf. sec. XIX sf. sec. XIX
887,B-II-m-B-20947,Casa Constantin (Dinu) I.C. Brătianu,municipiul BUCUREŞTI,Calea Dorobanţilor 16 sector 1,1911 - 1912
888,B-II-m-B-18614,Blocul Zodiac,municipiul BUCUREŞTI,Calea Dorobanţilor 36-40 sector 1,prima jum. sec. XX
889,B-II-m-B-18615,Casa Maria Lahovary,municipiul BUCUREŞTI,Calea Dorobanţilor 39 sector 1,1889
890,B-II-m-B-18616,Casa J. Al. Steriadi,municipiul BUCUREŞTI,Calea Dorobanţilor 49 sector 1,sf. sec. XIX
891,B-II-m-B-21069,Casa Slătineanu,municipiul BUCUREȘTI,Calea Dorobanților 60 sector 1,1884
892,B-II-m-B-18617,Casa P. P. Carp,municipiul BUCUREŞTI,Calea Dorobanţilor 72 sector 1,sf. sec. XIX - înc. sec. XX
893, B-II-m-B-18618, Casă, municipiul BUCUREŞTI, Str. Drobeta 11 sector 2, sf. sec. XIX - prima jum. sec. XX
894, B-II-m-B-18619," Casa ""Poetului""", municipiul BUCUREŞTI, Str. Drossu Niculaie cpt. av. 19 sector, 1 prima jum. sec. XX
895,B-II-m-B-18620,Casă,municipiul BUCUREŞTI,Str. Drossu Niculaie cpt. av. 33 sector,1 prima jum. sec. XX
896,B-II-m-B-18623,Casă,municipiul BUCUREŞTI,Calea Dudeşti 98 sector 3,prima jum. sec. XX
897,B-II-m-B-18624 B-II-m-B-18625,Casă Casă,municipiul BUCUREŞTI municipiul BUCUREŞTI,Calea Dudeşti 101A sector 3 Calea Dudeşti 102 sector 3,prima jum. sec. XX prima jum. sec. XX
899,B-II-m-B-18626,Casă,municipiul BUCUREŞTI,Calea Dudeşti 105 sector 3,prima jum. sec. XX
900,B-II-m-B-18627,Casă,municipiul BUCUREŞTI,Calea Dudeşti 107 sector 3,prima jum. sec. XX
901,B-II-m-B-18628,Casă,municipiul BUCUREŞTI,Calea Dudeşti 111 sector 3,prima jum. sec. XX
902,B-II-m-B-18629,Casă,municipiul BUCUREŞTI,Calea Dudeşti 113 sector 3,prima jum. sec. XX
903,B-II-m-B-18630,Casă,municipiul BUCUREŞTI,Calea Dudeşti 115 sector 3,prima jum. sec. XX
904,B-II-m-B-18631,Casă,municipiul BUCUREŞTI,Calea Dudeşti 117 sector 3,prima jum. sec. XX
905, B-II-m-B-18632, Casă, municipiul BUCUREŞTI, Calea Dudeşti 117bis sector 3, sf. sec. XIX
906,B-II-m-B-18633,Casă,municipiul BUCUREŞTI,Calea Dudeşti 119A sector 3,prima jum. sec. XX
907,B-II-m-B-18634,Casă,municipiul BUCUREŞTI,Calea Dudeşti 123A sector 3,sec. XIX - XX
908,B-II-m-B-18635,"Liceul industrial ""Timpuri Noi""",municipiul BUCUREŞTI,Calea Dudeşti 127 sector 3,sf. sec. XIX
909,B-II-m-B-18636 B-II-m-B-18637,Casă Casă,municipiul BUCUREŞTI municipiul BUCUREŞTI,Calea Dudeşti 129 sector 3 Calea Dudeşti 131 sector 3,prima jum. sec. XX prima jum. sec. XX
911,B-II-m-B-18638,Farmacie,municipiul BUCUREŞTI,Calea Dudeşti 133 sector 3,sf. sec. XIX
912,B-II-m-B-18639,Casă,municipiul BUCUREŞTI,Calea Dudeşti 134 sector 3,prima jum. sec. XX
913,B-II-m-B-18640,Casă,municipiul BUCUREŞTI,Calea Dudeşti 135 sector 3,prima jum. sec. XX
914,B-II-m-B-18641,Casă,municipiul BUCUREŞTI,Calea Dudeşti 139 sector 3,prima jum. sec. XX
915,B-II-m-B-18642,Casă,municipiul BUCUREŞTI,Calea Dudeşti 141 sector 3,prima jum. sec. XX
916,B-II-m-B-18643,Casă,municipiul BUCUREŞTI,Calea Dudeşti 142 sector 3,prima jum. sec. XX
917, B-II-m-B-18644, Casă, municipiul BUCUREŞTI, Calea Dudeşti 147 sector 3, prima jum. sec. XX
918,B-II-m-B-18645,Casă,municipiul BUCUREŞTI,Calea Dudeşti 155B sector 3,sf. sec. XIX
919,B-II-m-B-18646,Casă,municipiul BUCUREŞTI,Calea Dudeşti 161 sector 3,prima jum. sec. XX
920,B-II-m-B-18647,Casă,municipiul BUCUREŞTI,Calea Dudeşti 182A sector 3,prima jum. sec. XX
921,B-II-m-B-18649 B-II-m-B-18621,"Fabrica de ţesături ""7 Noiembrie"" Şcoala primară ""C.",municipiul BUCUREŞTI municipiul BUCUREŞTI,Calea Dudeşti 188 sector 3 Calea Dudeşti 191 sector 3,sf. sec. XIX - prima jum. sec. XX sf. sec. XIX
923,B-II-m-B-18622,"Cămin Cultural ""C. Bosianu"" - fațadele principală și laterale",municipiul BUCUREŞTI,Calea Dudeşti 191 sector 3,sf. sec. XIX
924, B-II-a-B-18650," Ansamblul de arhitectură ""Str. Dumbrava Roşie nr. 1-11; 2-16""", municipiul BUCUREŞTI, Str. Dumbrava Roşie sector 2, sf. sec. XIX - înc. sec. XX
925,B-II-m-B-18651,Casă,municipiul BUCUREŞTI,Str. Dumbrava Roşie 1 sector 2,sf. sec. XIX - prima jum. sec. XX
926,B-II-m-B-18652,Casă,municipiul BUCUREŞTI,Str. Dumbrava Roşie 2 sector 2,sf. sec. XIX - prima jum. sec. XX
927, B-II-m-B-18653, Casă, municipiul BUCUREŞTI, Str. Dumbrava Roşie 3 sector 2, sf. sec. XIX - prima jum. sec. XX
928, B-II-m-B-18654, Casă, municipiul BUCUREŞTI, Str. Dumbrava Roşie 4 sector 2, sf. sec. XIX - prima jum. sec. XX
929,B-II-m-B-18655,Casă,municipiul BUCUREŞTI,Str. Dumbrava Roşie 5 sector 2,sf. sec. XIX - prima jum. sec. XX
930,B-II-m-B-18656,Casă,municipiul BUCUREŞTI,Str. Dumbrava Roşie 6 sector 2,sf. sec. XIX - prima jum. sec. XX
931,B-II-m-B-18657,Casă,municipiul BUCUREŞTI,Str. Dumbrava Roşie 7 sector 2,sf. sec. XIX - prima jum. sec. XX
932,B-II-m-B-18658,Casă,municipiul BUCUREŞTI,Str. Dumbrava Roşie 8 sector 2,sf. sec. XIX - prima jum. sec. XX
933,B-II-m-B-18659 B-II-m-B-18660,Casă Casă,municipiul BUCUREŞTI municipiul BUCUREŞTI,Str. Dumbrava Roşie 9 sector 2 Str. Dumbrava Roşie 10 sector 2,sf. sec. XIX - prima jum. sec. XX sf. sec. XIX - prima jum.
935,B-II-m-B-18661,Casă,municipiul BUCUREŞTI,Str. Dumbrava Roşie 11 sector 2,sf. sec. XIX - prima jum. sec. XX
936,B-II-m-B-18662,Casă,municipiul BUCUREŞTI,Str. Dumbrava Roşie 12 sector 2,sf. sec. XIX - prima jum. sec. XX
937,B-II-m-B-18663,Casă,municipiul BUCUREŞTI,Str. Dumbrava Roşie 14 sector 2,sf. sec. XIX - prima jum. sec. XX
938,B-II-m-B-18664,Casă,municipiul BUCUREŞTI,Str. Dumbrava Roşie 16 sector 2,sf. sec. XIX - prima jum. sec. XX
939,B-II-m-B-18665,Casă,municipiul BUCUREŞTI,Str. Dumbrava Roşie 26 sector 2,sf. sec. XIX - prima jum. sec. XX
940,B-II-m-B-18666,Casă,municipiul BUCUREŞTI,Str. Eforiei 2 sector 5,sf. sec. XIX - prima jum. sec. XX
941,B-II-m-B-18667,Imobil în care au locuit arh. Petre Antonescu şi Victor Eftimiu,municipiul BUCUREŞTI,Intr. Eftimiu Victor 9 sector 1,prima jum. sec. XX
942,B-II-a-B-18668,"Ansamblul de arhitectură ""Str. Jacques Elias""",municipiul BUCUREŞTI,Str. Elias Jacques sector 3,sf. sec. XIX
943,B-II-m-B-18669,Casă,municipiul BUCUREŞTI,Str. Elias Jacques 2 sector 3,sf. sec. XIX
944,B-II-m-B-18670,Imobil,municipiul BUCUREŞTI,Str. Elias Jacques 3 sector 3,sf. sec. XIX
945, B-II-m-B-18671 B-II-a-B-18672, Casă Ansamblul de arhitectură, municipiul BUCUREŞTI municipiul BUCUREŞTI," Str. Elias Jacques 4 sector 3 Bd. Elisabeta, între Bd. I. C. Brătianu şi", sf. sec. XIX Bd. sf. sec. XIX - prima jum.
947,B-II-m-A-18673,Imobil cu birouri de raport,municipiul BUCUREŞTI,Bd. Elisabeta 3 sector 3,1935
948,B-II-m-A-18674,Universitatea Bucureşti,municipiul BUCUREŞTI,Bd. Elisabeta 4-14 sector 1,1869
949,B-II-m-A-18675,"Banca Comercială Română, fostul Palat al Societăţii de Asigurări ""Generala""",municipiul BUCUREŞTI,Bd. Elisabeta 5 sector 3,1906
950, B-II-m-B-18676, Imobil de raport, municipiul BUCUREŞTI, Bd. Elisabeta 9 sector 3, prima jum. sec. XX
951, B-II-m-B-18677, Imobil, municipiul BUCUREŞTI, Bd. Elisabeta 15-19 sector 3, prima jum. sec. XX
952,B-II-m-A-18678,"""Grand Hotel du Boulevard""",municipiul BUCUREŞTI,Bd. Elisabeta 21 sector 5,1867
953,B-II-m-B-18679,Imobil,municipiul BUCUREŞTI,Bd. Elisabeta 25 sector 5,prima jum. sec. XX
954,B-II-m-B-18680,Cinema Bucureşti,municipiul BUCUREŞTI,Bd. Elisabeta 26 sector 5,prima jum. sec. XX
955,B-II-m-B-18681,"Palatul Fostei Eforii a Spitalelor Civile - Primăria Sectorului 5, faţada principală",municipiul BUCUREŞTI,Bd. Elisabeta 29-31 sector 5,"1886, 1935"
956, B-II-m-B-18682 B-II-m-B-18683, Imobil Cinema Capitol, municipiul BUCUREŞTI municipiul BUCUREŞTI, Bd. Elisabeta 33 sector 5 Bd. Elisabeta 36 sector 5, prima jum. sec. XX sf. sec. XIX - înc. sec. XX
958,B-II-m-B-18684,Imobil,municipiul BUCUREŞTI,Bd. Elisabeta 37 sector 5,prima jum. sec. XX
959,B-II-m-B-18685,Imobil,municipiul BUCUREŞTI,Bd. Elisabeta 39 sector 5,prima jum. sec. XX
960,B-II-m-B-18686,Imobil,municipiul BUCUREŞTI,Bd. Elisabeta 41 sector 5,prima jum. sec. XX
961,B-II-m-B-18687,"Imobil, fostul Club Austro- Ungar",municipiul BUCUREŞTI,Bd. Elisabeta 45 sector 5,sf. sec. XIX - înc. sec. XX
962,B-II-a-A-19655,Grădina Cişmigiu,municipiul BUCUREŞTI,"Bd. Elisabeta 46 sector 5, (delimitată Bd. Schitu Măgureanu - str. Ştirbei Vodă str. Poiana Narciselor - str. Ion Brezoianu Bd. Elisabeta)",de sec. XIX - -
963,B-II-m-A-18688,"Fostul Palat al Ministerului Lucrărilor Publice, azi Palatul administrativ al Municipiului Bucureşti",municipiul BUCUREŞTI,Bd. Elisabeta 47 sector 5,1906 - 1910
964,B-II-m-B-18689,"Colegiul Naţional ""Gheorghe Lazăr""",municipiul BUCUREŞTI,Bd. Elisabeta 48 sector 5,1890
965,B-II-m-B-18690,Arhivele Naţionale,municipiul BUCUREŞTI,Bd. Elisabeta 49 sector 5,prima jum. sec. XX
966,B-II-m-B-18691,Casa Corpului Didactic,municipiul BUCUREŞTI,Bd. Elisabeta 52 sector 5,prima jum. sec. XX
967, B-II-m-B-18692 B-II-m-B-20948, Ministerul Justiţiei Imobil, municipiul BUCUREŞTI municipiul BUCUREŞTI, Bd. Elisabeta 53 sector 5 Str. Eminescu Mihai 27 sector 1, 1930 1893
969,B-II-m-B-20949,Casă,municipiul BUCUREŞTI,Str. Eminescu Mihai 29 sector 1,1922
970,B-II-m-B-18693,Casă,municipiul BUCUREŞTI,Str. Eminescu Mihai 93 sector 2,prima jum. sec. XX
971,B-II-m-B-18694,Casă,municipiul BUCUREŞTI,Str. Eminescu Mihai 97 sector 2,sf. sec. XIX - prima jum. sec. XX
972,B-II-m-B-18695,Imobil,municipiul BUCUREŞTI,Str. Eminescu Mihai 103 sector 2,prima jum. sec. XX
973,B-II-m-B-18696,Casa D. Panaitescu- Perpessicius,municipiul BUCUREŞTI,Str. Eminescu Mihai 122 sector 2,sec. XX
974,B-II-m-B-18697,Casă,municipiul BUCUREŞTI,Str. Eminescu Mihai 134 sector 2,sf. sec. XIX - prima jum. sec. XX
975, B-II-m-B-18698, Casă, municipiul BUCUREŞTI, Str. Eminescu Mihai 136 sector 2, sf. sec. XIX - prima jum. sec. XX
976, B-II-m-B-18699, Casă, municipiul BUCUREŞTI, Str. Eminescu Mihai 138 sector 2, sf. sec. XIX - prima jum. sec. XX
977,B-II-m-B-18700,Casă,municipiul BUCUREŞTI,Str. Eminescu Mihai 144 sector 2,sf. sec. XIX - prima jum. sec. XX
978,B-II-m-B-18701,Casa Henrieta Delavrancea - Gibory,municipiul BUCUREŞTI,Str. Eminescu Mihai 149 sector 2,prima jum. sec. XX
979,B-II-m-B-18702 B-II-m-B-18703,Casa Săulescu Hotel Athenée Palace,municipiul BUCUREŞTI municipiul BUCUREŞTI,Str. Enescu George 38 sector 1 Str. Episcopiei 1 sector 1,sec. XIX 1914
981,B-II-m-B-18704,Casă,municipiul BUCUREŞTI,Str. Episcopul Radu 29 sector 2,"sf. sec. XIX, 1933"
982,B-II-m-B-18705,Casă de birjar,municipiul BUCUREŞTI,Str. Episcopul Radu 53-55 sector 2,sf. sec. XIX
983,B-II-m-A-18706,"Fosta Facultate de Medicină, azi Universitatea de Medicină şi Farmacie",municipiul BUCUREŞTI,Bd. Eroii Sanitari 8 sector 5,1900 - 1903
984, B-II-m-B-18707, Casă, municipiul BUCUREŞTI, Bd. Eroii Sanitari 12 sector 5, prima jum. sec. XX
985, B-II-m-B-18708, Casă, municipiul BUCUREŞTI, Bd. Eroii Sanitari 18 sector 5, prima jum. sec. XX
986,B-II-m-B-18709,Casă,municipiul BUCUREŞTI,Bd. Eroii Sanitari 59 sector 5,prima jum. sec. XX
987,B-II-m-B-18710,Casă,municipiul BUCUREŞTI,Bd. Eroii Sanitari 61 sector 5,prima jum. sec. XX
988,B-II-m-B-18711,Casă,municipiul BUCUREŞTI,Bd. Eroii Sanitari 69 sector 5,prima jum. sec. XX
989,B-II-m-B-18712,Casă,municipiul BUCUREŞTI,Bd. Eroii Sanitari 71 sector 5,prima jum. sec. XX
990,B-II-m-B-18713,Casă,municipiul BUCUREŞTI,Bd. Eroii Sanitari 73 sector 5,prima jum. sec. XX
991,B-II-m-B-18715 B-II-a-B-21033,Casă Ansamblul Muzeului,municipiul BUCUREŞTI municipiul BUCUREȘTI,Bd. Eroii Sanitari 89 sector 5 Str. Fabrica de Glucoză 2-4 sector 2,prima jum. sec. XX 1916 - 1958
993,B-II-m-B-21033.01,Clădirea administrativă,municipiul BUCUREȘTI,Str. Fabrica de Glucoză 2-4 sector 2,cca. 1920
994,B-II-m-B-21033.02,Clădirea principală a muzeului,municipiul BUCUREȘTI,Str. Fabrica de Glucoză 2-4 sector 2,
995,B-II-m-B-21033.03,Biblioteca,municipiul BUCUREȘTI,Str. Fabrica de Glucoză 2-4 sector 2,anii '30 ai sec. XX
996,B-II-m-B-21033.04,Hangarul nr. 2,municipiul BUCUREȘTI,Str. Fabrica de Glucoză 2-4 sector 2,anii '30 ai sec. XX
997,B-II-m-B-21033.05,Hangarul nr. 3,municipiul BUCUREȘTI,Str. Fabrica de Glucoză 2-4 sector 2,anii '20 ai sec. XX
998,B-II-m-B-18716,Casă,municipiul BUCUREŞTI,Str. Felix Iacob dr. 51 sector 1,prima jum. sec. XX
999, B-II-m-B-18717, Casă, municipiul BUCUREŞTI, Str. Felix Iacob dr. 66 sector 1, prima jum. sec. XX
1000, B-II-m-B-18718, Casă, municipiul BUCUREŞTI, Bd. Ferdinand I 3 sector 2, prima jum. sec. XX
1001,B-II-m-B-18719,Casa Maria Budişteanu,municipiul BUCUREŞTI,Bd. Ferdinand I 13 sector 2,1897
1002,B-II-m-B-18720,Casa Flechtenmacher,municipiul BUCUREŞTI,Bd. Ferdinand I 15 sector 2,1897
1003,B-II-m-B-18721 B-II-m-B-18722,Casă Foişorul de Foc,municipiul BUCUREŞTI municipiul BUCUREŞTI,Bd. Ferdinand I 31 sector 2 Bd. Ferdinand I 33 sector 2,sf. sec. XIX 1889
1005,B-II-m-B-18723,Administraţia Financiară Sector 2,municipiul BUCUREŞTI,Bd. Ferdinand I 89A sector 2,prima jum. sec. XX
1006,B-II-m-B-18724,Casă,municipiul BUCUREŞTI,Str. Fetiţelor 2 sector 3,sf. sec. XIX - prima jum. sec. XX
1007,B-II-m-B-18725,Casă,municipiul BUCUREŞTI,Str. Fetiţelor 4 sector 3,sf. sec. XIX - prima jum. sec. XX
1008,B-II-m-B-18727,Casă,municipiul BUCUREŞTI,Str. Fetiţelor 7 sector 3,sf. sec. XIX - prima jum. sec. XX
1009,B-II-m-B-18728,Casa dr. Petrini-Galaţi,municipiul BUCUREŞTI,Str. Filipescu Nicolae 31 sector 2,sf. sec. XIX
1010,B-II-m-B-18729,Casă,municipiul BUCUREŞTI,Str. Filipescu Nicolae 45 sector 2,sf. sec. XIX
1011,B-II-m-B-18730,Casă,municipiul BUCUREŞTI,Str. Filipescu Nicolae 61 sector 2,sf. sec. XIX
1012, B-II-m-B-18731, Casa Grigoraş Dinicu, municipiul BUCUREŞTI, Str. Finlanda 10 sector 1, prima jum. sec. XX
1013,B-II-m-B-18732,Casă,municipiul BUCUREŞTI,Calea Floreasca 23 sector 1,prima jum. sec. XX
1014,B-II-m-B-18733,Casă,municipiul BUCUREŞTI,Calea Floreasca 33 sector 1,prima jum. sec. XX
1015,B-II-a-A-20926 B-II-m-A-20926.01,"Ansamblul ""Sucursala Ford"" Pavilionul Administrativ -",municipiul BUCUREŞTI municipiul BUCUREŞTI,Calea Floreasca 159 sector 1 Calea Floreasca 159 sector 1, 1935
1017,B-II-m-A-20926.02,Faţadele de E şi de V şi acoperirea halei interbelice - corp 2,municipiul BUCUREŞTI,Calea Floreasca 159 sector 1,1935
1018, B-II-m-B-18734, Casă, municipiul BUCUREŞTI, Calea Floreasca 200 sector 1, prima jum. sec. XX
1019,B-II-m-B-18735,Biserica „Sf. Sofia“ - Floreasca,municipiul BUCUREŞTI,Calea Floreasca 216 sector 1,sec. XVIII
1020,B-II-m-B-18736,Casă,municipiul BUCUREŞTI,Calea Floreasca 221 sector 1,prima jum. sec. XX
1021,B-II-m-B-18738,Casă,municipiul BUCUREŞTI,Str. Florescu Ion g-ral 1 sector 3,prima jum. sec. XX
1022,B-II-m-B-18739,Casă,municipiul BUCUREŞTI,Str. Florescu Ion g-ral 6 sector 3,sf. sec. XIX
1023,B-II-m-B-18740,Casă,municipiul BUCUREŞTI,Str. Florescu Ion g-ral 8 sector 3,sf. sec. XIX - prima jum. sec. XX
1024,B-II-m-B-18741,Casă,municipiul BUCUREŞTI,Str. Florescu Ion g-ral 9 sector 3,sf. sec. XIX
1025,B-II-m-B-18742,Casă,municipiul BUCUREŞTI,Str. Florescu Ion g-ral 12 sector 3,sf. sec. XIX
1026, B-II-m-B-18743, Casă, municipiul BUCUREŞTI, Str. Florescu Ion g-ral 15 sector 3, înc. sec. XX
1027, B-II-m-B-18744 B-II-m-B-18745, Casă Casă, municipiul BUCUREŞTI municipiul BUCUREŞTI, Str. Florescu Ion g-ral 17 sector 3 Str. Florescu Ion g-ral 19 sector 3, sf. sec. XIX - prima jum. sec. XX sf. sec. XIX
1029,B-II-m-B-18746,Casă,municipiul BUCUREŞTI,Str. Florescu Ion g-ral 21 sector 3,înc. sec. XX
1030,B-II-m-B-18747,Casă,municipiul BUCUREŞTI,Str. Fluviului 5 sector 1,sf. sec. XIX - prima jum. sec. XX
1031,B-II-m-B-18748,Casă,municipiul BUCUREŞTI,Str. Fluviului 6 sector 1,sf. sec. XIX - prima jum. sec. XX
1032,B-II-m-B-18749,Casă,municipiul BUCUREŞTI,Str. Fluviului 9 sector 1,sf. sec. XIX - prima jum. sec. XX
1033,B-II-m-B-18750,Casă,municipiul BUCUREŞTI,Str. Fluviului 10 sector 1,sf. sec. XIX - prima jum. sec. XX
1034,B-II-m-B-18752,Casă,municipiul BUCUREŞTI,Str. Fluviului 15 sector 1,prima jum. sec. XX
1035,B-II-m-B-18753,Casă,municipiul BUCUREŞTI,Str. Fluviului 17 sector 1,sf. sec. XIX - prima jum. sec. XX
1036, B-II-m-B-18754, Casa Mihail Foişoreanu, municipiul BUCUREŞTI, Str. Foişoreanu Mihail lt. 56 sector 3, sf. sec. XIX - prima jum. sec. XX
1037,B-II-m-B-18755,Cămin cultural,municipiul BUCUREŞTI,Str. Foişorului 106 sector 3,sf. sec. XIX - prima jum. sec. XX
1038,B-II-m-B-18756,Şcoala comercială,municipiul BUCUREŞTI,Str. Foişorului 106 sector 3,sf. sec. XIX - prima jum. sec. XX
1039,B-II-m-B-18757 B-II-a-A-18758,Casă Fostul Palat Mavrocordat,municipiul BUCUREŞTI municipiul BUCUREŞTI,Str. Foişorului 118 sector 3 Str. Foişorului 119 sector 3,sf. sec. XIX - prima jum. sec. XX jum. sec. XVIII
1041,B-II-m-A-18759,Biserica „Naşterea Maicii Domnului“ - Foişor,municipiul BUCUREŞTI,Str. Foişorului 119 sector 3,1745
1042,B-II-m-A-18760,Ruinele foişorului,municipiul BUCUREŞTI,Str. Foişorului 119 sector 3,1745
1043,B-II-m-B-18761,Casă,municipiul BUCUREŞTI,Str. Foişorului 121 sector 3,sf. sec. XIX - prima jum. sec. XX
1044,B-II-m-B-18763,Casă,municipiul BUCUREŞTI,Str. Foişorului 128 sector 3,sf. sec. XIX - prima jum. sec. XX
1045,B-II-a-B-18764,"Ansamblul de arhitectură ""Pasajul Francez""",municipiul BUCUREŞTI,"Pasajul Francez, între str. Covaci şi str. Gabroveni sector 3",sf. sec. XIX
1046,B-II-a-B-18765,"Ansamblul de arhitectură ""Strada Franceză""",municipiul BUCUREŞTI,Str. Franceză sector 3,sf. sec. XIX
1047,B-II-m-B-18766,Casă,municipiul BUCUREŞTI,Str. Franceză 2-4 sector 3,sf. sec. XIX
1048, B-II-m-B-18767, Casă, municipiul BUCUREŞTI, Str. Franceză 8 sector 3, sf. sec. XIX
1049,B-II-m-B-18768,Imobil,municipiul BUCUREŞTI,Str. Franceză 9 sector 3,sf. sec. XIX
1050,B-II-m-B-18769,Casă,municipiul BUCUREŞTI,Str. Franceză 11 sector 3,sf. sec. XIX
1051,B-II-m-B-18770 B-II-m-B-18771,Casă Casă,municipiul BUCUREŞTI municipiul BUCUREŞTI,Str. Franceză 12 sector 3 Str. Franceză 13 sector 3,sf. sec. XIX sf. sec. XIX
1053,B-II-m-B-18772,Casă,municipiul BUCUREŞTI,Str. Franceză 14 sector 3,sf. sec. XIX
1054,B-II-m-B-18773,Casă,municipiul BUCUREŞTI,Str. Franceză 16 sector 3,sf. sec. XIX
1055,B-II-m-B-18774,Casă,municipiul BUCUREŞTI,Str. Franceză 17 sector 3,1867
1056,B-II-m-B-18775,Casă,municipiul BUCUREŞTI,Str. Franceză 18 sector 3,1892
1057,B-II-m-B-18776,Casă,municipiul BUCUREŞTI,Str. Franceză 20 sector 3,sf. sec. XIX
1058,B-II-m-B-18777,Imobil,municipiul BUCUREŞTI,Str. Franceză 28 sector 3,sf. sec. XIX
1059, B-II-m-B-18778, Casă, municipiul BUCUREŞTI, Str. Franceză 30 sector 3, 1872
1060,B-II-a-A-18779,"Ansamblul medieval ""Curtea Veche""",municipiul BUCUREŞTI,Str. Franceză 31 sector 3,sec. XV - XVIII
1061,B-II-m-B-18780,Casă,municipiul BUCUREŞTI,Str. Franceză 32 sector 3,sec. XIX
1062,B-II-a-A-18781,Ansamblul Bisericii Curtea Veche,municipiul BUCUREŞTI,Str. Franceză 33 sector 3,"sec. XVI - XVIII, sec. XX"
1063,B-II-m-A-18781.01 B-II-m-A-18781.02,"Biserica ""Buna Vestire"" - Curtea Veche Casă parohială",municipiul BUCUREŞTI municipiul BUCUREŞTI,Str. Franceză 33 sector 3 Str. Franceză 33 sector 3,sec. XVI - XVIII 1935
1065,B-II-m-B-18782,Casă,municipiul BUCUREŞTI,Str. Franceză 34 sector 3,sf. sec. XIX
1066,B-II-m-B-18783,Casă,municipiul BUCUREŞTI,Str. Franceză 36 sector 3,sf. sec. XIX
1067,B-II-m-B-18784,Casă,municipiul BUCUREŞTI,Str. Franceză 40 sector 3,1878
1068,B-II-m-B-18785,Casă,municipiul BUCUREŞTI,Str. Franceză 42 sector 3,sf. sec. XIX
1069,B-II-m-B-18786,Casă,municipiul BUCUREŞTI,Str. Franceză 44 sector 3,sf. sec. XIX
1070,B-II-m-B-18787,Casă,municipiul BUCUREŞTI,Str. Franceză 48 sector 3,sf. sec. XIX
1071, B-II-m-A-18788, Hanul lui Manuc, municipiul BUCUREŞTI," Str. Franceză 62 sector 3, Str. Halelor sector 3", 9-13 1808
1072, B-II-m-A-18789, Ateneul Român, municipiul BUCUREŞTI, Str. Franklin Benjamin 1-3 sector 1, 1886 - 1888
1073,B-II-m-B-18791,Casă,municipiul BUCUREŞTI,Str. Frumoasă 16 sector 1,sf. sec. XIX - înc. sec. XX
1074,B-II-m-B-18792,Casă,municipiul BUCUREŞTI,Str. Frumoasă 19 sector 1,1910
1075,B-II-m-B-18793 B-II-m-B-18794,Casă Casă,municipiul BUCUREŞTI municipiul BUCUREŞTI,Str. Frumoasă 24 sector 1 Str. Frumoasă 33 sector 1,sf. sec. XIX - înc. sec. XX sf. sec. XIX - înc. sec. XX
1077,B-II-m-B-18795,Casă,municipiul BUCUREŞTI,Str. Frumoasă 39 sector 1,sf. sec. XIX - înc. sec. XX
1078,B-II-m-B-18796,Casă,municipiul BUCUREŞTI,Str. Frumoasă 40 sector 1,sf. sec. XIX - înc. sec. XX
1079,B-II-m-B-18797,Casă,municipiul BUCUREŞTI,Str. Frumoasă 47 sector 1,sf. sec. XIX - înc. sec. XX
1080,B-II-a-B-18798,"Ansamblul de arhitectură ""Str. Gabroveni""",municipiul BUCUREŞTI,Str. Gabroveni sector 3,sf. sec. XIX - înc. sec. XX
1081,B-II-m-B-18799,Casa Gala Galaction,municipiul BUCUREŞTI,Str. Gala Galaction 51 sector 1,prima jum. sec. XX
1082,B-II-m-A-18800,Gara Filaret,municipiul BUCUREŞTI,Piaţa Gara Filaret 1 sector 4,1869
1083, B-II-m-B-18801, Gara Obor, municipiul BUCUREŞTI, Bd. Gara Obor 1-3 sector 2, prima jum. sec. XX
1084, B-II-m-B-18803, Gara de Nord, municipiul BUCUREŞTI, Piaţa Gării de Nord 1 sector 1, 1872
1085,B-II-m-B-18804,Casă,municipiul BUCUREŞTI,Str. Georgescu Mihail dr. 9 sector 2,1910
1086,B-II-m-B-18805,Casă,municipiul BUCUREŞTI,Str. Georgescu Mihail dr. 10 sector 2,1895
1087,B-II-m-B-18806 B-II-m-B-18807,Casă Casă,municipiul BUCUREŞTI municipiul BUCUREŞTI,Str. Georgescu Mihail dr. 11 sector 2 Str. Georgescu Mihail dr. 20 sector 2,1910 sf. sec. XIX - prima jum.
1089,B-II-m-B-18808,Casă,municipiul BUCUREŞTI,Str. Georgescu Mihail dr. 21 sector 2,sf. sec. XIX - prima jum. sec. XX
1090,B-II-m-B-18809,Casă,municipiul BUCUREŞTI,Str. Georgescu Mihail dr. 23 sector 2,sf. sec. XIX - prima jum. sec. XX
1091,B-II-m-B-18810,Casă,municipiul BUCUREŞTI,Str. Georgescu Mihail dr. 24 sector 2,sf. sec. XIX - prima jum. sec. XX
1092,B-II-m-A-18811,"Fostul Palat al Bursei, azi Biblioteca Naţională a României",municipiul BUCUREŞTI,Str. Ghica Ion 4 sector 3,1907
1093,B-II-m-B-18812,Imobil locuinţe,municipiul BUCUREŞTI,Str. Ghica Ion 5 sector 3,sf. sec. XIX - înc. sec. XX
1094,B-II-m-B-18813,Imobil locuinţe,municipiul BUCUREŞTI,Str. Ghica Ion 7 sector 3,sf. sec. XIX - înc. sec. XX
1095,B-II-m-A-18814,Biserica „Sf. Nicolae“ - Rusă,municipiul BUCUREŞTI,Str. Ghica Ion 9 sector 3,înc. sec. XX
1096,B-II-m-B-18815,Fosta Bancă franco- română,municipiul BUCUREŞTI,Str. Ghica Ion 11 sector 3,prima jum. sec. XX
1097,B-II-m-B-18816,Casă,municipiul BUCUREŞTI,Bd. Ghica Tei 67-69 sector 2,sf. sec. XIX - prima jum. sec. XX
1098,B-II-m-B-18817,Casă,municipiul BUCUREŞTI,Bd. Ghica Tei 77 sector 2,sf. sec. XIX - prima jum. sec. XX
1099, B-II-m-B-18818 B-II-m-B-18820, Casă Casă, municipiul BUCUREŞTI municipiul BUCUREŞTI, Bd. Ghica Tei 125 sector 2 Bd. Ghica Tei 127 sector 2, sf. sec. XIX - prima jum. sec. XX sf. sec. XIX - prima jum.
1101,B-II-a-B-18821,Fabrica de ţigarete „Belvedere“,municipiul BUCUREŞTI,Şos. Giuleşti 1-3 sector 6,sf. sec. XIX - înc. sec. XX
1102,B-II-m-B-18822,Casă de târgoveţ,municipiul BUCUREŞTI,Str. Giuleşti 208 sector 6,1904
1103,B-II-m-B-18823,Casă,municipiul BUCUREŞTI,Str. Gladiolelor 5-7 sector 4,sf. sec. XIX - prima jum. sec. XX
1104,B-II-m-B-18824,Casă,municipiul BUCUREŞTI,Str. Gladiolelor 12-12A sector 4,sf. sec. XIX - prima jum. sec. XX
1105,B-II-m-B-18825,Casă,municipiul BUCUREŞTI,Bd. Golescu Dinicu 16 sector 1,sf. sec. XIX - prima jum. sec. XX
1106,B-II-m-B-18826,Palatul Căilor Ferate Române,municipiul BUCUREŞTI,Bd. Golescu Dinicu 38 sector 1,1936 - 1947
1107,B-II-m-B-18828,Casă,municipiul BUCUREŞTI,Str. Grădinarilor 12 sector 3,prima jum. sec. XX
1108, B-II-m-B-18829, Casă, municipiul BUCUREŞTI, Str. Grădinarilor 20 sector 3, prima jum. sec. XX
1109,B-II-m-B-18830,Casă,municipiul BUCUREŞTI,Str. Grădinarilor 20A sector 3,prima jum. sec. XX
1110,B-II-m-B-18831,Casă,municipiul BUCUREŞTI,Str. Grădinarilor 40 sector 3,prima jum. sec. XX
1111,B-II-m-B-20950 B-II-m-B-18832,Imobil Casă,municipiul BUCUREŞTI municipiul BUCUREŞTI,Str. Grigorescu Eremia g-ral 3 sector 1 Str. Grigorescu Eremia g-ral 12 sector,1895 - 1911 1 sf. sec. XIX - înc. sec. XX
1113,B-II-m-B-18833,Casă,municipiul BUCUREŞTI,Str. Grigorescu Eremia g-ral 14 sector,1 sf. sec. XIX - înc. sec. XX
1114,B-II-m-B-18834,Casă,municipiul BUCUREŞTI,Str. Grigorescu Eremia g-ral 16 sector,1 sf. sec. XIX - înc. sec. XX
1115,B-II-m-B-18835,Casa Barbu Ştefănescu Delavrancea,municipiul BUCUREŞTI,Str. Grigorescu Eremia g-ral 26 sector,1 sf. sec. XIX - înc. sec. XX
1116,B-II-a-B-18836,"Ansamblul de arhitectură ""Calea Griviţei""",municipiul BUCUREŞTI,"Calea Griviţei, între Calea Victoriei şi str. Atelierului sector 1",sf. sec. XIX - înc. sec. XX
1117,B-II-m-B-18837,"Casă, azi imobil aparţinând Academiei de Ştiinţe Economice",municipiul BUCUREŞTI,Calea Griviţei 2 sector 1,sf. sec. XIX - înc. sec. XX
1118,B-II-m-B-18838,"Fostul sediu al Curţii de Conturi, azi Spitalul ""Dr. Carol Davila""",municipiul BUCUREŞTI,Calea Griviţei 4 sector 1,sf. sec. XIX - înc. sec. XX
1119,B-II-m-B-18839,Casa Suţu (Lahovary),municipiul BUCUREŞTI,Calea Griviţei 7 sector 1,1885
1120,B-II-m-B-18840,Casă,municipiul BUCUREŞTI,Calea Griviţei 9 sector 1,sf. sec. XIX - înc. sec. XX
1121,B-II-m-B-18841,Casă,municipiul BUCUREŞTI,Calea Griviţei 11 sector 1,sf. sec. XIX - înc. sec. XX
1122,B-II-m-B-18842,Casă,municipiul BUCUREŞTI,Calea Griviţei 13 sector 1,sf. sec. XIX - înc. sec. XX
1123,B-II-m-B-18843 B-II-m-B-18844,Casă Casă,municipiul BUCUREŞTI municipiul BUCUREŞTI,Calea Griviţei 21 sector 1 Calea Griviţei 23 sector 1,sf. sec. XIX - înc. sec. XX sf. sec. XIX - înc. sec. XX
1125,B-II-m-B-18845,Casă,municipiul BUCUREŞTI,Calea Griviţei 28 sector 1,sf. sec. XIX - înc. sec. XX
1126,B-II-m-B-18846,Casă,municipiul BUCUREŞTI,Calea Griviţei 30 sector 1,sf. sec. XIX - înc. sec. XX
1127,B-II-m-B-18847,Casă,municipiul BUCUREŞTI,Calea Griviţei 32 sector 1,sf. sec. XIX - înc. sec. XX
1128,B-II-m-B-18848,Casă,municipiul BUCUREŞTI,Calea Griviţei 33 sector 1,sf. sec. XIX - înc. sec. XX
1129,B-II-m-B-18849,Casă,municipiul BUCUREŞTI,Calea Griviţei 34 sector 1,sf. sec. XIX - înc. sec. XX
1130,B-II-m-B-18850,Casă,municipiul BUCUREŞTI,Calea Griviţei 36 sector 1,sf. sec. XIX - înc. sec. XX
1131, B-II-m-B-18851, Casă, municipiul BUCUREŞTI, Calea Griviţei 37 sector 1, sf. sec. XIX - înc. sec. XX
1132,B-II-m-B-18852,Casă,municipiul BUCUREŞTI,Calea Griviţei 39 sector 1,sf. sec. XIX - înc. sec. XX
1133,B-II-m-B-18853,Casă,municipiul BUCUREŞTI,Calea Griviţei 40 sector 1,sf. sec. XIX - înc. sec. XX
1134,B-II-m-B-18854,Casă,municipiul BUCUREŞTI,Calea Griviţei 41 sector 1,1888
1135,B-II-m-B-18855 B-II-m-B-18856,Casă Casă,municipiul BUCUREŞTI municipiul BUCUREŞTI,Calea Griviţei 42 sector 1 Calea Griviţei 46 sector 1,sf. sec. XIX - înc. sec. XX 1926
1137,B-II-m-B-18857,Casă,municipiul BUCUREŞTI,Calea Griviţei 47 sector 1,sf. sec. XIX - înc. sec. XX
1138,B-II-m-B-18858,Casa Elsner,municipiul BUCUREŞTI,Calea Griviţei 48 sector 1,sf. sec. XIX
1139,B-II-m-B-18859,Casă,municipiul BUCUREŞTI,Calea Griviţei 49 sector 1,1908
1140,B-II-m-B-18860,Casă,municipiul BUCUREŞTI,Calea Griviţei 50 sector 1,sf. sec. XIX
1141,B-II-m-B-18861,Casă,municipiul BUCUREŞTI,Calea Griviţei 52 sector 1,sf. sec. XIX
1142,B-II-m-B-18862,Casă,municipiul BUCUREŞTI,Calea Griviţei 53 sector 1,sf. sec. XIX
1143, B-II-m-B-18863, Casă, municipiul BUCUREŞTI, Calea Griviţei 54 sector 1, sf. sec. XIX
1144,B-II-m-B-18864,Casa Th. Georgescu,municipiul BUCUREŞTI,Calea Griviţei 55-57 sector 1,1884
1145,B-II-m-B-18865,Casă,municipiul BUCUREŞTI,Calea Griviţei 59 sector 1,1887
1146,B-II-m-B-18866,Casă,municipiul BUCUREŞTI,Calea Griviţei 60 sector 1,sf. sec. XIX - prima jum. sec. XX
1147,B-II-m-B-18867 B-II-m-B-18868,Casă Casă,municipiul BUCUREŞTI municipiul BUCUREŞTI,Calea Griviţei 63-65 sector 1 Calea Griviţei 69 sector 1,sf. sec. XIX - prima jum. sec. XX sf. sec. XIX - prima jum.
1149,B-II-m-B-18869,Casă,municipiul BUCUREŞTI,Calea Griviţei 70 sector 1,sf. sec. XIX - prima jum. sec. XX
1150,B-II-m-B-18870,Casă,municipiul BUCUREŞTI,Calea Griviţei 71 sector 1,sf. sec. XIX - prima jum. sec. XX
1151,B-II-m-B-18871,Casă,municipiul BUCUREŞTI,Calea Griviţei 73 sector 1,sf. sec. XIX - prima jum. sec. XX
1152,B-II-m-B-18872,Casă,municipiul BUCUREŞTI,Calea Griviţei 74 sector 1,sf. sec. XIX - prima jum. sec. XX
1153,B-II-m-B-18873,Casă,municipiul BUCUREŞTI,Calea Griviţei 75 sector 1,sf. sec. XIX - prima jum. sec. XX
1154,B-II-m-B-18874,Casă,municipiul BUCUREŞTI,Calea Griviţei 77 sector 1,1908
1155,B-II-m-B-18875,Casă,municipiul BUCUREŞTI,Calea Griviţei 79B sector 1,1927
1156, B-II-m-B-18877, Casă, municipiul BUCUREŞTI, Calea Griviţei 85 sector 1, sf. sec. XIX - prima jum. sec. XX
1157, B-II-m-B-18878, Casă, municipiul BUCUREŞTI, Calea Griviţei 89 sector 1, sf. sec. XIX - prima jum. sec. XX
1158,B-II-m-B-18879,Casă,municipiul BUCUREŞTI,Calea Griviţei 91 sector 1,sf. sec. XIX - prima jum. sec. XX
1159,B-II-m-B-18880 B-II-m-B-18881,Casă Casă,municipiul BUCUREŞTI municipiul BUCUREŞTI,Calea Griviţei 93 sector 1 Calea Griviţei 95-97 sector 1,sf. sec. XIX - prima jum. sec. XX sf. sec. XIX - prima jum.
1161,B-II-m-B-18882,Casă,municipiul BUCUREŞTI,Calea Griviţei 105 sector 1,sf. sec. XIX - prima jum. sec. XX
1162,B-II-m-B-18883,Casă,municipiul BUCUREŞTI,Calea Griviţei 111 sector 1,sf. sec. XIX - prima jum. sec. XX
1163,B-II-m-B-18884,Casa Dimitrie Petrescu,municipiul BUCUREŞTI,Calea Griviţei 115-117 sector 1,sf. sec. XIX
1164,B-II-m-B-18885,Casă,municipiul BUCUREŞTI,Calea Griviţei 121 sector 1,sf. sec. XIX - prima jum. sec. XX
1165,B-II-m-B-18886,Casă,municipiul BUCUREŞTI,Calea Griviţei 123 sector 1,sf. sec. XIX - prima jum. sec. XX
1166,B-II-m-B-18887,Casă,municipiul BUCUREŞTI,Calea Griviţei 127 sector 1,sf. sec. XIX - prima jum. sec. XX
1167,B-II-m-B-18888,Casă,municipiul BUCUREŞTI,Calea Griviţei 129 sector 1,sf. sec. XIX - prima jum. sec. XX
1168, B-II-m-B-18889, Casă, municipiul BUCUREŞTI, Calea Griviţei 131 sector 1, sf. sec. XIX - prima jum. sec. XX
1169, B-II-m-B-18890, Cinematograful Marconi, municipiul BUCUREŞTI, Calea Griviţei 137 sector 1, prima jum. sec. XX
1170,B-II-m-B-18891,"Blocul „Tinerimea Română""",municipiul BUCUREŞTI,Str. Gutenberg 19 sector 5,prima jum. sec. XX
1171,B-II-m-B-18892 B-II-m-B-18893,Vilă Vilă,municipiul BUCUREŞTI municipiul BUCUREŞTI,Str. Haga 1 sector 1 Str. Haga 3 sector 1,prima jum. sec. XX prima jum. sec. XX
1173,B-II-m-B-18894,Vilă,municipiul BUCUREŞTI,Str. Haga 7 sector 1,prima jum. sec. XX
1174,B-II-m-B-18895,Vilă,municipiul BUCUREŞTI,Str. Haga 9 sector 1,prima jum. sec. XX
1175,B-II-m-B-18896,Fostă clădire industrială,municipiul BUCUREŞTI,Str. Hagi Moscu Maria 5 sector 1,prima jum. sec. XX
1176,B-II-m-B-18898,Casă,municipiul BUCUREŞTI,Str. Hagi Moscu Maria 23 sector 1,1929
1177,B-II-m-B-18899,Casă,municipiul BUCUREŞTI,Str. Hagi Moscu Maria 24 sector 1,prima jum. sec. XX
1178,B-II-a-B-18901,"Ansamblul de arhitectură ""Str. Halelor""",municipiul BUCUREŞTI,Str. Halelor sector 3,sf. sec. XIX
1179, B-II-m-B-18902, Casă, municipiul BUCUREŞTI, Str. Halmeu 1 sector 2, prima jum. sec. XX
1180, B-II-m-B-18903, Casă, municipiul BUCUREŞTI, Str. Halmeu 5 sector 2, prima jum. sec. XX
1181,B-II-m-B-18904,Casă,municipiul BUCUREŞTI,Str. Halmeu 7 sector 2,prima jum. sec. XX
1182,B-II-m-B-18905,Casă,municipiul BUCUREŞTI,Str. Halmeu 11-13 sector 2,prima jum. sec. XX
1183,B-II-m-B-18906 B-II-m-B-18907,Casă Casă,municipiul BUCUREŞTI municipiul BUCUREŞTI,Str. Halmeu 17 sector 2 Str. Halmeu 25 sector 2,prima jum. sec. XX prima jum. sec. XX
1185,B-II-a-B-18908,"Ansamblul de arhitectură ""Str. Hanul cu Tei""",municipiul BUCUREŞTI,"Str. Hanul cu Tei sector 3, Str. Blănari sector 3, Str. Lipscani 63-65 sector 3",5 sf. sec. XIX
1186,B-II-m-B-18909,Casa P. P. Negulescu,municipiul BUCUREŞTI,Str. Haret Spiru 8 sector 1,sf. sec. XIX - înc. sec. XX
1187,B-II-m-B-18910,Casă,municipiul BUCUREŞTI,Str. Haşdeu Iulia 1A sector 1,sf. sec. XIX - înc. sec. XX
1188,B-II-m-B-18911,Casă,municipiul BUCUREŞTI,Str. Haşdeu Iulia 2 sector 1,sf. sec. XIX - înc. sec. XX
1189,B-II-m-B-18913,Casă,municipiul BUCUREŞTI,Str. Haşdeu Iulia 4 sector 1,sf. sec. XIX - înc. sec. XX
1190,B-II-m-B-18914,Casă,municipiul BUCUREŞTI,Str. Haşdeu Iulia 5 sector 1,sf. sec. XIX - înc. sec. XX
1191, B-II-m-B-18915, Casă, municipiul BUCUREŞTI, Str. Haşdeu Iulia 6 sector 1, sf. sec. XIX - înc. sec. XX
1192, B-II-m-B-18916, Casă, municipiul BUCUREŞTI, Str. Haşdeu Iulia 12 sector 1, sf. sec. XIX - înc. sec. XX
1193,B-II-m-B-18917,Casă,municipiul BUCUREŞTI,Str. Haşdeu Iulia 13 sector 1,sf. sec. XIX - înc. sec. XX
1194,B-II-m-B-18918,Casă,municipiul BUCUREŞTI,Str. Haşdeu Iulia 14 sector 1,sf. sec. XIX - înc. sec. XX
1195,B-II-m-B-18919 B-II-m-B-18920,Casă Casă,municipiul BUCUREŞTI municipiul BUCUREŞTI,Str. Haşdeu Iulia 15 sector 1 Str. Haşdeu Iulia 16 sector 1,sf. sec. XIX - înc. sec. XX sf. sec. XIX
1197,B-II-m-B-18922,Tipografia „Cartea Românească“ - Faţadele principală şi laterală vizibile dinspre Bd. Iancu de Hunedoara şi clădirea administrativă,municipiul BUCUREŞTI,Bd. Iancu de Hunedoara 56-60 sector,1 prima jum. sec. XX
1198, B-II-m-B-18923, Casă, municipiul BUCUREŞTI, Şos. Iancului 3 sector 2, prima jum. sec. XX
1199,B-II-m-A-18924,Şcoala Centrală de Fete,municipiul BUCUREŞTI,Str. Icoanei 3-5 sector 2,1890
1200,B-II-m-B-18925,"Biserica ""Adormirea Maicii Domnului"" - Icoanei",municipiul BUCUREŞTI,Str. Icoanei 12 sector 2,1784 - 1785
1201,B-II-m-B-20995,Casa Dr. Gh. Nanu,municipiul BUCUREŞTI,Str. Icoanei 50A sector 2,1911 - 1914
1202,B-II-m-B-18926,Imobil,municipiul BUCUREŞTI,Str. Icoanei 56 sector 2,prima jum. sec. XX
1203,B-II-m-B-18927,Imobil,municipiul BUCUREŞTI,Str. Icoanei 57 sector 2,prima jum. sec. XX
1204,B-II-m-B-18928,Imobil,municipiul BUCUREŞTI,Str. Icoanei 58 sector 2,prima jum. sec. XX
1205,B-II-m-B-18929,Imobil,municipiul BUCUREŞTI,Str. Icoanei 60 sector 2,prima jum. sec. XX
1206, B-II-m-B-18930 B-II-m-B-18931, Casă Casă, municipiul BUCUREŞTI municipiul BUCUREŞTI, Str. Icoanei 62 sector 2 Str. Icoanei 63 sector 2, sf. sec. XIX sf. sec. XIX
1208,B-II-m-B-18932,Casă,municipiul BUCUREŞTI,Str. Icoanei 64 sector 2,sf. sec. XIX
1209,B-II-m-B-18933,Biserica Dichiu - Tichirleşti,municipiul BUCUREŞTI,Str. Icoanei 72 sector 2,1773
1210,B-II-m-B-18934,Imobil,municipiul BUCUREŞTI,Str. Icoanei 80 sector 2,sf. sec. XIX
1211,B-II-m-B-18935,Casă,municipiul BUCUREŞTI,Str. Ilfov 3 sector 5,sf. sec. XIX
1212,B-II-m-A-18936,"Conacul Cantacuzino, Curţile Dudeşti-Cioplea",municipiul BUCUREŞTI,Str. Ilioara 15 sector 3,sec. XVIII - XIX
1213,B-II-m-B-18937,Imobil,municipiul BUCUREŞTI,Splaiul Independenţei 1 sector 5,1927
1214, B-II-m-B-18938," Palatul Societăţii „Adriatica""", municipiul BUCUREŞTI," Splaiul Independenţei 2K sector 3, Str. pictor Nicolae Tonitza 13 sector 3", prima jum. sec. XX
1215, B-II-m-B-18939, Imobil locuinţe, municipiul BUCUREŞTI, Splaiul Independenţei 2J sector 3, prima jum. sec. XX
1216,B-II-m-B-18940,Casă,municipiul BUCUREŞTI,Splaiul Independenţei 2H-L sector 3,sf. sec. XIX - înc. sec. XX
1217,B-II-m-A-18941,Palatul Justiţiei,municipiul BUCUREŞTI,Splaiul Independenţei 5 sector 4,1890 - 1895
1218,B-II-m-B-18942 B-II-m-B-18943,Căminul Institutului medico-farmaceutic Casă,municipiul BUCUREŞTI municipiul BUCUREŞTI,Splaiul Independenţei 46-48 sector 5 Splaiul Independenţei 66 sector 5,sf. sec. XIX sf. sec. XIX
1220,B-II-m-B-21056,Casa Pompiliu Eliade,municipiul BUCUREȘTI,Splaiul Independenței 74 sector 5,1907
1221,B-II-m-B-18944,Facultatea de Medicină Veterinară,municipiul BUCUREŞTI,Splaiul Independenţei 105 sector 5,sf. sec. XIX
1222,B-II-m-B-18945,Casă,municipiul BUCUREŞTI,Splaiul Independenţei 114 sector 5,sf. sec. XIX - înc. sec. XX
1223,B-II-m-B-18946,Casă,municipiul BUCUREŞTI,Splaiul Independenţei 195 sector 5,sf. sec. XIX - înc. sec. XX
1224,B-II-m-B-18947,Staţia de Pompare Grozăveşti,municipiul BUCUREŞTI,Splaiul Independenţei 235-237 sector,6 sf. sec. XIX - înc. sec. XX
1225,B-II-m-B-18948,Institutul Medico-Militar,municipiul BUCUREŞTI,Str. Institutul Medico-Militar 1-7 sector,1 sf. sec. XIX - înc. sec. XX
1226, B-II-m-B-18949, Casă, municipiul BUCUREŞTI," Str. Ionescu Grigore, arh. 28 sector 2", sf. sec. XIX - înc. sec. XX
1227, B-II-m-B-18950, Casă, municipiul BUCUREŞTI," Str. Ionescu Grigore, arh. 34 sector 2", sf. sec. XIX - înc. sec. XX
1228,B-II-m-B-18951,Casă,municipiul BUCUREŞTI,"Str. Ionescu Grigore, arh. 40 sector 2",sf. sec. XIX - înc. sec. XX
1229,B-II-m-B-18952,Casă,municipiul BUCUREŞTI,"Str. Ionescu Grigore, arh. 52 sector 2",sf. sec. XIX - înc. sec. XX
1230,B-II-m-B-18953 B-II-m-B-18954,Casa Tache Ionescu Casa Xenie,municipiul BUCUREŞTI municipiul BUCUREŞTI,Str. Ionescu Tache 25 sector 2 Str. Ionescu Tache 27 sector 1,sf. sec. XIX sf. sec. XIX
1232,B-II-m-B-18955,Casă,municipiul BUCUREŞTI,Str. Ionescu Tache 29 sector 1,înc. sec. XX
1233,B-II-m-B-18956,Casă,municipiul BUCUREŞTI,Str. Ionescu-Gion Gh. prof. 1 sector 3,sf. sec. XIX - înc. sec. XX
1234,B-II-m-B-18957,Casă,municipiul BUCUREŞTI,Str. Ionescu-Gion Gh. prof. 3 sector 3,sf. sec. XIX - înc. sec. XX
1235,B-II-m-B-18958,Casă,municipiul BUCUREŞTI,Str. Ionescu-Gion Gh. prof. 6 sector 3,sf. sec. XIX - înc. sec. XX
1236,B-II-m-B-18959,Casă,municipiul BUCUREŞTI,Str. Ionescu-Gion Gh. prof. 17 sector,3 sf. sec. XIX - înc. sec. XX
1237,B-II-m-B-18960,Casă,municipiul BUCUREŞTI,Str. Ionescu-Gion Gh. prof. 17A sector,3 sf. sec. XIX - înc. sec. XX
1238, B-II-a-B-18961," Ansamblul de arhitectură ""Str. Nicolae Iorga""", municipiul BUCUREŞTI, Str. Iorga Nicolae sector 1, sf. sec. XIX
1239, B-II-m-B-18962, Casa Grădişteanu, municipiul BUCUREŞTI, Str. Iorga Nicolae 1 sector 1, sf. sec. XIX
1240,B-II-m-B-18963,Casa Slătineanu- Kreţulescu,municipiul BUCUREŞTI,Str. Iorga Nicolae 7 sector 1,sf. sec. XIX
1241,B-II-m-B-18964,Casa Pillat,municipiul BUCUREŞTI,Str. Iorga Nicolae 8 sector 1,sf. sec. XIX - prima jum. sec. XX
1242,B-II-m-B-20977 B-II-m-B-18965,Casa Mihail Şuţu Casa Ollănescu,municipiul BUCUREŞTI municipiul BUCUREŞTI,Str. Iorga Nicolae 12A sector 1 Str. Iorga Nicolae 19 sector 1, sf. sec. XIX
1244,B-II-m-B-18966,Casa g-ral Arion (sediul U.A.P.),municipiul BUCUREŞTI,Str. Iorga Nicolae 21 sector 1,sf. sec. XIX
1245,B-II-m-B-18967,Casă,municipiul BUCUREŞTI,Str. Ispravnicului 31 sector 2,prima jum. sec. XX
1246,B-II-m-B-18968,Casă,municipiul BUCUREŞTI,Str. Ispravnicului 39 sector 2,prima jum. sec. XX
1247,B-II-m-B-18969,Casă,municipiul BUCUREŞTI,Str. Italiană 3 sector 2,sec. XIX
1248,B-II-m-B-18970,Casă,municipiul BUCUREŞTI,Str. Italiană 21 sector 2,sec. XIX
1249,B-II-a-A-18971,Ansamblul Mănăstirii Antim,municipiul BUCUREŞTI,Str. Ivireanu Antim mitropolit 29 sector,5 sec. XVIII - XX
1250, B-II-m-A-18971.01," Biserica ""Toţi Sfinţii""", municipiul BUCUREŞTI, Str. Ivireanu Antim mitropolit 29 sector, 5 1714
1251, B-II-m-A-18971.02, Paraclis, municipiul BUCUREŞTI, Str. Ivireanu Antim mitropolit 29 sector, 5 1715
1252,B-II-m-A-18971.03,Casă egumenească,municipiul BUCUREŞTI,Str. Ivireanu Antim mitropolit 29 sector,5 jum. sec. XIX
1253,B-II-m-A-18971.04,Cuhnie,municipiul BUCUREŞTI,Str. Ivireanu Antim mitropolit 29 sector,5 1715
1254,B-II-m-A-18971.05 B-II-m-A-18971.06,Clopotniţă Palatul Bibliotecii Sfântului,municipiul BUCUREŞTI municipiul BUCUREȘTI,Str. Ivireanu Antim mitropolit 29 sector Str. Ivireanu Antim mitropolit 29 sector,5 jum. sec. XIX 5 1912
1256,B-II-m-A-18972,"Biserica ""Buna Vestire"" - Schitul Maicilor",municipiul BUCUREŞTI,Str. Ivireanu Antim mitropolit 47 sector,5 1726
1257,B-II-a-B-18973,"Ansamblul de arhitectură ""Str. Învoirii""",municipiul BUCUREŞTI,Str. Învoirii sector 5,sf. sec. XIX
1258,B-II-m-B-18974,Casă,municipiul BUCUREŞTI,Str. Justiţiei 36 sector 4,sf. sec. XIX - prima jum. sec. XX
1259,B-II-m-B-18975,Casă,municipiul BUCUREŞTI,Str. Kiriţescu Constantin 6 sector 2,sf. sec. XIX - prima jum. sec. XX
1260,B-II-m-B-18976,Casă,municipiul BUCUREŞTI,Str. Kiriţescu Constantin 10-12 sector,2 sf. sec. XIX - prima jum. sec. XX
1261,B-II-m-B-18977,Casă,municipiul BUCUREŞTI,"Str. Kiriţescu Constantin 11 sector 2, Str. Popa Soare 60 bis sector 2",sf. sec. XIX - prima jum. sec. XX
1262,B-II-m-B-18978,Casă,municipiul BUCUREŞTI,Str. Kiriţescu Constantin 15 sector 2,sf. sec. XIX - prima jum. sec. XX
1263, B-II-m-B-18979, Casă, municipiul BUCUREŞTI, Str. Kiriţescu Constantin 16 sector 2, sf. sec. XIX - prima jum. sec. XX
1264, B-II-m-B-18980, Casă, municipiul BUCUREŞTI, Str. Kiriţescu Constantin 21 sector 2, sf. sec. XIX - prima jum. sec. XX
1265,B-II-m-B-18981,Casa Constantin Kiriţescu,municipiul BUCUREŞTI,Str. Kiriţescu Constantin 41 sector 2,sf. sec. XIX - prima jum. sec. XX
1266,B-II-a-B-18982 B-II-m-A-18983,Parcul Kiseleff Muzeul de Istorie Naturală,municipiul BUCUREŞTI municipiul BUCUREŞTI,Şos. Kiseleff Pavel Dimitrievici f.n. sector (delimitat de str. arh. I. Mincu - str. Barbu Delavrancea - str. Monetăriei - Şos. Kiseleff - Bd. Aviatorilor) Şos. Kiseleff Pavel Dimitrievici 1 sector,1 sf. sec. XIX 1 sf. sec. XIX
1268,B-II-m-B-18984,Muzeul Naţional de Geologie,municipiul BUCUREŞTI,Şos. Kiseleff Pavel Dimitrievici 2 sector,1 sf. sec. XIX
1269,B-II-m-A-18985,Muzeul Ţăranului Român,municipiul BUCUREŞTI,Şos. Kiseleff Pavel Dimitrievici 3 sector,1 1912 - 1938
1270,B-II-m-A-18986,Bufetul de la Şosea,municipiul BUCUREŞTI,Şos. Kiseleff Pavel Dimitrievici 4 sector,1 1892
1271,B-II-m-B-18987,Şcoala Generală nr. 11,municipiul BUCUREŞTI,Şos. Kiseleff Pavel Dimitrievici 5 sector,1 1900
1272,B-II-m-B-18988,Casă,municipiul BUCUREŞTI,Şos. Kiseleff Pavel Dimitrievici 9 sector,1 prima jum. sec. XX
1273,B-II-m-A-18989,Casa Toma Stelian,municipiul BUCUREŞTI,Şos. Kiseleff Pavel Dimitrievici 10 sector,1 1926
1274, B-II-m-B-18990," Blocul funcţionarilor BNR, azi Hotel Prezident", municipiul BUCUREŞTI, Şos. Kiseleff Pavel Dimitrievici 12 sector, 1 prima jum. sec. XX
1275, B-II-m-B-18991, Casă, municipiul BUCUREŞTI, Şos. Kiseleff Pavel Dimitrievici 25 sector, 1 prima jum. sec. XX
1276,B-II-m-B-18993,Casă,municipiul BUCUREŞTI,Şos. Kiseleff Pavel Dimitrievici 27 sector,1 prima jum. sec. XX
1277,B-II-m-B-18992,Palatul Elisabeta,municipiul BUCUREŞTI,Şos. Kiseleff Pavel Dimitrievici 28 sector Intr. Româneşti sector 1,"1, prima jum. sec. XX"
1278,B-II-a-A-18994 B-II-m-B-18995,Ansamblul Muzeul Naţional al Satului „Dimitrie Gusti“ Casă,municipiul BUCUREŞTI municipiul BUCUREŞTI,Şos. Kiseleff Pavel Dimitrievici 28-30 sector 1 Şos. Kiseleff Pavel Dimitrievici 31 sector,prima jum. sec. XX 1 prima jum. sec. XX
1280,B-II-m-B-18996,Casă,municipiul BUCUREŞTI,Şos. Kiseleff Pavel Dimitrievici 35-37 sector 1,prima jum. sec. XX
1281,B-II-m-B-18997,Casă,municipiul BUCUREŞTI,Şos. Kiseleff Pavel Dimitrievici 43 sector,1 prima jum. sec. XX
1282,B-II-m-A-18998,Casa Nicolae Titulescu,municipiul BUCUREŞTI,Şos. Kiseleff Pavel Dimitrievici 47 sector,1 prima jum. sec. XX
1283,B-II-m-A-18999,Casa farmacistului Chihăescu,municipiul BUCUREŞTI,Şos. Kiseleff Pavel Dimitrievici 49 sector,1 1930 - 1931
1284,B-II-m-B-19000,Casă,municipiul BUCUREŞTI,Şos. Kiseleff Pavel Dimitrievici 53 sector,1 prima jum. sec. XX
1285,B-II-m-B-19001,Casă,municipiul BUCUREŞTI,Şos. Kiseleff Pavel Dimitrievici 55 sector,1 prima jum. sec. XX
1286, B-II-m-B-19002, Casă, municipiul BUCUREŞTI, Şos. Kiseleff Pavel Dimitrievici 57 sector, 1 prima jum. sec. XX
1287, B-II-m-A-19003," Facultatea de Drept, Universitatea Bucureşti", municipiul BUCUREŞTI, Bd. Kogălniceanu Mihail 36-46 sector, 5 1933 - 1935
1288,B-II-m-B-19004,Opera Română,municipiul BUCUREŞTI,Bd. Kogălniceanu Mihail 50 sector 5,1953
1289,B-II-m-B-19005,Casă,municipiul BUCUREŞTI,Str. Labirint 108 sector 3,sf. sec. XIX - prima jum. sec. XX
1290,B-II-m-B-19006 B-II-m-B-19007,Casă Casă,municipiul BUCUREŞTI municipiul BUCUREŞTI,Str. Lacul Gorgova 2 sector 2 Piaţa Lahovary Alexandru 1 sector 1,1895 sf. sec. XIX
1292,B-II-m-B-19008,Imobil locuinţe,municipiul BUCUREŞTI,Piaţa Lahovary Alexandru 5A sector 1,1935
1293,B-II-m-B-19009,"Casa Assan, azi Casa Oamenilor de Ştiinţă",municipiul BUCUREŞTI,Piaţa Lahovary Alexandru 9 sector 1,1914
1294,B-II-m-B-19010,Casa Ev. şi H. Gheorghieff,municipiul BUCUREŞTI,Str. Lascăr Vasile 32 sector 2,1890
1295,B-II-m-B-19012,Casa Dumitru Stoenescu,municipiul BUCUREŞTI,Str. Lascăr Vasile 34 sector 2,1928
1296,B-II-m-B-19011,Imobil cu farmacie,municipiul BUCUREŞTI,Str. Lascăr Vasile 76 sector 2,sf. sec. XIX - prima jum. sec. XX
1297,B-II-m-B-19013,Casă,municipiul BUCUREŞTI,Str. Lebedei 8 sector 1,sec. XIX - XX
1298, B-II-m-B-19014, Biserica „Sf. Dumitru“ - Slobozia, municipiul BUCUREŞTI, Str. Leon Vodă 3 sector 4, 1743
1299, B-II-m-B-19015, Casa Gheorghe Anghel, municipiul BUCUREŞTI, Str. Levănţicăi 13 sector 3, prima jum. sec. XX
1300,B-II-a-A-19016,Parcul Carol,municipiul BUCUREŞTI,Piaţa Libertăţii f.n. sector 4 (delimitat P-ţa Libertăţii - str. g-ral Candiano Popescu - Calea Şerban Vodă - str. Cuţitul de Argint - str. dr. Constantin Istrati),de sf. sec. XIX - prima jum. sec. XX
1301,B-II-a-B-19017,"Ansamblul de arhitectură ""Strada Lipscani""",municipiul BUCUREŞTI,"Str. Lipscani, între Calea Victoriei şi str. Jacques Elias sector 3, 5",sf. sec. XIX
1302,B-II-m-B-19018 B-II-m-A-19019,Vama Poştei Banca Chrissoveloni,municipiul BUCUREŞTI municipiul BUCUREŞTI,"Str. Lipscani 1 sector 5, Str. Anghel Saligny 2 sector 5 Str. Lipscani 16 sector 3",1913 1925 - 1927
1304,B-II-m-B-19020,Case cu prăvălii,municipiul BUCUREŞTI,Str. Lipscani 17-23 sector 3,sf. sec. XIX
1305,B-II-m-A-19021,Palatul fostei Societăţi de asigurări Dacia - România,municipiul BUCUREŞTI,Str. Lipscani 18-20 sector 3,sec. XIX
1306,B-II-m-B-19022,Casă cu prăvălie,municipiul BUCUREŞTI,Str. Lipscani 24 sector 3,sf. sec. XIX
1307,B-II-m-A-19023,"Banca Naţională a României, corp vechi",municipiul BUCUREŞTI,Str. Lipscani 25 sector 3,1883 - 1885
1308,B-II-m-B-19024,Casă cu prăvălie,municipiul BUCUREŞTI,Str. Lipscani 26 sector 3,sf. sec. XIX
1309,B-II-m-B-19025,Casă cu prăvălie,municipiul BUCUREŞTI,Str. Lipscani 27 sector 3,sf. sec. XIX
1310, B-II-m-B-19026," Casă cu prăvălie, fostă Casa Emblemescu", municipiul BUCUREŞTI, Str. Lipscani 28 sector 3, 1870
1311, B-II-m-B-19027, Imobil, municipiul BUCUREŞTI, Str. Lipscani 30 sector 3, sf. sec. XIX
1312,B-II-m-B-19028,Imobil,municipiul BUCUREŞTI,Str. Lipscani 32 sector 3,1881
1313,B-II-m-B-19029,Imobil,municipiul BUCUREŞTI,Str. Lipscani 34 sector 3,sf. sec. XIX
1314,B-II-m-B-19030 B-II-m-B-19031,Casă cu prăvălie Casă cu prăvălie,municipiul BUCUREŞTI municipiul BUCUREŞTI,Str. Lipscani 36 sector 3 Str. Lipscani 40 sector 3,sf. sec. XIX sf. sec. XIX
1316,B-II-m-B-19032,Casă cu prăvălie,municipiul BUCUREŞTI,Str. Lipscani 41 sector 3,sf. sec. XIX
1317,B-II-m-B-19033,Casă cu prăvălie,municipiul BUCUREŞTI,Str. Lipscani 42 sector 3,sf. sec. XIX
1318,B-II-m-B-19034,"Casă cu prăvălie, Casele D. Fialla",municipiul BUCUREŞTI,Str. Lipscani 43 sector 3,1879
1319,B-II-m-B-19035,"Casă cu prăvălie, Casele D. Fialla",municipiul BUCUREŞTI,Str. Lipscani 45 sector 3,1879
1320,B-II-m-B-19036,Casă cu prăvălie,municipiul BUCUREŞTI,Str. Lipscani 47 sector 3,sf. sec. XIX
1321,B-II-m-B-19037,Casă cu prăvălie,municipiul BUCUREŞTI,Str. Lipscani 51 sector 3,sf. sec. XIX
1322, B-II-m-B-19038, Casă cu prăvălie, municipiul BUCUREŞTI, Str. Lipscani 52 sector 3, sf. sec. XIX
1323, B-II-m-B-19039, Casă cu prăvălie, municipiul BUCUREŞTI, Str. Lipscani 54 sector 3, sf. sec. XIX
1324,B-II-m-B-19040,Casă cu prăvălie,municipiul BUCUREŞTI,Str. Lipscani 55 sector 3,sf. sec. XIX
1325,B-II-m-B-19041,Casă cu prăvălie,municipiul BUCUREŞTI,Str. Lipscani 66 sector 3,sf. sec. XIX
1326,B-II-m-B-19042 B-II-m-B-19043,Casă cu prăvălie Casă cu prăvălie,municipiul BUCUREŞTI municipiul BUCUREŞTI,Str. Lipscani 72 sector 3 Str. Lipscani 74 sector 3,1900 sf. sec. XIX
1328,B-II-m-B-19044,Casă cu prăvălie,municipiul BUCUREŞTI,Str. Lipscani 76 sector 3,sf. sec. XIX
1329,B-II-m-B-19045,"Magazinul ""Voaleta""",municipiul BUCUREŞTI,Str. Lipscani 77 sector 3,1900
1330,B-II-m-B-19046,Casă cu prăvălie,municipiul BUCUREŞTI,Str. Lipscani 78 sector 3,sf. sec. XIX
1331,B-II-m-B-19047,Casă cu prăvălie,municipiul BUCUREŞTI,Str. Lipscani 80 sector 3,sf. sec. XIX
1332,B-II-m-A-19048,Hanul Gabroveni,municipiul BUCUREŞTI,Str. Lipscani 86-88 sector 3,1739
1333,B-II-m-B-19049,Vilă,municipiul BUCUREŞTI,Str. Lister dr. 6 sector 5,prima jum. sec. XX
1334, B-II-m-B-19050, Vilă, municipiul BUCUREŞTI, Str. Lister dr. 8 sector 5, prima jum. sec. XX
1335,B-II-m-B-19051,Vilă,municipiul BUCUREŞTI,Str. Lister dr. 17 sector 5,prima jum. sec. XX
1336,B-II-m-B-19052,Vilă,municipiul BUCUREŞTI,Str. Lister dr. 21 sector 5,prima jum. sec. XX
1337,B-II-m-B-19053,Vilă,municipiul BUCUREŞTI,Str. Lister dr. 25 sector 5,prima jum. sec. XX
1338,B-II-m-B-19054 B-II-m-B-19055,Vilă Vilă,municipiul BUCUREŞTI municipiul BUCUREŞTI,Str. Lister dr. 27 sector 5 Str. Lister dr. 29 sector 5,prima jum. sec. XX prima jum. sec. XX
1340,B-II-m-B-19056,Vilă,municipiul BUCUREŞTI,Str. Lister dr. 32 sector 5,prima jum. sec. XX
1341,B-II-m-B-19057,Casa Ion Ţuculescu,municipiul BUCUREŞTI,Str. Lizeanu 5 sector 2,sf. sec. XIX - prima jum. sec. XX
1342,B-II-m-B-19058,Casă,municipiul BUCUREŞTI,Str. Lizeanu 13 sector 2,sf. sec. XIX - prima jum. sec. XX
1343,B-II-m-B-19059,Casă,municipiul BUCUREŞTI,Str. Lizeanu 14 sector 2,sf. sec. XIX - prima jum. sec. XX
1344,B-II-m-B-19060,Casă,municipiul BUCUREŞTI,Str. Lizeanu 17 sector 2,sf. sec. XIX - prima jum. sec. XX
1345,B-II-m-B-19061,Casă,municipiul BUCUREŞTI,Str. Lizeanu 19 sector 2,sf. sec. XIX - prima jum. sec. XX
1346,B-II-m-B-19062,Casă,municipiul BUCUREŞTI,Str. Lizeanu 20 sector 2,sf. sec. XIX - prima jum. sec. XX
1347, B-II-m-B-19063, Casă, municipiul BUCUREŞTI, Str. Lizeanu 21 sector 2, sf. sec. XIX - prima jum. sec. XX
1348, B-II-m-B-19064, Casă, municipiul BUCUREŞTI, Str. Lizeanu 22-24 sector 2, sf. sec. XIX - prima jum. sec. XX
1349,B-II-m-B-19065,Casă,municipiul BUCUREŞTI,Str. Lizeanu 25 sector 2,sf. sec. XIX - prima jum. sec. XX
1350,B-II-m-B-19066 B-II-m-B-19067,Casă Casă,municipiul BUCUREŞTI municipiul BUCUREŞTI,Str. Lizeanu 30 sector 2 Str. Lizeanu 35 sector 2,sf. sec. XIX - prima jum. sec. XX sf. sec. XIX - prima jum.
1352,B-II-m-B-19068,Casă,municipiul BUCUREŞTI,Str. Lizeanu 37 sector 2,sf. sec. XIX - prima jum. sec. XX
1353,B-II-m-B-19069,Casă,municipiul BUCUREŞTI,Str. Lizeanu 39 sector 2,sf. sec. XIX - prima jum. sec. XX
1354,B-II-m-B-19070,Casă,municipiul BUCUREŞTI,Str. Lizeanu 40 sector 2,sf. sec. XIX - prima jum. sec. XX
1355,B-II-m-B-19071,Casă,municipiul BUCUREŞTI,Str. Lizeanu 46 sector 2,sf. sec. XIX - prima jum. sec. XX
1356,B-II-m-B-19072,"Biserica ""Sf. Nicolae, Sf. Spiridon"" - Popa Chiţu",municipiul BUCUREŞTI,Str. Logofătul Luca Stroici 33A sector,"2 1879 - 1935, sec. XVIII - înc. sec. XIX"
1357,B-II-m-B-19073,"Biserica ""Sf. Stelian, Sf. Nicolae"" - Lucaci",municipiul BUCUREŞTI,Str. Logofătul Udrişte 6-8 sector 3,"1847 - 1853, înc. sec. XVIII - înc. sec. XIX"
1358,B-II-m-B-19074,Casă,municipiul BUCUREŞTI,Str. Logofătul Udrişte 10 sector 3,sf. sec. XIX - prima jum. sec. XX
1359, B-II-m-B-19075, Casă, municipiul BUCUREŞTI, Str. Logofătul Udrişte 11 sector 3, sf. sec. XIX - prima jum. sec. XX
1360, B-II-m-B-19076, Casă, municipiul BUCUREŞTI, Str. Logofătul Udrişte 14 sector 3, sf. sec. XIX - prima jum. sec. XX
1361,B-II-m-B-19077,Casă,municipiul BUCUREŞTI,Str. Logofătul Udrişte 15 sector 3,sf. sec. XIX - prima jum. sec. XX
1362,B-II-m-B-19078 B-II-m-B-19079,Casă Casă,municipiul BUCUREŞTI municipiul BUCUREŞTI,Str. Logofătul Udrişte 21 sector 3 Str. Logofătul Udrişte 23 sector 3,sf. sec. XIX - prima jum. sec. XX sf. sec. XIX - prima jum.
1364,B-II-m-B-19080,Vilă,municipiul BUCUREŞTI,Str. Londra 10 sector 1,prima jum. sec. XX
1365,B-II-m-B-19081,Vilă,municipiul BUCUREŞTI,Str. Londra 13 sector 1,prima jum. sec. XX
1366,B-II-m-B-19082,Vilă,municipiul BUCUREŞTI,Str. Londra 15 sector 1,prima jum. sec. XX
1367,B-II-m-B-19083,Imobil,municipiul BUCUREŞTI,Str. Londra 16 sector 1,prima jum. sec. XX
1368,B-II-m-B-19084,Vilă,municipiul BUCUREŞTI,Str. Londra 17 sector 1,prima jum. sec. XX
1369,B-II-m-B-19085,Imobil,municipiul BUCUREŞTI,Str. Londra 18 sector 1,prima jum. sec. XX
1370, B-II-m-B-19086, Vilă, municipiul BUCUREŞTI, Str. Londra 19 sector 1, prima jum. sec. XX
1371, B-II-m-B-19087, Imobil, municipiul BUCUREŞTI, Str. Londra 20 sector 1, prima jum. sec. XX
1372,B-II-m-B-19088,Vilă,municipiul BUCUREŞTI,Str. Londra 23 sector 1,prima jum. sec. XX
1373,B-II-m-B-19089,Vilă,municipiul BUCUREŞTI,Str. Londra 33 sector 1,prima jum. sec. XX
1374,B-II-m-B-19090 B-II-m-B-19091,Vilă Vilă,municipiul BUCUREŞTI municipiul BUCUREŞTI,Str. Londra 34 sector 1 Str. Londra 35 sector 1,prima jum. sec. XX prima jum. sec. XX
1376,B-II-m-B-19092,Vilă,municipiul BUCUREŞTI,Str. Londra 36 sector 1,prima jum. sec. XX
1377,B-II-m-B-19093,Vilă,municipiul BUCUREŞTI,Str. Londra 37 sector 1,prima jum. sec. XX
1378,B-II-m-B-19094,Muzeul Naţional al Hărţilor şi Cărţii Vechi,municipiul BUCUREŞTI,Str. Londra 39 sector 1,prima jum. sec. XX
1379,B-II-m-B-19095,Vila Elena,municipiul BUCUREŞTI,Str. Londra 42 sector 1,1930
1380,B-II-m-B-19096,Vilă,municipiul BUCUREŞTI,Str. Londra 43-45 sector 1,prima jum. sec. XX
1381,B-II-m-B-19097,Vilă,municipiul BUCUREŞTI,Str. Londra 46 sector 1,prima jum. sec. XX
1382, B-II-m-B-19098, Vilă, municipiul BUCUREŞTI, Str. Londra 47 sector 1, prima jum. sec. XX
1383, B-II-m-B-19099, Vilă, municipiul BUCUREŞTI, Str. Londra 48 sector 1, prima jum. sec. XX
1384,B-II-m-B-19100,Vilă,municipiul BUCUREŞTI,Str. Londra 49 sector 1,prima jum. sec. XX
1385,B-II-m-B-19106,Casa prof. dr. Turnescu,municipiul BUCUREŞTI,Str. Lupu Dionisie 37 sector 1,sf. sec. XIX
1386,B-II-m-A-19107 B-II-m-B-19108,"Casa Librecht - Filipescu, azi Casa Universitarilor Casă",municipiul BUCUREŞTI municipiul BUCUREŞTI,Str. Lupu Dionisie 46 sector 1 Str. Lupu Dionisie 49 sector 1,mijl. sec. XIX sf. sec. XIX
1388,B-II-m-B-19109,Casa Averescu,municipiul BUCUREŞTI,Str. Lupu Dionisie 68 sector 1,sf. sec. XIX
1389,B-II-m-B-20935,Corpurile A şi B - partea dinspre str. Dionisie Lupu,municipiul BUCUREŞTI,Str. Lupu Dionisie 70-72 sector 1,sf. sec. XIX - prima jum. sec. XX
1390,B-II-m-B-19110,Imobil,municipiul BUCUREŞTI,Str. Lupu Dionisie 74 sector 1,1946
1391,B-II-m-B-19111,Casa Gheorghe Ţiţeica,municipiul BUCUREŞTI,Str. Lupu Dionisie 80 sector 1,sf. sec. XIX
1392,B-II-m-B-19112,Casă,municipiul BUCUREŞTI,Str. Luterană 14 sector 1,sf. sec. XIX
1393,B-II-a-A-19113,"Ansamblul de arhitectură ""Bd. General Gheorghe Magheru""",municipiul BUCUREŞTI,"Bd. Magheru Gheorghe g-ral, între str. Pictor Verona şi str. C. A. Rosetti sector",prima jum. sec. XX 1
1394,B-II-m-B-19114,Garajul Ciclop,municipiul BUCUREŞTI,Bd. Magheru Gheorghe g-ral 8 sector,1 1923
1395,B-II-m-B-19115,Hotel Ambasador,municipiul BUCUREŞTI,Bd. Magheru Gheorghe g-ral 10 sector,1 1936 - 1937
1396,B-II-m-A-19116,Blocul ARO - Patria,municipiul BUCUREŞTI,Bd. Magheru Gheorghe g-ral 12-14 sector 1,1931 - 1933
1397, B-II-m-B-19117, Palatul Societăţii de Gaz şi Electricitate, municipiul BUCUREŞTI, Bd. Magheru Gheorghe g-ral 33 sector, 1 1935
1398, B-II-m-B-19118 B-II-m-B-19119, Casă Casă, municipiul BUCUREŞTI municipiul BUCUREŞTI, Str. Maica Domnului 6 sector 2 Str. Maica Domnului 11 sector 2, sf. sec. XIX - prima jum. sec. XX sf. sec. XIX - prima jum.
1400,B-II-m-B-19120,Casă,municipiul BUCUREŞTI,Str. Maica Domnului 15 sector 2,sf. sec. XIX - prima jum. sec. XX
1401,B-II-m-B-19121,Casă,municipiul BUCUREŞTI,Str. Maica Domnului 19 sector 2,sf. sec. XIX - prima jum. sec. XX
1402,B-II-m-B-19122,Casă,municipiul BUCUREŞTI,Str. Maica Domnului 21-23 sector 2,sf. sec. XIX - prima jum. sec. XX
1403,B-II-m-B-19123,Casă,municipiul BUCUREŞTI,Str. Maica Domnului 29 sector 2,sf. sec. XIX - prima jum. sec. XX
1404,B-II-m-B-19124,Casă,municipiul BUCUREŞTI,Str. Maica Domnului 49 sector 2,sf. sec. XIX - prima jum. sec. XX
1405,B-II-m-B-19125,Casă,municipiul BUCUREŞTI,Str. Maica Domnului 49B sector 2,sf. sec. XIX - prima jum. sec. XX
1406,B-II-m-B-19126,Casă,municipiul BUCUREŞTI,Str. Maica Domnului 49bis sector 2,sf. sec. XIX - prima jum. sec. XX
1407, B-II-m-B-19127, Casă, municipiul BUCUREŞTI, Str. Maica Domnului 51 sector 2, sf. sec. XIX - prima jum. sec. XX
1408, B-II-m-B-19128, Casă, municipiul BUCUREŞTI, Str. Maica Domnului 63 sector 2, sf. sec. XIX - prima jum. sec. XX
1409,B-II-m-B-19129,Fost pavilion militar - A,municipiul BUCUREŞTI,Bd. Maniu Iuliu 9 sector 6,sf. sec. XIX - prima jum. sec. XX
1410,B-II-m-B-19130 B-II-m-A-19131,Casa Spiru Haret Casa Niculescu -,municipiul BUCUREŞTI municipiul BUCUREŞTI,Str. Manu Gheorghe g-ral 7 sector 1 Str. Manu Gheorghe g-ral 9 sector 1,sf. sec. XIX - prima jum. sec. XX sf. sec. XIX
1412,B-II-m-B-19132,Imobil locuinţe,municipiul BUCUREŞTI,Str. Manu Gheorghe g-ral 12 sector 1,1936
1413,B-II-m-B-19133,Casa Dr. Tomescu,municipiul BUCUREŞTI,Str. Manu Gheorghe g-ral 17 sector 1,sf. sec. XIX
1414,B-II-m-B-19134,Casa Theodor Rogalschi,municipiul BUCUREŞTI,Str. Manu Gheorghe g-ral 31 sector 1,sf. sec. XIX - prima jum. sec. XX
1415,B-II-m-B-19135,Casă,municipiul BUCUREŞTI,Bd. Maria 6-10 sector 4,sf. sec. XIX - prima jum. sec. XX
1416,B-II-m-B-19137,Casă,municipiul BUCUREŞTI,Bd. Maria 16 sector 4,sf. sec. XIX - prima jum. sec. XX
1417,B-II-m-B-19138,Casă,municipiul BUCUREŞTI,Bd. Maria 18 sector 4,sf. sec. XIX - prima jum. sec. XX
1418,B-II-m-B-19139,Casă,municipiul BUCUREŞTI,Bd. Maria 32 sector 4,sf. sec. XIX - prima jum. sec. XX
1419, B-II-m-B-19140, Casă, municipiul BUCUREŞTI, Bd. Maria 34 sector 4, sf. sec. XIX - prima jum. sec. XX
1420, B-II-m-B-19141, Casă, municipiul BUCUREŞTI, Bd. Maria 36-38 sector 4, sf. sec. XIX - prima jum. sec. XX
1421,B-II-m-B-19142,Casă,municipiul BUCUREŞTI,Bd. Maria 40 sector 4,sf. sec. XIX - prima jum. sec. XX
1422,B-II-m-B-19143 B-II-m-B-19144,Casă Casă,municipiul BUCUREŞTI municipiul BUCUREŞTI,Bd. Maria 50 sector 4 Bd. Maria 54 sector 4,sf. sec. XIX - prima jum. sec. XX sf. sec. XIX - prima jum.
1424,B-II-m-B-19146,Casă,municipiul BUCUREŞTI,Bd. Maria 62 sector 4,sf. sec. XIX - prima jum. sec. XX
1425,B-II-m-B-19147,Casă,municipiul BUCUREŞTI,Bd. Maria 66 sector 4,sf. sec. XIX - prima jum. sec. XX
1426,B-II-m-B-19148,Casă,municipiul BUCUREŞTI,Bd. Maria 68-70 sector 4,sf. sec. XIX - prima jum. sec. XX
1427,B-II-m-B-19149,Casă,municipiul BUCUREŞTI,Bd. Maria 76 sector 4,sf. sec. XIX - prima jum. sec. XX
1428,B-II-m-B-19150,Casă,municipiul BUCUREŞTI,Bd. Maria 80 sector 4,sf. sec. XIX - prima jum. sec. XX
1429,B-II-m-B-19151,Casă,municipiul BUCUREŞTI,Bd. Maria 86-88 sector 4,sf. sec. XIX - prima jum. sec. XX
1430,B-II-a-A-19152,Palatul Cotroceni - Administraţia Prezidenţială,municipiul BUCUREŞTI,"Bd. Marinescu Gh. prof. dr. 2 sector 5, Cotroceni 1-3 sector 6, Bd. Geniului 1 sector 6","Şos. a doua jum. sec. XVII - sec. XX, 1673-1681, 1893, 1989"
1431,B-II-m-B-19153,Casa Ion Minulescu,municipiul BUCUREŞTI,Str. Marinescu Gh. prof. dr. 19 sector,5 prima jum. sec. XX
1432,B-II-m-B-19154,Casă,municipiul BUCUREŞTI,Str. Masaryk Thomas 25 sector 2,sf. sec. XIX - prima jum. sec. XX
1433,B-II-m-B-19155,Casă,municipiul BUCUREŞTI,Str. Masaryk Thomas 26 sector 2,1913
1434, B-II-m-B-19156 B-II-m-B-19157, Casa Prof. dr. Gh. Marinescu Casă, municipiul BUCUREŞTI municipiul BUCUREŞTI, Str. Masaryk Thomas 27 sector 2 Str. Masaryk Thomas 28 sector 2, sf. sec. XIX - prima jum. sec. XX sf. sec. XIX - prima jum.
1436,B-II-m-B-19158,Casă,municipiul BUCUREŞTI,Str. Masaryk Thomas 29 sector 2,sf. sec. XIX - prima jum. sec. XX
1437,B-II-m-B-19159,Casă,municipiul BUCUREŞTI,Str. Masaryk Thomas 34 sector 2,sf. sec. XIX - prima jum. sec. XX
1438,B-II-m-B-19161,Casă,municipiul BUCUREŞTI,Str. Maşina de Pâine 47 sector 2,sf. sec. XIX - prima jum. sec. XX
1439,B-II-m-B-19162,Casă,municipiul BUCUREŞTI,Str. Maşina de Pâine 135 sector 2,sf. sec. XIX - prima jum. sec. XX
1440,B-II-m-B-20985,Casa Ştefan Lilovici,municipiul BUCUREŞTI,Str. Matei Basarab 29 sector 3,1914 - 1920
1441,B-II-a-B-18079,Ansamblul Colegiul Naţional „Matei Basarab“,municipiul BUCUREŞTI,Str. Matei Basarab 32-34 sector 3,sf. sec. XIX - prima jum. sec. XX
1442,B-II-m-B-18079.01,Corp central,municipiul BUCUREŞTI,Str. Matei Basarab 32-34 sector 3,1883
1443, B-II-m-B-18079.02, Corp lateral, municipiul BUCUREŞTI, Str. Matei Basarab 32-34 sector 3, 1928
1444,B-II-m-B-18080,Casă,municipiul BUCUREŞTI,Str. Matei Basarab 46 sector 3,sf. sec. XIX - prima jum. sec. XX
1445,B-II-m-B-18081,Casă,municipiul BUCUREŞTI,Str. Matei Basarab 48 sector 3,sf. sec. XIX - prima jum. sec. XX
1446,B-II-m-B-18082 B-II-m-B-18083,Casă Casă,municipiul BUCUREŞTI municipiul BUCUREŞTI,Str. Matei Basarab 49 sector 3 Str. Matei Basarab 50 sector 3,sf. sec. XIX - prima jum. sec. XX sf. sec. XIX - prima jum.
1448,B-II-m-B-18084,Casă,municipiul BUCUREŞTI,Str. Matei Basarab 51 sector 3,sf. sec. XIX - prima jum. sec. XX
1449,B-II-m-B-18085,Casă,municipiul BUCUREŞTI,Str. Matei Basarab 52 sector 3,sf. sec. XIX - prima jum. sec. XX
1450,B-II-m-B-18086,Casă,municipiul BUCUREŞTI,Str. Matei Basarab 54 sector 3,sf. sec. XIX - prima jum. sec. XX
1451,B-II-m-B-18087,Casă,municipiul BUCUREŞTI,Str. Matei Basarab 58 sector 3,sf. sec. XIX - prima jum. sec. XX
1452,B-II-m-B-18088,"Casă, corpurile C5-integral și C4-parțial",municipiul BUCUREŞTI,Str. Matei Basarab 59 sector 3,sf. sec. XIX - prima jum. sec. XX
1453,B-II-m-B-18089,Casă,municipiul BUCUREŞTI,Str. Matei Basarab 61 sector 3,sf. sec. XIX - prima jum. sec. XX
1454,B-II-m-B-18090,Casă,municipiul BUCUREŞTI,Str. Matei Basarab 63 sector 3,sf. sec. XIX - prima jum. sec. XX
1455, B-II-m-B-19163, Casă, municipiul BUCUREŞTI, Str. Matei Voievod 22A sector 2, sf. sec. XIX - prima jum. sec. XX
1456, B-II-m-B-19164, Casă, municipiul BUCUREŞTI, Str. Matei Voievod 31 sector 2, sf. sec. XIX
1457,B-II-m-B-19165,Casă,municipiul BUCUREŞTI,Str. Matei Voievod 32 sector 2,sf. sec. XIX - prima jum. sec. XX
1458,B-II-m-B-19166 B-II-m-B-19167,Casă Casă,municipiul BUCUREŞTI municipiul BUCUREŞTI,Str. Matei Voievod 33A sector 2 Str. Matei Voievod 33 sector 2,sf. sec. XIX - prima jum. sec. XX sf. sec. XIX - prima jum.
1460,B-II-m-B-19168,Casă,municipiul BUCUREŞTI,Str. Matei Voievod 35 sector 2,sf. sec. XIX - prima jum. sec. XX
1461,B-II-m-B-19169,Casă,municipiul BUCUREŞTI,Str. Mavrogheni Nicolae 2 sector 3,sf. sec. XIX
1462,B-II-m-B-19170,Casă,municipiul BUCUREŞTI,Str. Mavrogheni Nicolae 6 sector 3,sf. sec. XIX
1463,B-II-m-B-19171,Casă,municipiul BUCUREŞTI,Str. Mavrogheni Nicolae 8bis sector 3,sf. sec. XIX
1464,B-II-m-B-19172,Casă,municipiul BUCUREŞTI,Str. Mavrogheni Nicolae 13 sector 3,sf. sec. XIX
1465,B-II-m-A-19173,"Muzeul de Istorie al Comunităţii Evreieşti din România - Templul ""Unirea Sfântă""",municipiul BUCUREŞTI,Str. Mămulari 3 sector 3,prima jum. sec. XX
1466,B-II-a-A-21045,"Ansamblul Institutului de Cercetări Agronomice al României, azi Academia de Științe Agricole și Silvice „Gheorghe Ionescu- Sisești”",municipiul BUCUREȘTI,Bd. Mărăști 61 sector 1,1928 - 1937
1467, B-II-m-A-21045.01 B-II-m-A-21045.02, Clădirea Institutului de Cercetări Agronomice al României (ICAR) Camera de gazogen, municipiul BUCUREȘTI municipiul BUCUREȘTI, Bd. Mărăști 61 sector 1 Bd. Mărăști 61 sector 1, 1928 - 1937 1928 - 1937
1469,B-II-m-A-21045.03,Camera de dezinfecție,municipiul BUCUREȘTI,Bd. Mărăști 61 sector 1,1928 - 1937
1470,B-II-m-A-21045.04,Sera,municipiul BUCUREȘTI,Bd. Mărăști 61 sector 1,1937 - 1941
1471,B-II-m-A-21045.05,Casa zilierilor,municipiul BUCUREȘTI,Bd. Mărăști 61 sector 1,1937 - 1941
1472,B-II-m-A-21045.06,Parcul dendrologic,municipiul BUCUREȘTI,Bd. Mărăști 61 sector 1,prima jum. sec. XX
1473,B-II-m-A-21045.07,"Gard, dinspre bd. Mărăști",municipiul BUCUREȘTI,Bd. Mărăști 61 sector 1,1933
1474,B-II-m-B-19174,Casa Tudor Arghezi,municipiul BUCUREŞTI,Str. Mărţişor 26 sector 4,prima jum. sec. XX
1475, B-II-a-B-19175," Ansamblul de arhitectură ""Str. Mântuleasa""", municipiul BUCUREŞTI," Str. Mântuleasa sector 2, 3", sf. sec. XIX - prima jum. sec. XX
1476, B-II-m-B-19176, Casa Zentler, municipiul BUCUREŞTI, Str. Mântuleasa 10 sector 2, 1910
1477,B-II-m-B-19177,Casă,municipiul BUCUREŞTI,Str. Mântuleasa 17 sector 2,sf. sec. XIX - prima jum. sec. XX
1478,B-II-m-B-19178,Casă,municipiul BUCUREŞTI,Str. Mântuleasa 19 sector 2,sf. sec. XIX - prima jum. sec. XX
1479,B-II-a-A-19179 B-II-m-A-19179.01,"Ansamblul Bisericii Mântuleasa Biserica ""Sfinţii Arhangheli",municipiul BUCUREŞTI municipiul BUCUREŞTI,Str. Mântuleasa 20 sector 2 Str. Mântuleasa 20 sector 2,sec. XVIII - XX 1734
1481,B-II-m-A-19179.02,Casă parohială,municipiul BUCUREŞTI,Str. Mântuleasa 20 sector 2,sf. sec. XIX
1482, B-II-m-B-19180, Casă, municipiul BUCUREŞTI, Str. Mântuleasa 21 sector 2, sf. sec. XIX - înc. sec. XX
1483,B-II-m-B-19181,Casă,municipiul BUCUREŞTI,Str. Mântuleasa 23 sector 2,sf. sec. XIX - înc. sec. XX
1484,B-II-m-B-19182,Casa arh. Paul Smărăndescu,municipiul BUCUREŞTI,Str. Mântuleasa 25 sector 2,sf. sec. XIX - înc. sec. XX
1485,B-II-m-B-20996,Casa D.R. Ioaniţescu,municipiul BUCUREŞTI,Str. Mântuleasa 33 sector 2,1922
1486,B-II-m-B-19183,Casă,municipiul BUCUREŞTI,Str. Mântuleasa 34 sector 2,1902
1487,B-II-m-B-19185,Casa Ştefan Luchian,municipiul BUCUREŞTI,Str. Mendeleev D. I. 29 sector 1,sf. sec. XIX
1488,B-II-m-B-19186,Casă,municipiul BUCUREŞTI,Str. Mendeleev D. I. 34 sector 1,sf. sec. XIX
1489,B-II-m-B-19187,Casă,municipiul BUCUREŞTI,Str. Mendeleev D. I. 35 sector 1,sf. sec. XIX
1490, B-II-m-B-20974, Casa Demostene M. Cuculi, municipiul BUCUREŞTI, Str. Michelet Jules 8 sector 1, 1892
1491, B-II-m-B-19188 B-II-m-B-19189, Casă Casă, municipiul BUCUREŞTI municipiul BUCUREŞTI, Str. Michelet Jules 24 sector 1 Str. Mihai Vodă 5 sector 5, sf. sec. XIX - prima jum. sec. XX sf. sec. XIX - prima jum.
1493,B-II-m-B-19190,Casă,municipiul BUCUREŞTI,Str. Mihai Vodă 7 sector 5,sf. sec. XIX - prima jum. sec. XX
1494,B-II-m-B-19191,Casă,municipiul BUCUREŞTI,Str. Mihai Vodă 9 sector 5,sf. sec. XIX - prima jum. sec. XX
1495,B-II-m-B-19192,Casă,municipiul BUCUREŞTI,Str. Mihai Vodă 11 sector 5,sf. sec. XIX - prima jum. sec. XX
1496,B-II-m-B-19193,Casă,municipiul BUCUREŞTI,Str. Mihai Vodă 13 sector 5,sf. sec. XIX - prima jum. sec. XX
1497,B-II-m-B-19194,Casă,municipiul BUCUREŞTI,Str. Mihai Vodă 15 sector 5,sf. sec. XIX - prima jum. sec. XX
1498,B-II-m-B-19195,Casă,municipiul BUCUREŞTI,Bd. Mihalache Ion 10 sector 1,sf. sec. XIX - înc. sec. XX
1499,B-II-m-B-19199,Casă,municipiul BUCUREŞTI,Bd. Mihalache Ion 20 sector 1,sf. sec. XIX - înc. sec. XX
1500, B-II-m-B-19200, Casă, municipiul BUCUREŞTI, Bd. Mihalache Ion 22 sector 1, sf. sec. XIX - înc. sec. XX
1501,B-II-m-A-19201,Cercul Militar Naţional,municipiul BUCUREŞTI,Str. Mille Constantin 1 sector 1,1912
1502,B-II-m-B-19202,Grădina Cinema Capitol,municipiul BUCUREŞTI,Str. Mille Constantin 13 sector 1,înc. sec. XX
1503,B-II-m-B-19203 B-II-m-B-19204,"Hotel Palace Fostul Sanatoriu ""Dr.",municipiul BUCUREŞTI municipiul BUCUREŞTI,Str. Mille Constantin 18 sector 1 Str. Mincu Ion arh. 5-7 sector 1,1940 înc. sec. XX
1505,B-II-m-A-19206,"Vila Dr. Minovici, azi Muzeul de Artă Populară „Prof. Dr. Nicolae Minovici“",municipiul BUCUREŞTI,Str. Minovici Nicolae dr. 1 sector 1,1910
1506,B-II-m-A-19207,"Muzeul de Artă Medievală ""Ing. D. Minovici""",municipiul BUCUREŞTI,Str. Minovici Nicolae dr. 3 sector 1,1910
1507,B-II-m-B-19208,Casă,municipiul BUCUREŞTI,Str. Minulescu Ion 38 sector 3,sf. sec. XIX - prima jum. sec. XX
1508,B-II-m-B-19209,Casă,municipiul BUCUREŞTI,Str. Minulescu Ion 46 sector 3,sf. sec. XIX - prima jum. sec. XX
1509, B-II-m-B-19210, Casă, municipiul BUCUREŞTI, Str. Minulescu Ion 49 sector 3, sf. sec. XIX - prima jum. sec. XX
1510, B-II-m-B-19211, Casă, municipiul BUCUREŞTI, Str. Minulescu Ion 51 sector 3, sf. sec. XIX - prima jum. sec. XX
1511,B-II-m-B-19212,Casă,municipiul BUCUREŞTI,Str. Minulescu Ion 53 sector 3,sf. sec. XIX - prima jum. sec. XX
1512,B-II-m-B-19213,Casă,municipiul BUCUREŞTI,Str. Minulescu Ion 55 sector 3,sf. sec. XIX - prima jum. sec. XX
1513,B-II-m-B-19214,Casă,municipiul BUCUREŞTI,Str. Minulescu Ion 61 sector 3,sf. sec. XIX - prima jum. sec. XX
1514,B-II-m-B-19215,Casă,municipiul BUCUREŞTI,Str. Minulescu Ion 100 sector 3,sf. sec. XIX - prima jum. sec. XX
1515,B-II-m-B-19216 B-II-m-A-19217,Casă Casa Eliad,municipiul BUCUREŞTI municipiul BUCUREŞTI,Str. Mircea cel Bătrân 16 sector 5 Bd. Mircea Vodă 5 sector 3,sf. sec. XIX - prima jum. sec. XX 1863
1517,B-II-m-B-19218,Casă,municipiul BUCUREŞTI,Bd. Mircea Vodă 28 sector 3,sf. sec. XIX - prima jum. sec. XX
1518,B-II-m-B-19219,"Biserica ""Buna Vestire"" - Dobroteasa",municipiul BUCUREŞTI,Bd. Mircea Vodă 35B sector 3,"1887 - 1892, sec. XVIII"
1519,B-II-m-B-19220,Casă,municipiul BUCUREŞTI,Str. Mirea G. D. pictor 2 sector 1,înc. sec. XX
1520,B-II-m-B-19221,Casă,municipiul BUCUREŞTI,Str. Mirea G. D. pictor 4 sector 1,înc. sec. XX
1521,B-II-m-B-19222,Casă,municipiul BUCUREŞTI,Str. Mirea G. D. pictor 9 sector 1,înc. sec. XX
1522,B-II-m-B-19223,Casă,municipiul BUCUREŞTI,Str. Mirea G. D. pictor 10 sector 1,înc. sec. XX
1523, B-II-m-B-19224, Casă, municipiul BUCUREŞTI, Str. Mirea G. D. pictor 18 sector 1, înc. sec. XX
1524, B-II-m-B-19225, Vilă, municipiul BUCUREŞTI, Str. Mirinescu Mihail dr. 2 sector 5, prima jum. sec. XX
1525,B-II-m-B-19226,Vila Aurelia,municipiul BUCUREŞTI,Str. Mirinescu Mihail dr. 4 sector 5,prima jum. sec. XX
1526,B-II-m-B-19227,Vilă,municipiul BUCUREŞTI,Aleea Modrogan 1 sector 1,prima jum. sec. XX
1527,B-II-m-B-19228 B-II-m-B-19229,Vilă Vilă,municipiul BUCUREŞTI municipiul BUCUREŞTI,Aleea Modrogan 2 sector 1 Aleea Modrogan 6 sector 1,prima jum. sec. XX prima jum. sec. XX
1529,B-II-m-B-19230,Casă,municipiul BUCUREŞTI,Str. Monetăriei 2 sector 1,sf. sec. XIX - prima jum. sec. XX
1530,B-II-m-B-19231,"Biserica ""Izvorul Tămăduirii"" - Mavrogheni",municipiul BUCUREŞTI,Str. Monetăriei 4 sector 1,1785 - 1787
1531,B-II-a-B-19233,"Ansamblul de arhitectură ""Calea Moşilor""",municipiul BUCUREŞTI,"Calea Moşilor, între Bd. I. C. Brătianu Carol I sector 2, 3",şi Bd. sf. sec. XIX
1532,B-II-m-B-19234,Casă,municipiul BUCUREŞTI,Calea Moşilor 19 sector 3,sf. sec. XIX
1533,B-II-m-B-19235,Casă,municipiul BUCUREŞTI,Calea Moşilor 21 sector 3,sf. sec. XIX
1534,B-II-m-B-19236,Casă,municipiul BUCUREŞTI,Calea Moşilor 23 sector 3,sf. sec. XIX
1535, B-II-m-B-19237, Casă, municipiul BUCUREŞTI, Calea Moşilor 25 sector 3, sf. sec. XIX
1536, B-II-m-B-19238, Casă, municipiul BUCUREŞTI, Calea Moşilor 27 sector 3, sf. sec. XIX
1537,B-II-m-B-19239,"Magazinul ""Vulturul de Mare""",municipiul BUCUREŞTI,"Calea Moşilor 32 sector 3, Str. Bărăţiei sector 3",31 sf. sec. XIX - prima jum. sec. XX
1538,B-II-m-B-19240,Casă,municipiul BUCUREŞTI,Calea Moşilor 34 sector 3,sf. sec. XIX
1539,B-II-m-A-19241 B-II-m-B-19242,Biserica „Sf. Gheorghe Vechi“ Casă,municipiul BUCUREŞTI municipiul BUCUREŞTI,Calea Moşilor 36 sector 3 Calea Moşilor 38 sector 3,sec. XVII - XIX sf. sec. XIX
1541,B-II-m-B-19243,Casă,municipiul BUCUREŞTI,Calea Moşilor 40 sector 3,sf. sec. XIX
1542,B-II-m-B-19244,Casă,municipiul BUCUREŞTI,Calea Moşilor 44 sector 3,sf. sec. XIX
1543,B-II-m-B-19245,Casă,municipiul BUCUREŞTI,Calea Moşilor 46 sector 3,sf. sec. XIX
1544,B-II-m-B-19246,Case,municipiul BUCUREŞTI,Calea Moşilor 62-68 sector 3,sf. sec. XIX
1545,B-II-m-B-19247,Casă,municipiul BUCUREŞTI,Calea Moşilor 71 sector 2,sf. sec. XIX
1546,B-II-m-B-19248,Casă,municipiul BUCUREŞTI,Calea Moşilor 73 sector 3,sf. sec. XIX
1547, B-II-m-B-19249, Casă, municipiul BUCUREŞTI, Calea Moşilor 74 sector 3, sf. sec. XIX
1548,B-II-m-B-19250,Casă,municipiul BUCUREŞTI,Calea Moşilor 75 sector 3,sf. sec. XIX
1549,B-II-m-B-19251,Casă,municipiul BUCUREŞTI,Calea Moşilor 77 sector 3,sf. sec. XIX - înc. sec. XX
1550,B-II-m-A-19252,"Biserica ""Intrarea Maicii Domnului în Biserică""- cu Sfinţi",municipiul BUCUREŞTI,Calea Moşilor 79 sector 3,1728
1551,B-II-m-B-19253 B-II-m-B-19254,Casă Casă,municipiul BUCUREŞTI municipiul BUCUREŞTI,Calea Moşilor 82 sector 3 Calea Moşilor 84 sector 3,sf. sec. XIX 1864
1553,B-II-m-B-19255,Casă,municipiul BUCUREŞTI,Calea Moşilor 86 sector 3,sf. sec. XIX
1554,B-II-m-B-19256,Casă,municipiul BUCUREŞTI,Calea Moşilor 88 sector 3,sf. sec. XIX
1555,B-II-m-B-19257,Casă,municipiul BUCUREŞTI,Calea Moşilor 90 sector 3,1894
1556,B-II-m-B-19258,Casa Sofia Popp,municipiul BUCUREŞTI,Calea Moşilor 91 sector 3,sf. sec. XIX
1557,B-II-m-B-19259,Casă,municipiul BUCUREŞTI,Calea Moşilor 92 sector 3,1894
1558,B-II-m-B-19260,Fosta casă Popp şi Bunescu - corpul principal,municipiul BUCUREŞTI,Calea Moşilor 122 sector 3,sf. sec. XIX
1559, B-II-m-B-19261, Casa Bercovici, municipiul BUCUREŞTI, Calea Moşilor 128 sector 3, sf. sec. XIX
1560, B-II-m-B-19262, Hanul Solacolu, municipiul BUCUREŞTI, Calea Moşilor 134-134A sector 3, sf. sec. XIX
1561,B-II-m-B-19263,Casă,municipiul BUCUREŞTI,Calea Moşilor 136-138 sector 3,sf. sec. XIX
1562,B-II-m-B-19264,"Casa G-ral Lahovary, azi corp al Spitalului Cantacuzino",municipiul BUCUREŞTI,Str. Movilă Ion 5 sector 2,1884 - 1886
1563, B-II-m-B-19265 B-II-m-B-19266, Casa Sofia Cavaleru Casă, municipiul BUCUREŞTI municipiul BUCUREŞTI, Str. Munţii Tatra 21 sector 1 Str. Munţii Tatra 6 sector 1, prima jum. sec. XX prima jum. sec. XX
1565,B-II-m-B-19267,Muzeul Victor Babeş,municipiul BUCUREŞTI,Str. Mureşanu Andrei poet 14A sector,1 prima jum. sec. XX
1566,B-II-m-B-19269,Casă,municipiul BUCUREŞTI,Str. Mureşanu Andrei poet 24 sector,1 prima jum. sec. XX
1567,B-II-m-B-19268,Casa Tudor Vianu,municipiul BUCUREŞTI,Str. Mureşanu Andrei poet 33 sector,1 prima jum. sec. XX
1568,B-II-m-B-20934,Imobil,municipiul BUCUREŞTI,Str. Muzeul Zambaccian 1 sector 1,1934
1569,B-II-a-B-19271,"Ansamblul de arhitectură ""Str. Negustori, nr. 1-19; 6-16""",municipiul BUCUREŞTI,Str. Negustori sector 2,sf. sec. XIX - prima jum. sec. XX
1570,B-II-m-B-19272,Casa Negroponte,municipiul BUCUREŞTI,Str. Negustori 1A sector 2,sf. sec. XIX - prima jum. sec. XX
1571,B-II-m-B-19273,"Casă, azi Comisia Zonei Montane",municipiul BUCUREŞTI,Str. Negustori 1B sector 2,sf. sec. XIX - prima jum. sec. XX
1572,B-II-m-B-19274,Casă,municipiul BUCUREŞTI,Str. Negustori 3 sector 2,sf. sec. XIX - prima jum. sec. XX
1573,B-II-m-B-19275,Casă,municipiul BUCUREŞTI,Str. Negustori 5 sector 2,sf. sec. XIX - prima jum. sec. XX
1574, B-II-m-B-19276, Intreprinderea de produse ortopedice, municipiul BUCUREŞTI, Str. Negustori 6-8 sector 2, sf. sec. XIX - prima jum. sec. XX
1575, B-II-m-B-19277 B-II-m-B-19278, Casă Casă, municipiul BUCUREŞTI municipiul BUCUREŞTI, Str. Negustori 7 sector 2 Str. Negustori 9 sector 2, sf. sec. XIX - prima jum. sec. XX sf. sec. XIX - prima jum.
1577,B-II-m-B-19279,Casă,municipiul BUCUREŞTI,Str. Negustori 10 sector 2,sf. sec. XIX - prima jum. sec. XX
1578,B-II-m-B-19280,Casă,municipiul BUCUREŞTI,Str. Negustori 11-11 bis sector 2,sf. sec. XIX - prima jum. sec. XX
1579,B-II-m-B-19282,Casă,municipiul BUCUREŞTI,Str. Negustori 14 sector 2,sf. sec. XIX - prima jum. sec. XX
1580,B-II-m-B-19283,Casa Vlădescu,municipiul BUCUREŞTI,Str. Negustori 15 sector 2,sf. sec. XIX - prima jum. sec. XX
1581,B-II-m-B-19284,Casa Dimitrie Bolintineanu,municipiul BUCUREŞTI,Str. Negustori 16 sector 2,sf. sec. XIX - prima jum. sec. XX
1582,B-II-m-B-19285,Casă,municipiul BUCUREŞTI,Str. Negustori 28 sector 2,sf. sec. XIX - prima jum. sec. XX
1583,B-II-m-B-19286,Casă,municipiul BUCUREŞTI,Str. Negustori 30 sector 2,sf. sec. XIX - prima jum. sec. XX
1584, B-II-m-B-19287, Casă, municipiul BUCUREŞTI, Str. Negustori 32 sector 2, sf. sec. XIX - prima jum. sec. XX
1585, B-II-a-B-19288," Ansamblul de arhitectură ""Intr. Nopţii""", municipiul BUCUREŞTI, Intr. Nopţii sector 1, sf. sec. XIX - prima jum. sec. XX
1586,B-II-m-B-19289,Imobil,municipiul BUCUREŞTI,Intr. Nopţii 1 sector 1,sf. sec. XIX - prima jum. sec. XX
1587,B-II-m-B-19290 B-II-m-B-19291,Imobil Imobil,municipiul BUCUREŞTI municipiul BUCUREŞTI,Intr. Nopţii 2 sector 1 Intr. Nopţii 3 sector 1,sf. sec. XIX - prima jum. sec. XX sf. sec. XIX - prima jum.
1589,B-II-m-B-19292,Clubul Nautic,municipiul BUCUREŞTI,Şos. Nordului f.n. sector 1 (în incinta Parcului Herăstrău),prima jum. sec. XX
1590,B-II-m-B-19293,Casă,municipiul BUCUREŞTI,Str. Nottara Constantin 8 sector 3,prima jum. sec. XX
1591,B-II-m-B-19294,Casă,municipiul BUCUREŞTI,Str. Nottara Constantin 9 sector 3,prima jum. sec. XX
1592,B-II-m-B-19295,Casă,municipiul BUCUREŞTI,Str. Nottara Constantin 11 sector 3,prima jum. sec. XX
1593,B-II-m-B-19296,Casă,municipiul BUCUREŞTI,Str. Nottara Constantin 13 sector 3,prima jum. sec. XX
1594,B-II-m-B-19297,Casă,municipiul BUCUREŞTI,Str. Nottara Constantin 15 sector 3,prima jum. sec. XX
1595, B-II-m-B-19298, Casă, municipiul BUCUREŞTI, Str. Nottara Constantin 19 sector 3, prima jum. sec. XX
1596, B-II-m-B-19299, Casă, municipiul BUCUREŞTI, Str. Nottara Constantin 31 sector 3, prima jum. sec. XX
1597,B-II-m-B-19300,Casă,municipiul BUCUREŞTI,Str. Nottara Constantin 33 sector 3,prima jum. sec. XX
1598,B-II-m-B-19301,Casa ing. Anghel Saligny,municipiul BUCUREŞTI,Str. Occidentului 8-10 sector 1,înc. sec. XX
1599,B-II-m-B-19302 B-II-m-B-19303,Casă cu pictură exterioară Casă,municipiul BUCUREŞTI municipiul BUCUREŞTI,Str. Occidentului 11 sector 1 Str. Occidentului 14 sector 1,sf. sec. XIX - prima jum. sec. XX sf. sec. XIX
1601,B-II-m-A-19304,"Biserica ""Sf. Nicolae, Adormirea Maicii Domnului"" - Olari",municipiul BUCUREŞTI,Str. Olari 6 sector 2,1758
1602, B-II-m-B-19305, Casă, municipiul BUCUREŞTI, Str. Olari 8 sector 2, 1893
1603,B-II-m-B-21000,Casa G-ral Jitianu I.,municipiul BUCUREŞTI,Str. Olari 32 sector 2,1921
1604,B-II-m-A-19306,Biserica „Adormirea Maicii Domnului“ - Flămânda,municipiul BUCUREŞTI,Str. Olimpului 17 sector 4,1782
1605,B-II-m-B-19307,"Casă - fațadele de nord, vest și sud",municipiul BUCUREŞTI,"Str. Olteni 1 sector 3, str. Clucerul Udricani nr. 12",sf. sec. XIX
1606,B-II-m-B-19308,Casă,municipiul BUCUREŞTI,Str. Olteni 5 sector 3,sf. sec. XIX
1607,B-II-m-B-19309,Casă,municipiul BUCUREŞTI,Str. Olteni 9 sector 3,sf. sec. XIX
1608,B-II-m-B-21042,Casa ing. Panait Pascalis și Vlada Vasiliadis,municipiul BUCUREȘTI,Str. Onciu Dimitrie 31 sector 2,1914
1609,B-II-m-B-19310,Casă,municipiul BUCUREŞTI,Str. Orbescu Dimitrie 12 sector 2,sf. sec. XIX - prima jum. sec. XX
1610, B-II-m-B-19311, Imobil locuinţe, municipiul BUCUREŞTI, Str. Orbescu Dimitrie 14 sector 2, 1935
1611, B-II-a-B-19313 B-II-m-B-19313.01," Fabrica de bere - ""Luther"" Orzăria", municipiul BUCUREŞTI municipiul BUCUREŞTI, Şos. Orhideelor 46 sector 1 Şos. Orhideelor 46 sector 1, 1869
1613,B-II-m-B-19313.02,Mălţăria,municipiul BUCUREŞTI,Şos. Orhideelor 46 sector 1,
1614,B-II-m-B-19313.03,Pavilionul Administrativ,municipiul BUCUREŞTI,Şos. Orhideelor 46 sector 1,
1615,B-II-m-B-19313.04,Ateliere şi magazii - faţada dinspre Str. Fluviului,municipiul BUCUREŞTI,Şos. Orhideelor 46 sector 1,
1616,B-II-m-A-19314,Casă de târgoveţ,municipiul BUCUREŞTI,Str. Orzari 63 sector 2,1859
1617,B-II-m-B-19315,Casă,municipiul BUCUREŞTI,Str. Oteşani 28 sector 2,sf. sec. XIX - prima jum. sec. XX
1618,B-II-m-B-19316,Vila Matilda,municipiul BUCUREŞTI,Str. Oţetari 2 sector 2,sf. sec. XIX
1619, B-II-m-B-19317," Biserica ""Sfinţii Voievozi"" - Oţetari", municipiul BUCUREŞTI, Str. Oţetari 4 sector 2," 1757, sec. XIX"
1620, B-II-m-B-19318, Casă, municipiul BUCUREŞTI, Str. Paleologu 12 sector 2, sf. sec. XIX
1621,B-II-m-B-19319,Casă,municipiul BUCUREŞTI,Şos. Panduri 28 sector 5,sf. sec. XIX
1622,B-II-m-A-19320,Academia de Înalte Studii Militare,municipiul BUCUREŞTI,Şos. Panduri 62-68 sector 5,1937 - 1939
1623,B-II-m-B-19321 B-II-a-A-19322,Întreprinderea „Uzinele Chimice Române“ Ansamblul fostului Azil,municipiul BUCUREŞTI municipiul BUCUREŞTI,Şos. Panduri 71-75 sector 5 Şos. Panduri 90-92 sector 5,sf. sec. XIX - prima jum. sec. XX sf. sec. XIX - prima jum.
1625,B-II-m-A-19323,Capela Elisabeta Doamna,municipiul BUCUREŞTI,Şos. Panduri 90-92 sector 5,1865 - 1870
1626,B-II-m-A-19324,Azilul Elena Doamna,municipiul BUCUREŞTI,Şos. Panduri 90-92 sector 5,1865 - 1870
1627,B-II-m-B-19325,Casă,municipiul BUCUREŞTI,"Str. Pangratti Ermil ing. 2A sector 1, Str. Demetriade Gheorghe av. 14 sector 1",prima jum. sec. XX
1628,B-II-m-B-19326,Casă,municipiul BUCUREŞTI,Str. Pangratti Ermil ing. 15 sector 1,prima jum. sec. XX
1629,B-II-m-B-19327,Casă,municipiul BUCUREŞTI,Str. Pangratti Ermil ing. 18 sector 1,prima jum. sec. XX
1630,B-II-m-B-19328,Casă,municipiul BUCUREŞTI,Str. Pangratti Ermil ing. 20 sector 1,prima jum. sec. XX
1631, B-II-m-B-19329, Imobil, municipiul BUCUREŞTI, Str. Pann Anton 9 sector 3, sf. sec. XIX - prima jum. sec. XX
1632, B-II-m-B-19330, Casă, municipiul BUCUREŞTI, Str. Pann Anton 12 sector 3, sf. sec. XIX - prima jum. sec. XX
1633,B-II-m-B-19331,Casa Anton Pann,municipiul BUCUREŞTI,Str. Pann Anton 20 sector 3,sf. sec. XIX
1634,B-II-a-B-19332,"Ansamblul de arhitectură ""Intr. Parfumului""",municipiul BUCUREŞTI,Intr. Parfumului sector 3,sf. sec. XIX - prima jum. sec. XX
1635,B-II-m-B-19333 B-II-m-B-19334,Casă Casă,municipiul BUCUREŞTI municipiul BUCUREŞTI,Str. Parfumului 6 sector 3 Str. Parfumului 11 sector 3,sf. sec. XIX - prima jum. sec. XX sf. sec. XIX - prima jum.
1637,B-II-m-B-19335,Casă,municipiul BUCUREŞTI,Str. Parfumului 12 sector 3,sf. sec. XIX - prima jum. sec. XX
1638,B-II-m-B-19336,Casă,municipiul BUCUREŞTI,Str. Parfumului 13 sector 3,sf. sec. XIX - prima jum. sec. XX
1639,B-II-m-B-19337,Casă,municipiul BUCUREŞTI,Str. Parfumului 14 sector 3,sf. sec. XIX - prima jum. sec. XX
1640,B-II-m-B-19338,Casă,municipiul BUCUREŞTI,Str. Parfumului 18 sector 3,sf. sec. XIX - prima jum. sec. XX
1641,B-II-m-B-19339,Casa în care a locuit Ilarie Voronca,municipiul BUCUREŞTI,Str. Parfumului 20 sector 3,sf. sec. XIX - prima jum. sec. XX
1642,B-II-m-B-19340,Casă,municipiul BUCUREŞTI,Str. Parfumului 24 sector 3,sf. sec. XIX - prima jum. sec. XX
1643,B-II-m-B-19341,Casă,municipiul BUCUREŞTI,Str. Parfumului 31 sector 3,sf. sec. XIX - prima jum. sec. XX
1644, B-II-m-B-19342, Casă, municipiul BUCUREŞTI, Str. Parfumului 33 sector 3, sf. sec. XIX - prima jum. sec. XX
1645, B-II-m-B-19343, Casă, municipiul BUCUREŞTI, Str. Parfumului 35 sector 3, sf. sec. XIX - prima jum. sec. XX
1646,B-II-m-B-19344,Casă,municipiul BUCUREŞTI,Str. Parfumului 37 sector 3,sf. sec. XIX - prima jum. sec. XX
1647,B-II-m-B-19345 B-II-m-B-19346,Vilă Vilă,municipiul BUCUREŞTI municipiul BUCUREŞTI,Str. Paris 5 sector 1 Str. Paris 7 sector 1,prima jum. sec. XX prima jum. sec. XX
1649,B-II-m-B-19347,Vilă,municipiul BUCUREŞTI,Str. Paris 13 sector 1,prima jum. sec. XX
1650,B-II-m-B-19348,Vilă,municipiul BUCUREŞTI,Str. Paris 14A sector 1,prima jum. sec. XX
1651,B-II-m-B-19349,Vilă,municipiul BUCUREŞTI,Str. Paris 19-19bis sector 1,prima jum. sec. XX
1652,B-II-m-B-19350,Vilă,municipiul BUCUREŞTI,Str. Paris 21 sector 1,prima jum. sec. XX
1653,B-II-m-B-19351,Vilă,municipiul BUCUREŞTI,Str. Paris 25 sector 1,prima jum. sec. XX
1654,B-II-m-B-19352,Vilă,municipiul BUCUREŞTI,Str. Paris 27 sector 1,prima jum. sec. XX
1655, B-II-m-B-19353, Vilă, municipiul BUCUREŞTI, Str. Paris 34 sector 1, prima jum. sec. XX
1656,B-II-m-B-19354,Vilă,municipiul BUCUREŞTI,Str. Paris 35 sector 1,prima jum. sec. XX
1657,B-II-m-B-19355,Vilă,municipiul BUCUREŞTI,Str. Paris 37 sector 1,prima jum. sec. XX
1658,B-II-m-B-19356,Vilă,municipiul BUCUREŞTI,Str. Paris 40A sector 1,prima jum. sec. XX
1659,B-II-m-B-19357 B-II-m-B-19358,Vilă Vilă,municipiul BUCUREŞTI municipiul BUCUREŞTI,Str. Paris 41 sector 1 Str. Paris 46 sector 1,prima jum. sec. XX prima jum. sec. XX
1661,B-II-m-B-19359,Vilă,municipiul BUCUREŞTI,Str. Paris 47 sector 1,prima jum. sec. XX
1662,B-II-m-B-19360,Vilă,municipiul BUCUREŞTI,Str. Paris 50 sector 1,prima jum. sec. XX
1663,B-II-m-B-19361,Imobil,municipiul BUCUREŞTI,Str. Paris 53 sector 1,prima jum. sec. XX
1664,B-II-m-B-19362,Vilă,municipiul BUCUREŞTI,Str. Paris 55 sector 1,prima jum. sec. XX
1665,B-II-m-B-19363,Casă,municipiul BUCUREŞTI,Str. Patrichi Gina 10 sector 1,sf. sec. XIX - înc. sec. XX
1666,B-II-m-B-19364,Hotel Patria - Elias,municipiul BUCUREŞTI,Str. Patriei 3 sector 3,sec. XIX
1667, B-II-m-B-20921, Imobil, municipiul BUCUREŞTI, Str. Părintele Galeriu 13 sector 2, sf. sec. XIX
1668,B-II-a-B-19365,"Ansamblul de arhitectură ""Str. Părintele Stăniloaie""",municipiul BUCUREŞTI,Str. Părintele Stăniloaie sector 2,sf. sec. XIX
1669,B-II-m-B-18424,Casă cu prispă,municipiul BUCUREŞTI,Str. Părintele Stăniloaie 1A sector 2,sf. sec. XIX
1670,B-II-m-B-18425,Casă,municipiul BUCUREŞTI,Str. Părintele Stăniloaie 2 sector 2,sf. sec. XIX
1671,B-II-m-B-18426 B-II-m-B-18427,Casă şi pavilion metalic Casă,municipiul BUCUREŞTI municipiul BUCUREŞTI,Str. Părintele Stăniloaie 4 sector 4 Str. Părintele Stăniloaie 5 sector 2,sf. sec. XIX sf. sec. XIX
1673,B-II-m-B-18428,Casă,municipiul BUCUREŞTI,Str. Părintele Stăniloaie 7 sector 2,sf. sec. XIX
1674,B-II-a-B-19366,"Ansamblul de arhitectură ""Str. Pătraşcu Vodă""",municipiul BUCUREŞTI,Str. Pătraşcu Vodă sector 3,sf. sec. XIX
1675,B-II-m-B-19367,Casă cu prăvălie,municipiul BUCUREŞTI,Str. Pătraşcu Vodă 3 sector 3,sf. sec. XIX
1676,B-II-m-B-19368,Casă,municipiul BUCUREŞTI,Str. Pătraşcu Vodă 3bis sector 3,sf. sec. XIX
1677,B-II-m-B-19369,Casă,municipiul BUCUREŞTI,Str. Pătraşcu Vodă 5 sector 3,sf. sec. XIX
1678,B-II-m-B-19370,Casă,municipiul BUCUREŞTI,Str. Pătraşcu Vodă 7 sector 3,sf. sec. XIX
1679, B-II-m-B-19371, Casă, municipiul BUCUREŞTI, Str. Pătraşcu Vodă 8 sector 3, sf. sec. XIX
1680, B-II-m-B-19372, Casă, municipiul BUCUREŞTI, Str. Pătraşcu Vodă 10 sector 3, sf. sec. XIX
1681,B-II-m-B-19373,Casă,municipiul BUCUREŞTI,Str. Pătraşcu Vodă 12 sector 3,sf. sec. XIX
1682,B-II-m-B-19374,Casă,municipiul BUCUREŞTI,Str. Pătraşcu Vodă 14 sector 3,sf. sec. XIX
1683,B-II-m-B-19375 B-II-m-B-19376,Casa Maria Filotti Casă,municipiul BUCUREŞTI municipiul BUCUREŞTI,Str. Pârvan Vasile 12 sector 1 Str. Philippide Alexandru 3 sector 2,1925 prima jum. sec. XX
1685,B-II-m-B-19377,Casă,municipiul BUCUREŞTI,Str. Philippide Alexandru 4 sector 2,prima jum. sec. XX
1686,B-II-m-B-19378,Casă,municipiul BUCUREŞTI,Str. Philippide Alexandru 5 sector 2,prima jum. sec. XX
1687,B-II-m-B-19379,Casă,municipiul BUCUREŞTI,Str. Philippide Alexandru 6 sector 2,prima jum. sec. XX
1688,B-II-m-B-19380,Casă,municipiul BUCUREŞTI,Str. Philippide Alexandru 8 sector 2,prima jum. sec. XX
1689,B-II-m-B-19381,Casă,municipiul BUCUREŞTI,Str. Philippide Alexandru 11 sector 2,prima jum. sec. XX
1690,B-II-m-B-19382,Casă,municipiul BUCUREŞTI,Str. Philippide Alexandru 13 sector 2,prima jum. sec. XX
1691, B-II-m-B-19383, Casă, municipiul BUCUREŞTI, Str. Philippide Alexandru 14 sector 2, prima jum. sec. XX
1692,B-II-m-B-19384,Casă,municipiul BUCUREŞTI,Str. Philippide Alexandru 15 sector 2,prima jum. sec. XX
1693,B-II-m-B-19385,Casă,municipiul BUCUREŞTI,Str. Philippide Alexandru 17 sector 2,prima jum. sec. XX
1694,B-II-m-B-19386,Casă,municipiul BUCUREŞTI,"Str. Philippide Alexandru 20 sector 2, Vlaicu Aurel nr. 61 sector 2",str. prima jum. sec. XX
1695,B-II-a-B-19387 B-II-m-B-19387.01,"Ansamblul Bisericii Cărămidarii de Jos Biserica ""Sf. Mare Mucenic",municipiul BUCUREŞTI municipiul BUCUREŞTI,Str. Piscului 1-3 sector 4 Str. Piscului 1-3 sector 4,jum. sec. XIX - XX sec. XIX - XX
1697,B-II-m-B-19387.02,Clădirea fostului cămin cultural,municipiul BUCUREŞTI,Str. Piscului 1-3 sector 4,sf. sec. XIX
1698,B-II-m-B-19388,Casă,municipiul BUCUREŞTI,Str. Plantelor 4 sector 2,sf. sec. XIX - prima jum. sec. XX
1699,B-II-m-B-19389,Casă,municipiul BUCUREŞTI,Str. Plantelor 37-37A sector 2,sf. sec. XIX - prima jum. sec. XX
1700,B-II-m-B-19390,Casă,municipiul BUCUREŞTI,Str. Plantelor 40 sector 2,sf. sec. XIX - prima jum. sec. XX
1701,B-II-m-B-19391,Casă,municipiul BUCUREŞTI,Str. Plantelor 48 sector 2,sf. sec. XIX - prima jum. sec. XX
1702,B-II-m-B-19392,Casă,municipiul BUCUREŞTI,Str. Plantelor 54 sector 2,sf. sec. XIX - prima jum. sec. XX
1703,B-II-m-B-19393,Casă,municipiul BUCUREŞTI,Str. Plantelor 56-58 sector 2,sf. sec. XIX - prima jum. sec. XX
1704, B-II-m-B-19394, Garaj, municipiul BUCUREŞTI, Calea Plevnei 26 sector 1, sf. sec. XIX - prima jum. sec. XX
1705, B-II-m-B-19395, Biserica „Sf. Împăraţi Constantin şi Elena“, municipiul BUCUREŞTI, Calea Plevnei 30 sector 1, 1785
1706,B-II-m-B-19396,Casa George Coşbuc,municipiul BUCUREŞTI,Calea Plevnei 40 sector 1,prima jum. sec. XX
1707,B-II-m-B-19397 B-II-m-B-19399,Casă Casa prof. Nicolae Clinciu,municipiul BUCUREŞTI municipiul BUCUREŞTI,Calea Plevnei 46 sector 1 Calea Plevnei 54 sector 1,prima jum. sec. XX prima jum. sec. XX
1709,B-II-m-B-19400,Casă,municipiul BUCUREŞTI,Calea Plevnei 58 sector 1,prima jum. sec. XX
1710,B-II-m-B-19401,Casă,municipiul BUCUREŞTI,Calea Plevnei 72 sector 1,prima jum. sec. XX
1711,B-II-m-B-19402,Casă,municipiul BUCUREŞTI,Calea Plevnei 80 sector 1,prima jum. sec. XX
1712,B-II-m-B-19403,Casă,municipiul BUCUREŞTI,Calea Plevnei 82 sector 1,prima jum. sec. XX
1713,B-II-m-B-19404,Casă,municipiul BUCUREŞTI,Calea Plevnei 84 sector 1,prima jum. sec. XX
1714,B-II-m-B-19405,Casă,municipiul BUCUREŞTI,Calea Plevnei 86 sector 1,prima jum. sec. XX
1715, B-II-m-B-19406, Biserica „Sf. Gheorghe“, municipiul BUCUREŞTI, Calea Plevnei 122 sector 6, 1906
1716,B-II-m-B-19407,Casă,municipiul BUCUREŞTI,Calea Plevnei 131 sector 1,sec. XX
1717,B-II-m-B-19408,Spitalul Militar,municipiul BUCUREŞTI,Calea Plevnei 134 sector 6,sf. sec. XIX - prima jum. sec. XX
1718,B-II-m-B-19409,Casă,municipiul BUCUREŞTI,Calea Plevnei 135 sector 1,sec. XX
1719,B-II-m-B-19411 B-II-m-B-19410,Casă Spitalul Witing - C.F.R.,municipiul BUCUREŞTI municipiul BUCUREŞTI,Calea Plevnei 137 sector 1 Calea Plevnei 142-144 sector 6,prima jum. sec. XX sf. sec. XIX - prima jum.
1721,B-II-m-B-19412,Fosta Manutanţă a Armatei,municipiul BUCUREŞTI,Calea Plevnei 143 sector 6,sf. sec. XIX
1722,B-II-m-B-19413,Fabrica de pâine,municipiul BUCUREŞTI,Calea Plevnei 145 sector 6,sf. sec. XIX
1723,B-II-m-B-19414,Casă,municipiul BUCUREŞTI,Calea Plevnei 224 sector 6,sf. sec. XIX - prima jum. sec. XX
1724,B-II-m-B-19415,Casă,municipiul BUCUREŞTI,Calea Plevnei 224A sector 6,sf. sec. XIX - prima jum. sec. XX
1725,B-II-m-B-19416,Casă,municipiul BUCUREŞTI,Calea Plevnei 230 sector 6,sf. sec. XIX - prima jum. sec. XX
1726,B-II-m-B-19417,Casă,municipiul BUCUREŞTI,Calea Plevnei 232 sector 6,sf. sec. XIX - prima jum. sec. XX
1727,B-II-m-B-19418,Farmacie,municipiul BUCUREŞTI,Calea Plevnei 244 sector 6,prima jum. sec. XX
1728, B-II-a-A-19419, Ansamblul Mănăstirii Plumbuita, municipiul BUCUREŞTI, Str. Plumbuita 58 sector 2, sec. XVI - XX
1729, B-II-m-A-19419.01," Biserica ""Naşterea Sf. Prooroc Ioan Botezătorul şi Înaintemergătorul""", municipiul BUCUREŞTI, Str. Plumbuita 58 sector 2," sec. XVI, 1647"
1730,B-II-m-A-19419.02,Palat domnesc,municipiul BUCUREŞTI,Str. Plumbuita 58 sector 2,prima jum. sec. XVIII
1731, B-II-m-A-19419.03 B-II-m-A-19419.04, Turn clopotniţă Chilii, municipiul BUCUREŞTI municipiul BUCUREŞTI, Str. Plumbuita 58 sector 2 Str. Plumbuita 58 sector 2, sec. XVIII sec. XVIII - XX
1733,B-II-m-A-18000,Casa Oprea Soare,municipiul BUCUREŞTI,Str. Poenaru Bordea col. 2 sector 4,1914
1734,B-II-m-B-19420,Casă,municipiul BUCUREŞTI,Str. Poiana Florilor 15 sector 4,sf. sec. XIX - prima jum. sec. XX
1735,B-II-m-B-19421,"Palatul Şcoalei Politehnice, azi Universitatea Politehnică",municipiul BUCUREŞTI,Str. Polizu Gheorghe 1-7 sector 1,sf. sec. XIX
1736,B-II-m-B-19422,"Vechea Şcoală de meserii, azi Universitatea Politehnică",municipiul BUCUREŞTI,Str. Polizu Gheorghe 1-7 sector 1,sf. sec. XIX
1737, B-II-m-B-19423, Maternitatea Polizu, municipiul BUCUREŞTI, Str. Polizu Gheorghe 38-52 sector 1, 1925
1738,B-II-m-B-19424,Casă,municipiul BUCUREŞTI,Str. Polonă 2 sector 1,sf. sec. XIX - prima jum. sec. XX
1739,B-II-m-B-19425,Casă,municipiul BUCUREŞTI,Str. Polonă 4 sector 1,sf. sec. XIX - prima jum. sec. XX
1740,B-II-m-B-19426,Casă,municipiul BUCUREŞTI,Str. Polonă 6 sector 1,sf. sec. XIX - prima jum. sec. XX
1741,B-II-m-B-19427,Casă,municipiul BUCUREŞTI,Str. Polonă 8 sector 1,sf. sec. XIX - prima jum. sec. XX
1742,B-II-m-B-19428,Casă,municipiul BUCUREŞTI,Str. Polonă 9 sector 1,sf. sec. XIX - prima jum. sec. XX
1743,B-II-m-B-19429 B-II-m-B-19430,Casă Casă,municipiul BUCUREŞTI municipiul BUCUREŞTI,Str. Polonă 10 sector 1 Str. Polonă 12 sector 1,sf. sec. XIX - prima jum. sec. XX sf. sec. XIX - prima jum.
1745,B-II-m-B-19431,Casă,municipiul BUCUREŞTI,Str. Polonă 13 sector 1,sf. sec. XIX - prima jum. sec. XX
1746,B-II-m-B-19432,Casă,municipiul BUCUREŞTI,Str. Polonă 15 sector 1,sf. sec. XIX - prima jum. sec. XX
1747,B-II-m-B-19433,Casă,municipiul BUCUREŞTI,Str. Polonă 16 sector 1,1923 - 1924
1748,B-II-m-B-19434,Casă,municipiul BUCUREŞTI,Str. Polonă 17 sector 1,sf. sec. XIX - prima jum. sec. XX
1749,B-II-m-B-19435,Casă,municipiul BUCUREŞTI,Str. Polonă 19 sector 1,sf. sec. XIX - prima jum. sec. XX
1750,B-II-m-B-19436,Casă,municipiul BUCUREŞTI,Str. Polonă 22 sector 1,sf. sec. XIX - prima jum. sec. XX
1751,B-II-m-B-19437,Casă,municipiul BUCUREŞTI,Str. Polonă 28 sector 1,sf. sec. XIX - prima jum. sec. XX
1752, B-II-m-B-19438, Casă, municipiul BUCUREŞTI, Str. Polonă 30 sector 1, sf. sec. XIX - prima jum. sec. XX
1753, B-II-m-B-19439, Casă, municipiul BUCUREŞTI, Str. Polonă 31 sector 1, sf. sec. XIX - prima jum. sec. XX
1754,B-II-m-B-19440,Casă,municipiul BUCUREŞTI,Str. Polonă 38 sector 1,sf. sec. XIX - prima jum. sec. XX
1755,B-II-m-B-19441 B-II-m-B-19442,Casă Casă,municipiul BUCUREŞTI municipiul BUCUREŞTI,Str. Polonă 46 sector 1 Str. Polonă 49 sector 1,sf. sec. XIX - prima jum. sec. XX sf. sec. XIX - prima jum.
1757,B-II-m-B-19443,Casă,municipiul BUCUREŞTI,Str. Polonă 51 sector 1,sf. sec. XIX - prima jum. sec. XX
1758,B-II-m-B-19444,Casă,municipiul BUCUREŞTI,Str. Polonă 55 sector 1,sf. sec. XIX - prima jum. sec. XX
1759,B-II-m-B-19445,Casă,municipiul BUCUREŞTI,Str. Polonă 61 sector 1,sf. sec. XIX - prima jum. sec. XX
1760,B-II-m-B-19446,Casă,municipiul BUCUREŞTI,Str. Polonă 64 sector 1,sf. sec. XIX - prima jum. sec. XX
1761,B-II-m-B-19447,Casă,municipiul BUCUREŞTI,Str. Polonă 76 sector 1,sf. sec. XIX - prima jum. sec. XX
1762,B-II-m-B-19448,Imobil,municipiul BUCUREŞTI,Str. Polonă 103 sector 1,sf. sec. XIX - prima jum. sec. XX
1763,B-II-m-B-19449,"Imobil - faţadele celor două corpuri de clădire, corespunzătoare frontului străzii Polonă",municipiul BUCUREŞTI,Str. Polonă 105 sector 1,sf. sec. XIX - prima jum. sec. XX
1764,B-II-m-B-19450,"Biserica ""Sf. Împăraţi Constantin şi Elena"" - Popa Nan",municipiul BUCUREŞTI,"Str. Popa Nan 47bis sector 2, Str. Gheorghe Costa-Foru 5A sector 2","1910 - 1918, sf. sec. XVIII - sec. XIX"
1765, B-II-m-B-21061, Imobil, municipiul BUCUREȘTI, Str. Popa Rusu 24 sector 2, sf. sec. XIX
1766,B-II-a-B-19451 B-II-m-B-19452,"Ansamblul de arhitectură ""Str. Popa Soare"" Casele Bacaloglu",municipiul BUCUREŞTI municipiul BUCUREŞTI,"Str. Popa Soare sector 2, 3 Str. Popa Soare 1bis sector 3",sf. sec. XIX - prima jum. sec. XX 1887
1768,B-II-m-B-19453,Casă,municipiul BUCUREŞTI,Str. Popa Soare 2 sector 3,sf. sec. XIX - prima jum. sec. XX
1769,B-II-m-B-19454,Casă,municipiul BUCUREŞTI,Str. Popa Soare 4 sector 3,sf. sec. XIX - prima jum. sec. XX
1770,B-II-m-B-19455,Casa Mircea Vulcănescu,municipiul BUCUREŞTI,Str. Popa Soare 16A sector 2,înc. sec. XX
1771,B-II-m-B-19456,Casă,municipiul BUCUREŞTI,Str. Popa Soare 52 sector 3,sf. sec. XIX - prima jum. sec. XX
1772,B-II-m-B-19457,Casă,municipiul BUCUREŞTI,Str. Popa Soare 54 sector 2,sf. sec. XIX - prima jum. sec. XX
1773,B-II-m-B-19458,Casă,municipiul BUCUREŞTI,Str. Popa Soare 55 sector 3,sf. sec. XIX - prima jum. sec. XX
1774,B-II-m-B-19459,Casă,municipiul BUCUREŞTI,Str. Popa Soare 56 sector 2,sf. sec. XIX - prima jum. sec. XX
1775, B-II-m-B-19460, Casă, municipiul BUCUREŞTI, Str. Popa Soare 60 sector 2, sf. sec. XIX - prima jum. sec. XX
1776, B-II-m-B-19461, Uzina electrică Filaret, municipiul BUCUREŞTI, Str. Popescu Candiano g-ral 2 sector 4, sf. sec. XIX
1777,B-II-m-B-21011,"Turnul de apă ""Cetatea lui Ţepeş Vodă""",municipiul BUCUREŞTI,Str. Popescu Candiano g-ral 6 sector 4,1905 - 1906
1778,B-II-m-B-18419 B-II-m-A-19462,Casa Mătăsaru Biserica „Sf. Dumitru - de,municipiul BUCUREŞTI municipiul BUCUREŞTI,Str. Porumbaru Emanoil 12 sector 1 Str. Poştei 2 sector 3,1927 sec. XVII - XIX
1780,B-II-m-B-19463,Spitalul P.T.T.R.,municipiul BUCUREŞTI,Str. Poştei 4 sector 3,sf. sec. XIX - prima jum. sec. XX
1781,B-II-a-A-19464,Ansamblul Bisericii Stavropoleos,municipiul BUCUREŞTI,Str. Poştei 6 sector 3,
1782,B-II-m-A-19464.01,"Biserica ""Sf. Arhangheli Mihail şi Gavril, Sf. Athanasie cel Mare""",municipiul BUCUREŞTI,Str. Poştei 6 sector 3,"1724, înc. sec. XX"
1783,B-II-m-A-19464.02,Casă parohială şi lapidarium,municipiul BUCUREŞTI,Str. Poştei 6 sector 3,1904
1784,B-II-m-A-19464.03,Turn clopotniţă,municipiul BUCUREŞTI,Str. Poştei 6 sector 3,1904
1785,B-II-m-B-19465,Casa Rosetti - Soleşti,municipiul BUCUREŞTI,Str. Povernei 1-3 sector 1,sf. sec. XIX - prima jum. sec. XX
1786,B-II-m-B-19466,Vilă,municipiul BUCUREŞTI,Str. Praga 2 sector 1,prima jum. sec. XX
1787,B-II-m-B-19467,Vilă,municipiul BUCUREŞTI,Str. Praga 4 sector 1,prima jum. sec. XX
1788,B-II-m-B-19468,Vilă,municipiul BUCUREŞTI,Str. Praga 11 sector 1,prima jum. sec. XX
1789, B-II-m-B-19469, Casa gen. David Praporgescu, municipiul BUCUREŞTI, Str. Praporgescu David g-ral 17 sector, 2 sf. sec. XIX - prima jum. sec. XX
1790, B-II-m-B-21107 B-II-m-B-19470, Casă Casă, municipiul BUCUREŞTI municipiul BUCUREŞTI, Bd. Primăverii 28 sector 1 Str. Principatele Unite 63 sector 4, sec. XIX
1792,B-II-a-A-19471,Ansamblul Bisericii Greceşti,municipiul BUCUREŞTI,Bd. Protopopescu Pache 1-3 sector 2,înc. sec. XX
1793,B-II-m-A-19472,"Biserica ""Buna Vestire""",municipiul BUCUREŞTI,Bd. Protopopescu Pache 1-3 sector 2,înc. sec. XX
1794,B-II-m-A-19473,"Fostul Palat al Legaţiei Elene, azi Ambasada Republicii Elene",municipiul BUCUREŞTI,Bd. Protopopescu Pache 1-3 sector 2,înc. sec. XX
1795,B-II-m-B-19474,Imobil,municipiul BUCUREŞTI,Bd. Protopopescu Pache 2 sector 2,înc. sec. XX
1796,B-II-m-B-19475,Imobil,municipiul BUCUREŞTI,Bd. Protopopescu Pache 4 sector 2,înc. sec. XX
1797,B-II-m-B-19476,Imobil,municipiul BUCUREŞTI,Bd. Protopopescu Pache 5 sector 2,înc. sec. XX
1798,B-II-m-B-19477,Imobil,municipiul BUCUREŞTI,Bd. Protopopescu Pache 6 sector 2,înc. sec. XX
1799,B-II-m-B-19478,Imobil,municipiul BUCUREŞTI,Bd. Protopopescu Pache 7 sector 2,înc. sec. XX
1800,B-II-m-B-19479,Imobil,municipiul BUCUREŞTI,Bd. Protopopescu Pache 10 sector 2,înc. sec. XX
1801, B-II-m-B-19480, Imobil, municipiul BUCUREŞTI, Bd. Protopopescu Pache 11 sector 2, înc. sec. XX
1802, B-II-m-B-19481 B-II-m-B-19482, Imobil Imobil, municipiul BUCUREŞTI municipiul BUCUREŞTI, Bd. Protopopescu Pache 14 sector 2 Bd. Protopopescu Pache 18 sector 2, înc. sec. XX înc. sec. XX
1804,B-II-m-B-19483,Casa Elena Lupescu,municipiul BUCUREŞTI,Bd. Protopopescu Pache 51 sector 2,1900
1805,B-II-m-B-19484,Colegiul Naţional „Mihai Viteazul“,municipiul BUCUREŞTI,Bd. Protopopescu Pache 62 sector 2,înc. sec. XX
1806,B-II-m-B-19485,Imobil,municipiul BUCUREŞTI,Piaţa Protopopescu Pache 3 sector 2,înc. sec. XX
1807,B-II-m-B-19486,Imobil,municipiul BUCUREŞTI,"Piaţa Protopopescu Pache 9, colţ cu Bd. Pache Protopopescu nr. 2 sector 2",înc. sec. XX
1808,B-II-m-B-19487,Imobil,municipiul BUCUREŞTI,Piaţa Protopopescu Pache 13 sector 2,înc. sec. XX
1809,B-II-m-B-19488,Imobil,municipiul BUCUREŞTI,Piaţa Protopopescu Pache 14 sector 2,înc. sec. XX
1810, B-II-m-B-19489, Casa Constantin Tănase, municipiul BUCUREŞTI, Str. Puţul cu Plopi 10 sector 1, prima jum. sec. XX
1811, B-II-m-B-19490, Casa Cornel Medrea, municipiul BUCUREŞTI, Str. Puţul de Piatră 5 sector 1, prima jum. sec. XX
1812,B-II-m-B-19491,Vilă,municipiul BUCUREŞTI,Str. Rabat 1 sector 1,prima jum. sec. XX
1813,B-II-m-B-19492,Vilă,municipiul BUCUREŞTI,Str. Rabat 5 sector 1,sf. sec. XIX - prima jum. sec. XX
1814,B-II-m-B-19493 B-II-m-B-19494,Vilă Vilă,municipiul BUCUREŞTI municipiul BUCUREŞTI,Str. Rabat 7 sector 1 Str. Rabat 16 sector 1,prima jum. sec. XX înc. sec. XX
1816,B-II-m-B-19495,Casa Candiano,municipiul BUCUREŞTI,Str. Rabat 19 sector 1,1911
1817,B-II-m-B-19496,Vilă,municipiul BUCUREŞTI,Str. Rabat 20 sector 1,înc. sec. XX
1818,B-II-m-B-19497,Casa Simion Mehedinţi,municipiul BUCUREŞTI,Str. Racoviţă Dimitrie 12 sector 4,sf. sec. XIX - prima jum. sec. XX
1819,B-II-a-A-19498,Ansamblul Mănăstirii Radu Vodă,municipiul BUCUREŞTI,Str. Radu Vodă 24A sector 4,sec. XVI - XIX
1820,B-II-m-A-19498.01,Biserica „Sf. Troiţă“ - Radu Vodă,municipiul BUCUREŞTI,Str. Radu Vodă 24A sector 4,sec. XVI
1821,B-II-m-A-19498.02,Case domneşti -ruine,municipiul BUCUREŞTI,Str. Radu Vodă 24A sector 4,sec. XVI - XIX
1822, B-II-m-A-19498.03, Turn clopotniţă, municipiul BUCUREŞTI, Str. Radu Vodă 24A sector 4, sec. XVII - XIX
1823, B-II-m-A-19498.04, Corpul C4 - chilii, municipiul BUCUREȘTI, Str. Radu Vodă 24A sector 4, 1893
1824,B-II-m-B-19498.05,"Corpul C2 - chilii, fără extinderea de pe latura de vest, partea de nord",municipiul BUCUREŞTI,Str. Radu Vodă 24A sector 4,1908 - 1909
1825, B-II-m-B-19499, Casă, municipiul BUCUREŞTI, Str. Radu Vodă 26 sector 4, sec. XIX
1826, B-II-m-A-19500 B-II-m-B-19501," Biserica „Sf. Atanasie şi Chiril"" - Bucur Palatul şi Fabrica de bere", municipiul BUCUREŞTI municipiul BUCUREŞTI, Str. Radu Vodă 33 sector 4 Calea Rahovei 147-159 sector 5, sec. XVIII 1894 - 1895
1828,B-II-m-B-19502,Casă,municipiul BUCUREŞTI,Calea Rahovei 163 sector 5,sf. sec. XIX - prima jum. sec. XX
1829,B-II-m-B-19503,Casă,municipiul BUCUREŞTI,Calea Rahovei 169 sector 5,sf. sec. XIX - prima jum. sec. XX
1830,B-II-m-B-19504,Casă,municipiul BUCUREŞTI,Calea Rahovei 171 sector 5,sf. sec. XIX - prima jum. sec. XX
1831,B-II-m-B-19505,Casă,municipiul BUCUREŞTI,Calea Rahovei 173 sector 5,sf. sec. XIX - prima jum. sec. XX
1832,B-II-m-B-19506,Casă,municipiul BUCUREŞTI,Calea Rahovei 181 sector 5,sf. sec. XIX - prima jum. sec. XX
1833,B-II-m-B-19507,Casă,municipiul BUCUREŞTI,Calea Rahovei 189 sector 5,sf. sec. XIX - prima jum. sec. XX
1834,B-II-m-B-19508,Vama antrepozite,municipiul BUCUREŞTI,Calea Rahovei 196 sector 5,sf. sec. XIX - prima jum. sec. XX
1835, B-II-m-B-19509, Casă, municipiul BUCUREŞTI, Calea Rahovei 200 sector 5, sf. sec. XIX - prima jum. sec. XX
1836, B-II-m-B-19510, Casă, municipiul BUCUREŞTI, Calea Rahovei 216 sector 5, sf. sec. XIX - prima jum. sec. XX
1837,B-II-m-B-19511,Casă,municipiul BUCUREŞTI,Calea Rahovei 218 sector 5,sf. sec. XIX - prima jum. sec. XX
1838,B-II-m-B-19512 B-II-m-B-19513,Casă Casă,municipiul BUCUREŞTI municipiul BUCUREŞTI,Calea Rahovei 220 sector 5 Calea Rahovei 222 sector 5,sf. sec. XIX - prima jum. sec. XX sf. sec. XIX - prima jum.
1840,B-II-m-B-19514,Casă,municipiul BUCUREŞTI,Calea Rahovei 232 sector 5,sf. sec. XIX - prima jum. sec. XX
1841,B-II-m-B-19515,Casă,municipiul BUCUREŞTI,Str. Rădulescu Heliade Ion 15 sector 2,înc. sec. XX
1842,B-II-m-B-19516,Casă,municipiul BUCUREŞTI,Str. Rădulescu Heliade Ion 27 sector 2,înc. sec. XX
1843,B-II-m-B-19517,Casă,municipiul BUCUREŞTI,Str. Rădulescu Heliade Ion 33 sector 2,înc. sec. XX
1844,B-II-m-B-19518,Fostele grajduri regale,municipiul BUCUREŞTI,Str. Răzoare 2 sector 5,sf. sec. XIX - prima jum. sec. XX
1845,B-II-a-B-19519,"Ansamblul de arhitectură ""Str. Naum Râmniceanu""",municipiul BUCUREŞTI,Str. Râmniceanu Naum sector 1,prima jum. sec. XX
1846,B-II-m-B-19520,Imobil,municipiul BUCUREŞTI,Str. Râmniceanu Naum 1 sector 1,1954 - 1956
1847, B-II-m-B-19521, Imobil, municipiul BUCUREŞTI, Str. Râmniceanu Naum 2 sector 1, prima jum. sec. XX
1848,B-II-m-B-19522,Imobil,municipiul BUCUREŞTI,Str. Râmniceanu Naum 3 sector 1,1954 - 1956
1849,B-II-m-B-19523,Imobil,municipiul BUCUREŞTI,Str. Râmniceanu Naum 4 sector 1,prima jum. sec. XX
1850,B-II-m-B-19524 B-II-m-B-19525,Imobil Imobil,municipiul BUCUREŞTI municipiul BUCUREŞTI,Str. Râmniceanu Naum 5 sector 1 Str. Râmniceanu Naum 6 sector 1,1938 prima jum. sec. XX
1852,B-II-m-B-19527,Imobil,municipiul BUCUREŞTI,Str. Râmniceanu Naum 8 sector 1,prima jum. sec. XX
1853,B-II-m-B-19528,Imobil,municipiul BUCUREŞTI,Str. Râmniceanu Naum 9 sector 1,prima jum. sec. XX
1854,B-II-m-B-19529,Imobil,municipiul BUCUREŞTI,Str. Râmniceanu Naum 10 sector 1,prima jum. sec. XX
1855,B-II-m-B-19530,Imobil,municipiul BUCUREŞTI,Str. Râmniceanu Naum 11 sector 1,1936
1856,B-II-m-B-19531,Imobil,municipiul BUCUREŞTI,Str. Râmniceanu Naum 12 sector 1,prima jum. sec. XX
1857,B-II-m-B-19532,Imobil,municipiul BUCUREŞTI,Str. Râmniceanu Naum 13 sector 1,prima jum. sec. XX
1858, B-II-m-B-19533, Imobil, municipiul BUCUREŞTI, Str. Râmniceanu Naum 14 sector 1, 1932
1859,B-II-m-B-19534,Imobil,municipiul BUCUREŞTI,Str. Râmniceanu Naum 15 sector 1,prima jum. sec. XX
1860,B-II-m-B-19535,Imobil,municipiul BUCUREŞTI,Str. Râmniceanu Naum 16 sector 1,prima jum. sec. XX
1861,B-II-m-B-19536,Imobil,municipiul BUCUREŞTI,Str. Râmniceanu Naum 17 sector 1,prima jum. sec. XX
1862,B-II-m-B-19537 B-II-m-B-19538,Imobil Imobil,municipiul BUCUREŞTI municipiul BUCUREŞTI,Str. Râmniceanu Naum 18 sector 1 Str. Râmniceanu Naum 20 sector 1,prima jum. sec. XX prima jum. sec. XX
1864,B-II-m-B-19539,Casă,municipiul BUCUREŞTI,Str. Râureanu dr. 4 sector 5,sf. sec. XIX - prima jum. sec. XX
1865,B-II-m-B-19540,Casă,municipiul BUCUREŞTI,Str. Râureanu dr. 10 sector 5,sf. sec. XIX - prima jum. sec. XX
1866,B-II-m-B-19541,Casă,municipiul BUCUREŞTI,Str. Râureanu dr. 12 sector 5,sf. sec. XIX - prima jum. sec. XX
1867,B-II-m-A-19542,Casa Stanovici,municipiul BUCUREŞTI,Str. Remus 6 sector 3,1912
1868,B-II-m-B-19543,Imobil,municipiul BUCUREŞTI,Str. Ritmului 1 sector 2,înc. sec. XX
1869,B-II-a-B-19544,"Ansamblul de arhitectură ""Str. C.F. Robescu""",municipiul BUCUREŞTI,Str. Robescu C. F. sector 3,sf. sec. XIX - prima jum. sec. XX
1870,B-II-m-B-19545,Casă,municipiul BUCUREŞTI,Str. Robescu C. F. 1-1bis sector 3,sf. sec. XIX
1871, B-II-m-B-19546, Imobil, municipiul BUCUREŞTI, Str. Robescu C. F. 2 sector 3, prima jum. sec. XX
1872,B-II-m-B-19547,Casă,municipiul BUCUREŞTI,Str. Robescu C. F. 3 sector 3,sf. sec. XIX
1873,B-II-m-B-19548,Casă,municipiul BUCUREŞTI,Str. Robescu C. F. 5 sector 3,sf. sec. XIX
1874,B-II-m-B-19549 B-II-m-B-19550,Casă Casă,municipiul BUCUREŞTI municipiul BUCUREŞTI,Str. Robescu C. F. 6 sector 3 Str. Robescu C. F. 7 sector 3,înc. sec. XX sf. sec. XIX
1876,B-II-m-B-19551,Casă,municipiul BUCUREŞTI,Str. Robescu C. F. 8 sector 3,sf. sec. XIX
1877,B-II-m-B-19552,Casă,municipiul BUCUREŞTI,Str. Robescu C. F. 9 sector 3,sf. sec. XIX
1878,B-II-m-B-19553,Casă,municipiul BUCUREŞTI,Str. Robescu C. F. 10 sector 3,sf. sec. XIX
1879,B-II-m-B-19554,Casă,municipiul BUCUREŞTI,Str. Robescu C. F. 11 sector 3,sf. sec. XIX
1880,B-II-m-B-19555,Casă,municipiul BUCUREŞTI,Str. Robescu C. F. 12 sector 3,sf. sec. XIX
1881,B-II-m-B-19556,Casă cu prăvălie,municipiul BUCUREŞTI,Str. Robescu C. F. 12A sector 3,sf. sec. XIX
1882, B-II-m-B-19557, Casă, municipiul BUCUREŞTI, Str. Robescu C. F. 13 sector 3, sf. sec. XIX
1883,B-II-m-B-19558,Casă,municipiul BUCUREŞTI,Str. Robescu C. F. 15 sector 3,sf. sec. XIX
1884,B-II-m-B-19559,Casă,municipiul BUCUREŞTI,Str. Robescu C. F. 16 sector 3,sf. sec. XIX
1885,B-II-m-B-19560,Casă,municipiul BUCUREŞTI,Str. Robescu C. F. 17 sector 3,sf. sec. XIX
1886,B-II-m-B-19561 B-II-m-B-19562,"Casă Biserica ""Sf. Mina""",municipiul BUCUREŞTI municipiul BUCUREŞTI,Str. Robescu C. F. 18 sector 3 Str. Robescu C. F. 18A sector 3,sf. sec. XIX sf. sec. XIX
1888,B-II-m-B-19563,Casă,municipiul BUCUREŞTI,Str. Robescu C. F. 19 sector 3,sf. sec. XIX
1889,B-II-m-B-19564,Casă,municipiul BUCUREŞTI,Str. Robescu C. F. 21 sector 3,sf. sec. XIX
1890,B-II-m-B-19565,Administraţia Financiară Sector 1,municipiul BUCUREŞTI,Str. Roma 7 sector 1,prima jum. sec. XX
1891,B-II-m-B-19566,Vilă,municipiul BUCUREŞTI,Str. Roma 14 sector 1,prima jum. sec. XX
1892,B-II-m-B-19567,Vilă,municipiul BUCUREŞTI,Str. Roma 15 sector 1,prima jum. sec. XX
1893,B-II-m-B-19568,Vilă,municipiul BUCUREŞTI,Str. Roma 20 sector 1,prima jum. sec. XX
1894, B-II-m-B-19569, Vilă, municipiul BUCUREŞTI, Str. Roma 22 sector 1, prima jum. sec. XX
1895, B-II-m-B-19570, Vilă, municipiul BUCUREŞTI, Str. Roma 28 sector 1, prima jum. sec. XX
1896,B-II-m-B-19571,Vilă,municipiul BUCUREŞTI,Str. Roma 30A sector 1,prima jum. sec. XX
1897,B-II-m-B-19572,Vilă,municipiul BUCUREŞTI,Str. Roma 35 sector 1,prima jum. sec. XX
1898,B-II-m-B-19573 B-II-m-B-19574,Vilă Vilă,municipiul BUCUREŞTI municipiul BUCUREŞTI,Str. Roma 37 sector 1 Str. Roma 43-45 sector 1,prima jum. sec. XX prima jum. sec. XX
1900,B-II-m-B-19575,Vilă,municipiul BUCUREŞTI,Str. Roma 48 sector 1,prima jum. sec. XX
1901,B-II-m-B-19576,Vilă,municipiul BUCUREŞTI,Str. Roma 54-56 sector 1,prima jum. sec. XX
1902,B-II-m-B-19577,Casă,municipiul BUCUREŞTI,Piaţa Romană 1 sector 1,1904
1903,B-II-m-B-19578,Casa Gheorghe Petraşcu,municipiul BUCUREŞTI,"Piaţa Romană 5 sector 1, Bd. Catargiu Lascăr 2 sector 1, Str. Căderea Bastiliei sector 1",înc. sec. XX 1
1904,B-II-m-B-19579,Academia de Studii Economice,municipiul BUCUREŞTI,Piaţa Romană 6 sector 1,sf. sec. XIX - prima jum. sec. XX
1905,B-II-m-B-21064,Imobil,municipiul BUCUREȘTI,Piața Romană 7 sector 1,
1906,B-II-m-B-19580,Casa geolog Sabba Ştefănescu,municipiul BUCUREŞTI,"Piaţa Romană 8 sector 1, Bd. Dacia 35 sector 1",sf. sec. XIX - prima jum. sec. XX
1907,B-II-m-B-19581,Casă,municipiul BUCUREŞTI,Str. Romano Alexandru pictor 8 sector,2 sf. sec. XIX - prima jum. sec. XX
1908,B-II-m-B-19582,Casă,municipiul BUCUREŞTI,Str. Romano Alexandru pictor 10 sector,2 sf. sec. XIX - prima jum. sec. XX
1909, B-II-m-B-19583, Casă, municipiul BUCUREŞTI, Str. Romano Alexandru pictor 15 sector, 2 sf. sec. XIX - prima jum. sec. XX
1910, B-II-m-B-19584 B-II-m-B-19585, Casă Casă, municipiul BUCUREŞTI municipiul BUCUREŞTI, Str. Romano Alexandru pictor 16 sector Str. Romano Alexandru pictor 19 sector, 2 sf. sec. XIX - prima jum. sec. XX 2 sf. sec. XIX - prima jum.
1912,B-II-m-B-19586,Casă,municipiul BUCUREŞTI,Str. Romano Alexandru pictor 20 sector,2 sf. sec. XIX - prima jum. sec. XX
1913,B-II-m-B-19587,Casă,municipiul BUCUREŞTI,Str. Romano Alexandru pictor 21 sector,2 sf. sec. XIX - prima jum. sec. XX
1914,B-II-m-B-19588,Casă,municipiul BUCUREŞTI,Str. Romano Alexandru pictor 22 sector,2 sf. sec. XIX - prima jum. sec. XX
1915,B-II-m-B-19589,Casă,municipiul BUCUREŞTI,Str. Romano Alexandru pictor 26 sector,2 sf. sec. XIX - prima jum. sec. XX
1916,B-II-m-B-19590,Casă,municipiul BUCUREŞTI,Str. Romano Alexandru pictor 28 sector,2 sf. sec. XIX - prima jum. sec. XX
1917,B-II-a-B-19591,"Ansamblul de arhitectură ""Str. Romulus""",municipiul BUCUREŞTI,"Str. Romulus sector 2, 3",sf. sec. XIX
1918,B-II-m-B-19592,Casă,municipiul BUCUREŞTI,Str. Romulus 1 sector 3,sf. sec. XIX
1919, B-II-m-B-19593, Casă, municipiul BUCUREŞTI, Str. Romulus 2 sector 3, sf. sec. XIX
1920, B-II-m-B-19594, Casă, municipiul BUCUREŞTI, Str. Romulus 4 sector 3, sf. sec. XIX
1921,B-II-m-B-19595,Casă,municipiul BUCUREŞTI,Str. Romulus 7 sector 3,sf. sec. XIX
1922,B-II-m-B-19596 B-II-m-B-19597,Casă Casă,municipiul BUCUREŞTI municipiul BUCUREŞTI,Str. Romulus 9 sector 3 Str. Romulus 15-17 sector 3,sf. sec. XIX sf. sec. XIX
1924,B-II-m-B-19598,Casă,municipiul BUCUREŞTI,Str. Romulus 18 sector 2,sf. sec. XIX
1925,B-II-m-B-19599,Casă,municipiul BUCUREŞTI,Str. Romulus 19 sector 3,sf. sec. XIX
1926,B-II-m-B-19600,Casă,municipiul BUCUREŞTI,Str. Romulus 20 sector 3,1904
1927,B-II-m-B-19601,Casă,municipiul BUCUREŞTI,Str. Romulus 22 sector 3,sf. sec. XIX - prima jum. sec. XX
1928,B-II-m-B-19602,Casă,municipiul BUCUREŞTI,Str. Romulus 32A sector 3,înc. sec. XX
1929,B-II-m-B-19603,Casă,municipiul BUCUREŞTI,Str. Romulus 35 sector 3,sf. sec. XIX
1930, B-II-m-B-19604, Casă, municipiul BUCUREŞTI, Str. Romulus 37 sector 3, sf. sec. XIX
1931, B-II-m-B-19605, Casă, municipiul BUCUREŞTI, Str. Romulus 39 sector 3, sf. sec. XIX
1932,B-II-m-B-19606,Casă,municipiul BUCUREŞTI,Str. Romulus 40 sector 3,sf. sec. XIX - prima jum. sec. XX
1933,B-II-m-B-19607,Casa Ionel Teodoreanu,municipiul BUCUREŞTI,Str. Romulus 53 sector 3,sf. sec. XIX - prima jum. sec. XX
1934,B-II-m-B-19608 B-II-m-B-19609,Casă Casele M. I. Demetrescu,municipiul BUCUREŞTI municipiul BUCUREŞTI,Str. Romulus 55 sector 3 Str. Romulus 56 sector 3,sf. sec. XIX - prima jum. sec. XX 1894
1936,B-II-m-B-19610,Casă,municipiul BUCUREŞTI,Str. Romulus 57 sector 3,sf. sec. XIX - prima jum. sec. XX
1937,B-II-m-B-19611,Casă,municipiul BUCUREŞTI,Str. Romulus 59 sector 3,sf. sec. XIX
1938,B-II-m-B-19612,Casă,municipiul BUCUREŞTI,Str. Romulus 63 sector 3,sf. sec. XIX
1939,B-II-m-B-19613,Casă,municipiul BUCUREŞTI,Str. Romulus 66 sector 3,1896
1940,B-II-m-B-19614,Casă,municipiul BUCUREŞTI,Str. Romulus 69 sector 3,sf. sec. XIX
1941,B-II-m-B-19615,Casă,municipiul BUCUREŞTI,Str. Romulus 72 sector 3,sf. sec. XIX
1942, B-II-m-B-19616, Casă, municipiul BUCUREŞTI, Str. Romulus 77 sector 3, sf. sec. XIX
1943, B-II-m-B-19617, Casă, municipiul BUCUREŞTI, Str. Romulus 79 sector 3, sf. sec. XIX
1944,B-II-m-B-19618,Casă,municipiul BUCUREŞTI,Str. Romulus 87 sector 3,sf. sec. XIX
1945,B-II-m-B-19619,Imobil - Societatea de Locuinţe Ieftine,municipiul BUCUREŞTI,Piaţa Rosetti C. A. 7 sector 2,1920
1946,B-II-m-B-19620 B-II-m-B-18827,Restaurantul Cina Casă,municipiul BUCUREŞTI municipiul BUCUREŞTI,Str. Rosetti C. A. 3 sector 1 Str. Rosetti C. A. 7 sector 1,sf. sec. XIX sf. sec. XIX - prima jum.
1948,B-II-m-A-19621,Muzeul Theodor Aman,municipiul BUCUREŞTI,Str. Rosetti C. A. 8 sector 1,sf. sec. XIX
1949,B-II-m-B-19622,Casa Angelescu,municipiul BUCUREŞTI,Str. Rosetti C. A. 13 sector 1,sf. sec. XIX
1950,B-II-m-B-19623,Imobil,municipiul BUCUREŞTI,Str. Rosetti C. A. 26 sector 2,sf. sec. XIX
1951,B-II-m-B-19624,Casă,municipiul BUCUREŞTI,Str. Rosetti C. A. 33 sector 2,sf. sec. XIX
1952,B-II-m-B-19625,Casă,municipiul BUCUREŞTI,Str. Rosetti C. A. 35 sector 2,sf. sec. XIX
1953,B-II-m-B-19626,Casa Vasiliu Bolnavu,municipiul BUCUREŞTI,Str. Rosetti C. A. 36 sector 2,sec. XIX - XX
1954, B-II-m-B-19627, Imobil locuinţe, municipiul BUCUREŞTI, Str. Rosetti Maria 15 sector 2, înc. sec. XX
1955, B-II-m-B-19628, Imobil, municipiul BUCUREŞTI, Str. Rosetti Maria 36 sector 2, înc. sec. XX
1956,B-II-m-B-19629,Casă,municipiul BUCUREŞTI,Str. Russo Alecu 3 sector 2,sf. sec. XIX
1957,B-II-m-B-19630,Casă,municipiul BUCUREŞTI,Str. Russo Alecu 5 sector 2,sf. sec. XIX - prima jum. sec. XX
1958,B-II-m-B-19631 B-II-m-B-19632,Casă Casă,municipiul BUCUREŞTI municipiul BUCUREŞTI,Str. Russo Alecu 7 sector 2 Str. Russo Alecu 9 sector 2,sf. sec. XIX - prima jum. sec. XX sf. sec. XIX - prima jum.
1960,B-II-m-B-19633,Casă,municipiul BUCUREŞTI,Str. Russo Alecu 11 sector 2,sf. sec. XIX - prima jum. sec. XX
1961,B-II-m-B-19634,Casă,municipiul BUCUREŞTI,Str. Sandu-Aldea Constantin 14 sector,1 prima jum. sec. XX
1962,B-II-m-B-19635,Casă,municipiul BUCUREŞTI,Str. Sandu-Aldea Constantin 16 sector,1 prima jum. sec. XX
1963,B-II-m-B-19636,Casă,municipiul BUCUREŞTI,Str. Sandu-Aldea Constantin 21 sector,1 prima jum. sec. XX
1964,B-II-m-B-19637,Casă,municipiul BUCUREŞTI,Str. Sandu-Aldea Constantin 28 sector,1 prima jum. sec. XX
1965,B-II-m-B-19638,Casă,municipiul BUCUREŞTI,Str. Sandu-Aldea Constantin 35 sector,1 prima jum. sec. XX
1966, B-II-m-B-19640, Casă, municipiul BUCUREŞTI, Str. Sandu-Aldea Constantin 39 sector, 1 prima jum. sec. XX
1967, B-II-m-B-19641, Casă, municipiul BUCUREŞTI, Str. Sandu-Aldea Constantin 63A sector, 1 prima jum. sec. XX
1968,B-II-m-B-19642,Casă,municipiul BUCUREŞTI,Str. Sandu-Aldea Constantin 84 sector,1 prima jum. sec. XX
1969,B-II-m-B-19643,Casă,municipiul BUCUREŞTI,Str. Sandu-Aldea Constantin 96 sector,1 prima jum. sec. XX
1970,B-II-a-A-19644 B-II-m-A-19644.01,"Ansamblul Bisericii Mihai Vodă Biserica ""Sf. Ierarh",municipiul BUCUREŞTI municipiul BUCUREŞTI,Str. Sapienţei 4 sector 5 (ansamblu translatat din Dealul Mihai Vodă) Str. Sapienţei 4 sector 5,"sec. XVI - XIX 1591, sec. XIX - XX"
1972,B-II-m-A-19644.02,Turn clopotniţă,municipiul BUCUREŞTI,Str. Sapienţei 4 sector 5,"1591, sec. XIX - XX"
1973,B-II-m-B-19645,Biserica „Adormirea Maicii Domnului“ - Sapienţei,municipiul BUCUREŞTI,Str. Sapienţei 5 sector 5,sec. XVIII
1974,B-II-m-B-19646,Casă,municipiul BUCUREŞTI,Str. Sarmisegetusa 3 sector 3,sf. sec. XIX
1975,B-II-m-B-19647,Casă,municipiul BUCUREŞTI,Str. Sarmisegetusa 4 sector 3,sf. sec. XIX
1976,B-II-m-B-19648,Casă,municipiul BUCUREŞTI,Str. Sarmisegetusa 6 sector 3,sf. sec. XIX
1977,B-II-m-B-19649,Casă,municipiul BUCUREŞTI,Str. Sarmisegetusa 8 sector 3,sf. sec. XIX
1978, B-II-m-A-19650," Ruinele Mănăstirii ""Chiajna"" de la Giuleşti", municipiul BUCUREŞTI, Drumul Săbăreni f.n. sector 6, sec. XVIII
1979, B-II-m-A-19654, Biserica „Adormirea Maicii Domnului“ - Scaune, municipiul BUCUREŞTI, Str. Scaune 2 sector 3, 1705
1980,B-II-m-B-19651,Casă,municipiul BUCUREŞTI,Str. Scărlătescu 20 sector 1,prima jum. sec. XX
1981,B-II-m-B-19652,Casa Dr. Cecil Popa Fundeni,municipiul BUCUREŞTI,Str. Scărlătescu 48 sector 1,prima jum. sec. XX
1982,B-II-m-B-19653 B-II-m-B-19656,"Casă Biserica ""Sf. Împăraţi",municipiul BUCUREŞTI municipiul BUCUREŞTI,Str. Scărlătescu 51 sector 1 Str. Schitul Darvari 3 sector 2,prima jum. sec. XX 1834
1984,B-II-m-B-21044,Imobil,municipiul BUCUREȘTI,Bd. Schitu Măgureanu 19 sector 2,1929
1985, B-II-m-B-19657," Casă, azi Institutul Cervantes", municipiul BUCUREŞTI, Str. Serghiescu Marin 12 sector 2, sec. XIX - XX
1986,B-II-m-B-19658,Casă,municipiul BUCUREŞTI,Intr. Sevastopol 1 sector 1,sf. sec. XIX - prima jum. sec. XX
1987,B-II-m-B-19659,Casă,municipiul BUCUREŞTI,Intr. Sevastopol 4 sector 1,sf. sec. XIX - prima jum. sec. XX
1988,B-II-m-B-19660,Casă,municipiul BUCUREŞTI,Str. Sevastopol 5 sector 1,sf. sec. XIX - prima jum. sec. XX
1989,B-II-m-B-19661,Casă,municipiul BUCUREŞTI,Str. Sevastopol 8 sector 1,sf. sec. XIX - prima jum. sec. XX
1990,B-II-m-B-19662,Casă,municipiul BUCUREŞTI,Str. Sevastopol 10 sector 1,sf. sec. XIX - prima jum. sec. XX
1991,B-II-m-B-19663,Casă,municipiul BUCUREŞTI,Str. Sevastopol 12 sector 1,sf. sec. XIX - prima jum. sec. XX
1992,B-II-m-B-19664,Casă,municipiul BUCUREŞTI,Str. Sevastopol 14 sector 1,sf. sec. XIX - prima jum. sec. XX
1993,B-II-m-B-19665,Casă,municipiul BUCUREŞTI,Str. Sevastopol 18 sector 1,sf. sec. XIX - prima jum. sec. XX
1994, B-II-m-B-19666 B-II-m-B-19667, Casă Casă, municipiul BUCUREŞTI municipiul BUCUREŞTI, Str. Sevastopol 19 sector 1 Str. Sevastopol 21 sector 1, sf. sec. XIX - prima jum. sec. XX sf. sec. XIX - prima jum.
1996,B-II-m-B-19668,Casă,municipiul BUCUREŞTI,Str. Sevastopol 28 sector 1,sf. sec. XIX - prima jum. sec. XX
1997,B-II-m-B-19669,Casă,municipiul BUCUREŞTI,Str. Sevastopol 32 sector 1,sf. sec. XIX - prima jum. sec. XX
1998,B-II-m-A-19670,"Biserica ""Sf. Ecaterina""",municipiul BUCUREŞTI,Str. Sfânta Ecaterina 5 sector 4,1852
1999,B-II-m-B-17934,Casă,municipiul BUCUREŞTI,Str. Sfânta Treime 30 sector 2,prima jum. sec. XX
2000,B-II-m-B-17935,Casă,municipiul BUCUREŞTI,Str. Sfânta Treime 51 sector 2,prima jum. sec. XX
2001,B-II-m-B-17936,Casă,municipiul BUCUREŞTI,Str. Sfânta Treime 53 sector 2,prima jum. sec. XX
2002, B-II-m-B-17937, Casă, municipiul BUCUREŞTI, Str. Sfânta Treime 55 sector 2, prima jum. sec. XX
2003, B-II-m-B-17938, Casă, municipiul BUCUREŞTI, Str. Sfânta Treime 57 sector 2, prima jum. sec. XX
2004,B-II-m-B-18572,Casă,municipiul BUCUREŞTI,Str. Sfânta Vineri 5 sector 3,sf. sec. XIX - prima jum. sec. XX
2005,B-II-m-B-19671,Imobil,municipiul BUCUREŞTI,Str. Sfânta Vineri 7 sector 3,sf. sec. XIX - prima jum. sec. XX
2006,B-II-m-A-19672 B-II-m-B-19673,Templul Coral Clădirea Electrecord,municipiul BUCUREŞTI municipiul BUCUREŞTI,"Str. Sfânta Vineri 9 sector 3 Str. Sfânta Vineri 13 sector 3, Bd. Corneliu",sf. sec. XIX - prima jum. sec. XX sf. sec. XIX - prima jum.
2008,B-II-m-B-19674,Biserica „Sf. Elefterie Nou“,municipiul BUCUREŞTI,Str. Sfântul Elefterie 1 sector 5,sec. XX
2009,B-II-m-A-19675,Biserica „Sf. Elefterie Vechi“,municipiul BUCUREŞTI,Str. Sfântul Elefterie 15B sector 5,1744
2010,B-II-m-B-19676,Casa actorului V. Maximilian,municipiul BUCUREŞTI,Str. Sfântul Elefterie 54 sector 5,sf. sec. XIX - prima jum. sec. XX
2011,B-II-m-B-19677,Casă,municipiul BUCUREŞTI,Intr. Sfântul Sava 21 sector 1,sf. sec. XIX - prima jum. sec. XX
2012,B-II-m-B-19678,Casă,municipiul BUCUREŞTI,Intr. Sfântul Sava 21bis sector 1,sf. sec. XIX - prima jum. sec. XX
2013,B-II-m-B-19679,Casa Cerchez,municipiul BUCUREŞTI,Piaţa Sfântul Ştefan 13A sector 2,1926
2014,B-II-a-B-19680,"Ansamblul de arhitectură ""Str. şi P-ţa Sf. Ştefan""",municipiul BUCUREŞTI,"Str. Sfântul Ştefan, inclusiv Piaţa Sfântul Ştefan sector 2",sf. sec. XIX - prima jum. sec. XX
2015, B-II-a-A-19681, Ansamblul Bisericii „Sf. Apostoli“, municipiul BUCUREŞTI, Str. Sfinţii Apostoli 1 sector 5, sec. XVI - XX
2016, B-II-m-A-19681.01," Biserica ""Sf. Apostoli""", municipiul BUCUREŞTI, Str. Sfinţii Apostoli 1 sector 5, sec. XVII - XX
2017,B-II-m-A-19681.02,Casă parohială,municipiul BUCUREŞTI,Str. Sfinţii Apostoli 1 sector 5,sf. sec. XIX - prima jum. sec. XX
2018,B-II-m-A-19681.03 B-II-m-A-19682,"Fundaţiile Mănastirii Târnovului Biserica ""Înălţarea",municipiul BUCUREŞTI municipiul BUCUREŞTI,Str. Sfinţii Apostoli 1 sector 5 Str. Sfinţii Apostoli 60 sector 5,sec. XVI 1885 - 1890
2020,B-II-m-B-19683,Casă,municipiul BUCUREŞTI,Str. Sfinţilor 1 sector 2,sf. sec. XIX - prima jum. sec. XX
2021, B-II-m-B-19684, Casă, municipiul BUCUREŞTI, Str. Sfinţilor 6 sector 2, sf. sec. XIX - prima jum. sec. XX
2022, B-II-m-B-19685, Vilă, municipiul BUCUREŞTI, Str. Sfinţilor 7 sector 2, prima jum. sec. XX
2023,B-II-m-B-19686,Casă,municipiul BUCUREŞTI,Str. Sfinţilor 9 sector 2,sf. sec. XIX - prima jum. sec. XX
2024,B-II-m-B-19687,Casă,municipiul BUCUREŞTI,Str. Sfinţilor 11 sector 2,sf. sec. XIX - prima jum. sec. XX
2025,B-II-m-B-19688,Casă,municipiul BUCUREŞTI,Str. Sfinţilor 12 sector 2,sf. sec. XIX - prima jum. sec. XX
2026,B-II-m-B-19689,Casă cu gang,municipiul BUCUREŞTI,Str. Sfinţilor 13 sector 2,sf. sec. XIX - prima jum. sec. XX
2027,B-II-a-B-19690,"Ansamblul de arhitectură ""Str. Alexandru Sihleanu""",municipiul BUCUREŞTI,Str. Sihleanu Alexandru sector 3,prima jum. sec. XX
2028,B-II-m-A-19691,Biserica „Sf. Ilie“ - Gorgani,municipiul BUCUREŞTI,Str. Silfidelor 3-7 sector 5,sec. XVII - XVIII
2029,B-II-m-A-19692,Moara lui Assan,municipiul BUCUREŞTI,Str. Silozului 25 sector 2,1853
2030, B-II-m-B-19693 B-II-a-B-19694, Casa Iuliu Zane Ansamblul Bisericii, municipiul BUCUREŞTI municipiul BUCUREŞTI, Str. Silvestru 12 sector 2 Str. Silvestru 36 sector 2, sec. XIX sec. XIX - XX
2032,B-II-m-B-19694.01,"Biserica ""Sfântul Silvestru, Episcopul Romei""",municipiul BUCUREŞTI,Str. Silvestru 36 sector 2,"sec. XIX, 1907"
2033,B-II-m-B-19694.02,Turn cu ceas,municipiul BUCUREŞTI,Str. Silvestru 36 sector 2,1879
2034,B-II-m-B-20912,Chioşc de grădină şi bazin decorativ,municipiul BUCUREŞTI,Str. Silvestru 38 sector 2,
2035,B-II-m-B-19695,Biserica „Sf. Ilie“ - Rahova,municipiul BUCUREŞTI,Str. Silvestru Constantin 79 sector 5,"jum. sec. XVIII, 1838"
2036,B-II-m-B-19696,Casa Kalinderu,municipiul BUCUREŞTI,Str. Sion Vasile dr. 2-4 sector 3,1906 - 1908
2037,B-II-m-B-19697,Casă,municipiul BUCUREŞTI,Str. Slănic 2 sector 3,sf. sec. XIX - prima jum. sec. XX
2038,B-II-m-B-19698,Casă,municipiul BUCUREŞTI,Str. Slănic 4 sector 3,sf. sec. XIX
2039, B-II-m-B-19699, Casă, municipiul BUCUREŞTI, Str. Slănic 6 sector 3, sf. sec. XIX - prima jum. sec. XX
2040,B-II-m-B-19700,Casă,municipiul BUCUREŞTI,Str. Slănic 8 sector 3,sf. sec. XIX - prima jum. sec. XX
2041,B-II-m-B-19701,Casă,municipiul BUCUREŞTI,Str. Slănic 10 sector 3,sf. sec. XIX - prima jum. sec. XX
2042,B-II-m-B-19702 B-II-m-B-19703,Casă Casă,municipiul BUCUREŞTI municipiul BUCUREŞTI,Str. Slănic 12 sector 3 Str. Slănic 24 sector 3,sf. sec. XIX - prima jum. sec. XX sf. sec. XIX
2044,B-II-m-B-19704,Fosta Bancă Agricolă,municipiul BUCUREŞTI,Str. Smârdan 3 sector 3,înc. sec. XX
2045,B-II-m-B-19705,Biblioteca Finanţe Credit,municipiul BUCUREŞTI,Str. Smârdan 5 sector 3,prima jum. sec. XX
2046,B-II-m-B-19706,Casă,municipiul BUCUREŞTI,Str. Smârdan 9 sector 3,sf. sec. XIX
2047,B-II-m-B-19707,Casă,municipiul BUCUREŞTI,Str. Smârdan 11 sector 3,sf. sec. XIX
2048,B-II-m-B-19708,Hotel Concordia,municipiul BUCUREŞTI,Str. Smârdan 39 sector 3,sf. sec. XIX
2049,B-II-m-B-19709,Casă,municipiul BUCUREŞTI,"Str. Smârdan 43 sector 3, Str. Şelari 28 sector 3",sf. sec. XIX
2050, B-II-a-B-19710," Ansamblul de arhitectură ""Str. Soarelui""", municipiul BUCUREŞTI, Str. Soarelui sector 3, înc. sec. XIX
2051, B-II-m-B-19711, Curtea Sticlarilor, municipiul BUCUREŞTI, Str. Soarelui 2-4 sector 3, înc. sec. XIX
2052,B-II-m-B-19712,Curtea Veche - Baia turcească,municipiul BUCUREŞTI,Str. Soarelui 3-5 sector 3,înc. sec. XIX
2053,B-II-m-B-19713,Vilă,municipiul BUCUREŞTI,Str. Sofia 1 sector 1,prima jum. sec. XX
2054,B-II-m-B-19714 B-II-m-B-19715,Vilă Vilă,municipiul BUCUREŞTI municipiul BUCUREŞTI,Str. Sofia 2 sector 1 Str. Sofia 5 sector 1,prima jum. sec. XX prima jum. sec. XX
2056,B-II-m-B-19716,Vilă,municipiul BUCUREŞTI,Str. Sofia 7 sector 1,prima jum. sec. XX
2057,B-II-m-B-19717,Vilă,municipiul BUCUREŞTI,Str. Sofia 11 sector 1,prima jum. sec. XX
2058,B-II-m-B-19718,Vilă,municipiul BUCUREŞTI,Str. Sofia 20 sector 1,prima jum. sec. XX
2059,B-II-m-B-19719,Vilă,municipiul BUCUREŞTI,Str. Sofia 22 sector 1,prima jum. sec. XX
2060,B-II-m-B-19720,Vilă,municipiul BUCUREŞTI,Str. Sofia 24 sector 1,prima jum. sec. XX
2061,B-II-m-B-19721,Casa fizicianului C. Miculescu,municipiul BUCUREŞTI,Str. Spătarului 3 sector 2,sf. sec. XIX - prima jum. sec. XX
2062, B-II-m-B-19722, Casă, municipiul BUCUREŞTI, Str. Spătarului 19 sector 2, sf. sec. XIX
2063, B-II-m-A-19723," Casa Melik, azi Muzeul Theodor Pallady", municipiul BUCUREŞTI, Str. Spătarului 22 sector 2, 1760
2064,B-II-m-B-19724,Casă,municipiul BUCUREŞTI,Str. Speranţei 42-46 sector 2,sec. XIX
2065,B-II-m-A-19725,Palatul Nunţiaturii Apostolice a Sfântului Scaun,municipiul BUCUREŞTI,Str. Stahi Constantin pictor 5-7 sector,1 înc. sec. XX
2066, B-II-a-B-19726 B-II-m-B-19727," Ansamblul de arhitectură ""Str. Stavropoleos"" Imobil", municipiul BUCUREŞTI municipiul BUCUREŞTI, Str. Stavropoleos sector 3 Str. Stavropoleos 3 sector 3, sf. sec. XIX sf. sec. XIX
2068,B-II-m-B-19728,"Clădirea „Carul cu bere""",municipiul BUCUREŞTI,Str. Stavropoleos 5 sector 3,sf. sec. XIX
2069,B-II-m-B-19729,Banca Creditul Român,municipiul BUCUREŞTI,Str. Stavropoleos 6 sector 3,sf. sec. XIX - prima jum. sec. XX
2070,B-II-m-B-19730,Banca Societăţii de asigurări „Dacia - România“,municipiul BUCUREŞTI,Str. Stavropoleos 7 sector 3,1880
2071,B-II-a-B-19731,"Ansamblul de arhitectură ""Str. Stelea Spătarul""",municipiul BUCUREŞTI,Str. Stelea Spătarul sector 3,sf. sec. XIX - prima jum. sec. XX
2072,B-II-m-B-19732,Casă,municipiul BUCUREŞTI,Str. Stelea Spătarul 3A sector 3,sf. sec. XIX - prima jum. sec. XX
2073,B-II-m-B-19733,Casă,municipiul BUCUREŞTI,Str. Stelea Spătarul 6 sector 3,sf. sec. XIX - prima jum. sec. XX
2074,B-II-m-B-19734,Imobil locuinţe,municipiul BUCUREŞTI,Str. Stelea Spătarul 8 sector 3,1935
2075,B-II-m-B-19735,Casă,municipiul BUCUREŞTI,Str. Stelea Spătarul 9 sector 3,sf. sec. XIX - prima jum. sec. XX
2076,B-II-m-B-19736,Imobil locuinţe,municipiul BUCUREŞTI,Str. Stelea Spătarul 10 sector 3,1933
2077, B-II-m-B-19737, Casa Breslelor, municipiul BUCUREŞTI, Str. Stelea Spătarul 10A sector 3, sf. sec. XIX
2078, B-II-m-B-19738 B-II-m-B-19739, Casă Casă, municipiul BUCUREŞTI municipiul BUCUREŞTI, Str. Stelea Spătarul 11B sector 3 Str. Stelea Spătarul 12 sector 3, sf. sec. XIX sf. sec. XIX
2080,B-II-m-B-19740,Casă,municipiul BUCUREŞTI,Str. Stelea Spătarul 14 sector 3,sf. sec. XIX
2081,B-II-m-B-19741,Casă,municipiul BUCUREŞTI,Str. Stelea Spătarul 16 sector 3,sf. sec. XIX
2082,B-II-m-B-19742,Casă,municipiul BUCUREŞTI,Str. Stelea Spătarul 18 sector 3,sf. sec. XIX
2083,B-II-m-B-19743,Casă,municipiul BUCUREŞTI,Str. Stelea Spătarul 20 sector 3,sf. sec. XIX
2084,B-II-m-B-19744,Casă,municipiul BUCUREŞTI,Str. Stelea Spătarul 21 sector 3,sf. sec. XIX
2085,B-II-m-B-19745,Casă,municipiul BUCUREŞTI,Str. Stelea Spătarul 22 sector 3,sf. sec. XIX
2086, B-II-m-B-19746, Casă, municipiul BUCUREŞTI, Str. Stelea Spătarul 23 sector 3, sf. sec. XIX
2087,B-II-m-B-19747,Casă,municipiul BUCUREŞTI,Str. Stelea Spătarul 24 sector 3,sf. sec. XIX
2088,B-II-m-B-19748,Casă de târgoveţ,municipiul BUCUREŞTI,Str. Stroiescu V. Vasile 1-3 sector 2,sec. XIX
2089,B-II-m-B-20960,Casa Neniţescu,municipiul BUCUREŞTI,Str. Şcoalei 8 sector 2,sf. sec. XIX - înc. sec. XX
2090,B-II-m-B-19749 B-II-m-A-19750,Casă Biserica „Sf. Spiridon Nou“,municipiul BUCUREŞTI municipiul BUCUREŞTI,Str. Şelari 20-22 sector 3 Calea Şerban Vodă 29 sector 4,sf. sec. XIX 1852 - 1858
2092,B-II-m-A-19751,"Casă de târgoveţ, birouri ale Institutului Naţional al Patrimoniului",municipiul BUCUREŞTI,Calea Şerban Vodă 33 sector 4,sf. sec. XVIII
2093, B-II-m-B-19752," Şcoalele primare ""Ienăchiţă Văcărescu""", municipiul BUCUREŞTI, Calea Şerban Vodă 64 sector 4, 1864
2094,B-II-m-B-19753,"Biserica ""Adormirea Maicii Domnului"" - Alexe",municipiul BUCUREŞTI,Calea Şerban Vodă 123 sector 4,"1812, jum. sec. XIX - înc. XX"
2095,B-II-m-B-19754,Liceul „Gheorghe Şincai“,municipiul BUCUREŞTI,Calea Şerban Vodă 167 sector 4,1920 - 1925
2096,B-II-a-A-21028,Crematoriul „Cenușa”,municipiul BUCUREȘTI,Calea Șerban Vodă 183 sector 4,1925 - 1938
2097,B-II-m-A-21028.01,Crematoriul uman,municipiul BUCUREȘTI,Calea Șerban Vodă 183 sector 4,1925 - 1932
2098,B-II-m-A-21028.02,Columbar,municipiul BUCUREȘTI,Calea Șerban Vodă 183 sector 4,1938
2099,B-II-m-B-19755,"Biserica ""Sf. Arhangheli Mihail şi Gavril"" - Manu Cavafu",municipiul BUCUREŞTI,Bd. Şincai Gheorghe 4 sector 4,sec. XVIII
2100,B-II-m-B-19756,Casă,municipiul BUCUREŞTI,Str. Şomoiog Constantin serg. 8 sector,2 prima jum. sec. XX
2101,B-II-m-B-19757,Casă,municipiul BUCUREŞTI,Str. Ştefanescu Teodor 2 sector 3,sf. sec. XIX - prima jum. sec. XX
2102,B-II-m-B-19758 B-II-m-A-19759,Casă Biserica „Sf. Nicolae“ -,municipiul BUCUREŞTI municipiul BUCUREŞTI,Str. Ştefănescu Teodor 4 sector 3 Str. Ştefănescu Teodor 5 sector 3,sf. sec. XIX - prima jum. sec. XX 1725 - 1726
2104,B-II-a-B-19760,"Ansamblul de arhitectură ""Str. Ştirbei Vodă""",municipiul BUCUREŞTI,"Str. Ştirbei Vodă, între Bd. Schitu Măgureanu şi str. Berzei sector 1",sf. sec. XIX - prima jum. sec. XX
2105,B-II-m-B-19761,Imobil,municipiul BUCUREŞTI,Str. Ştirbei Vodă 16-18 sector 1,sf. sec. XIX - prima jum. sec. XX
2106,B-II-m-B-19762,"Conservatorul ""Ciprian Porumbescu"", corp vechi",municipiul BUCUREŞTI,Str. Ştirbei Vodă 35 sector 1,sf. sec. XIX - prima jum. sec. XX
2107,B-II-m-B-19763,Casa Kreţulescu,municipiul BUCUREŞTI,Str. Ştirbei Vodă 39 sector 1,1903
2108,B-II-m-B-19764,Biserica „Sf. Ştefan“ - Cuibu' cu Barză,municipiul BUCUREŞTI,Str. Ştirbei Vodă 97 sector 1,sec. XVIII
2109,B-II-m-B-19765,Casa Ioan Slavici,municipiul BUCUREŞTI,Str. Ştirbei Vodă 152 sector 2,sf. sec. XIX - prima jum. sec. XX
2110,B-II-m-B-19767,Casă,municipiul BUCUREŞTI,Str. Tell Cristian g-ral 9 sector 1,sf. sec. XIX
2111, B-II-m-B-19768, Casă, municipiul BUCUREŞTI, Str. Temişana 2-4 sector 1, sec. XIX - XX
2112,B-II-m-B-19769,Vilă,municipiul BUCUREŞTI,Str. Tirana 1 sector 1,prima jum. sec. XX
2113,B-II-m-B-19770,Casa Gheorghe Petrescu,municipiul BUCUREŞTI,Str. Toamnei 83 sector 2,înc. sec. XX
2114,B-II-m-B-19771 B-II-m-B-19772,Vilă Vilă,municipiul BUCUREŞTI municipiul BUCUREŞTI,Str. Tokio 3 sector 1 Str. Tokio 8 sector 1,prima jum. sec. XX prima jum. sec. XX
2116,B-II-m-B-19773,Vilă,municipiul BUCUREŞTI,Str. Tokio 10 sector 1,prima jum. sec. XX
2117,B-II-m-B-19774,Vilă,municipiul BUCUREŞTI,Str. Tokio 11 sector 1,prima jum. sec. XX
2118,B-II-m-B-19775,Vilă,municipiul BUCUREŞTI,Str. Tokio 12 sector 1,prima jum. sec. XX
2119,B-II-m-B-19776,Vilă,municipiul BUCUREŞTI,Str. Tokio 14 sector 1,prima jum. sec. XX
2120,B-II-m-B-19777,Casă,municipiul BUCUREŞTI,Str. Toneanu Vasile 9 sector 3,prima jum. sec. XX
2121,B-II-m-B-19778,Casă,municipiul BUCUREŞTI,Str. Toneanu Vasile 31 sector 3,prima jum. sec. XX
2122, B-II-m-B-19779, Templu mozaic, municipiul BUCUREŞTI, Str. Toneanu Vasile 48 sector 3, prima jum. sec. XX
2123,B-II-m-B-19780,Casă,municipiul BUCUREŞTI,Str. Toneanu Vasile 50 sector 3,prima jum. sec. XX
2124,B-II-m-B-19781,Imobil,municipiul BUCUREŞTI,Str. Traian 75 sector 3,sf. sec. XIX - prima jum. sec. XX
2125,B-II-m-B-19782,Casă,municipiul BUCUREŞTI,Str. Traian 85 sector 3,sf. sec. XIX - prima jum. sec. XX
2126,B-II-m-B-19783 B-II-m-B-19784,Casă Casă,municipiul BUCUREŞTI municipiul BUCUREŞTI,Str. Traian 93 sector 3 Str. Traian 95 sector 3,1899 sf. sec. XIX - prima jum.
2128,B-II-m-B-19785,Casă,municipiul BUCUREŞTI,Str. Traian 97 sector 3,sf. sec. XIX - prima jum. sec. XX
2129,B-II-m-B-19786,Casă,municipiul BUCUREŞTI,Str. Traian 107 sector 3,1899
2130,B-II-m-B-19787,Casă,municipiul BUCUREŞTI,Str. Traian 110 sector 3,sf. sec. XIX - prima jum. sec. XX
2131,B-II-m-B-19788,Casă,municipiul BUCUREŞTI,Str. Traian 112 sector 3,sf. sec. XIX - prima jum. sec. XX
2132,B-II-m-B-19789,Casă,municipiul BUCUREŞTI,Str. Traian 115 sector 3,sf. sec. XIX - prima jum. sec. XX
2133,B-II-m-B-19790,Casă,municipiul BUCUREŞTI,Str. Traian 118 sector 3,sf. sec. XIX - prima jum. sec. XX
2134,B-II-m-B-19791,Casă,municipiul BUCUREŞTI,Str. Traian 119 sector 3,sf. sec. XIX - prima jum. sec. XX
2135, B-II-m-B-19792, Casă, municipiul BUCUREŞTI, Str. Traian 121 sector 3, sf. sec. XIX - prima jum. sec. XX
2136, B-II-m-B-19793, Casă, municipiul BUCUREŞTI, Str. Traian 122-124 sector 3, sf. sec. XIX - prima jum. sec. XX
2137,B-II-m-B-19794,Casă,municipiul BUCUREŞTI,Str. Traian 123 sector 3,sf. sec. XIX - prima jum. sec. XX
2138,B-II-m-B-19795 B-II-m-B-19796,Casă Casă,municipiul BUCUREŞTI municipiul BUCUREŞTI,Str. Traian 127 sector 3 Str. Traian 137 sector 3,sf. sec. XIX - prima jum. sec. XX sf. sec. XIX - prima jum.
2140,B-II-m-B-19797,Casă,municipiul BUCUREŞTI,Str. Traian 142 sector 3,sf. sec. XIX - prima jum. sec. XX
2141,B-II-m-B-19798,Casă,municipiul BUCUREŞTI,Str. Traian 145 sector 3,sf. sec. XIX - prima jum. sec. XX
2142,B-II-m-B-19799,Casă,municipiul BUCUREŞTI,Str. Traian 153 sector 3,sf. sec. XIX - prima jum. sec. XX
2143,B-II-m-B-19800,Casă,municipiul BUCUREŞTI,Str. Traian 154 sector 3,sf. sec. XIX - prima jum. sec. XX
2144,B-II-m-B-19801,Casă,municipiul BUCUREŞTI,Str. Traian 157 sector 3,sf. sec. XIX - prima jum. sec. XX
2145,B-II-m-B-19802,Casă,municipiul BUCUREŞTI,Str. Traian 160 sector 3,sf. sec. XIX - prima jum. sec. XX
2146,B-II-m-B-19803,Casă,municipiul BUCUREŞTI,Str. Traian 164 sector 3,sf. sec. XIX - prima jum. sec. XX
2147, B-II-m-B-19804, Liceul Economic, municipiul BUCUREŞTI, Str. Traian 165 sector 2, sf. sec. XIX - prima jum. sec. XX
2148, B-II-m-B-19805, Casă, municipiul BUCUREŞTI, Str. Traian 166 sector 3, sf. sec. XIX - prima jum. sec. XX
2149,B-II-m-B-19806,Casă,municipiul BUCUREŞTI,Str. Traian 168 sector 3,sf. sec. XIX - prima jum. sec. XX
2150,B-II-m-B-19807 B-II-m-B-19808,Casă Imobil,municipiul BUCUREŞTI municipiul BUCUREŞTI,Str. Traian 169 sector 3 Str. Traian 170 sector 3,sf. sec. XIX - prima jum. sec. XX sf. sec. XIX - prima jum.
2152,B-II-m-B-19809,Casă,municipiul BUCUREŞTI,Str. Traian 171 sector 3,sf. sec. XIX - prima jum. sec. XX
2153,B-II-m-B-19810,Casă,municipiul BUCUREŞTI,Str. Traian 173 sector 3,sf. sec. XIX - prima jum. sec. XX
2154,B-II-m-B-19811,Casă,municipiul BUCUREŞTI,Str. Traian 175 sector 3,sf. sec. XIX - prima jum. sec. XX
2155,B-II-m-B-19812,Casă,municipiul BUCUREŞTI,Str. Traian 176 sector 2,sf. sec. XIX
2156,B-II-m-B-19813,Casă,municipiul BUCUREŞTI,Str. Traian 178 sector 3,sf. sec. XIX - prima jum. sec. XX
2157,B-II-m-B-19814,Casă,municipiul BUCUREŞTI,Str. Traian 180 sector 3,sf. sec. XIX - prima jum. sec. XX
2158,B-II-m-B-19815,Casă,municipiul BUCUREŞTI,Str. Traian 198 sector 2,sf. sec. XIX - prima jum. sec. XX
2159, B-II-m-A-19816, Biserica „Sf. Ioachim şi Ana“ - Oboru Vechi, municipiul BUCUREŞTI, Str. Traian 204 sector 2, 1780
2160, B-II-m-B-19817, Casă, municipiul BUCUREŞTI, Str. Traian 208 sector 2, sf. sec. XIX - prima jum. sec. XX
2161,B-II-m-B-19818,Casă,municipiul BUCUREŞTI,Str. Tuberozelor 2 sector 1,prima jum. sec. XX
2162,B-II-m-B-19819 B-II-m-B-19820,Casă Casă,municipiul BUCUREŞTI municipiul BUCUREŞTI,Str. Tuberozelor 4 sector 1 Str. Tuberozelor 6 sector 1,prima jum. sec. XX prima jum. sec. XX
2164,B-II-m-B-19821,Casa Principelui Nicolae,municipiul BUCUREŞTI,Str. Turnescu Nicolae dr. 1 sector 5,sf. sec. XIX
2165,B-II-m-B-19822,Casă de târgoveţ,municipiul BUCUREŞTI,Str. Ţepeş Vodă 86 A sector 2,sec. XIX
2166,B-II-m-B-19824,Casă,municipiul BUCUREŞTI,Splaiul Unirii 173 sector 3,sf. sec. XIX - prima jum. sec. XX
2167,B-II-m-B-19825,Casă,municipiul BUCUREŞTI,Str. Unităţii 82 sector 3,prima jum. sec. XX
2168,B-II-m-B-19826,"Casa Ienachiţă Văcărescu, azi sediul central al Institutului Naţional al Patrimoniului",municipiul BUCUREŞTI,Str. Văcărescu Ienăchiţă 16 sector 4,sf. sec. XIX - prima jum. sec. XX
2169,B-II-m-B-19827,Casă,municipiul BUCUREŞTI,Calea Văcăreşti 35-41 sector 3,sf. sec. XIX - prima jum. sec. XX
2170,B-II-m-B-19828,Casă,municipiul BUCUREŞTI,Calea Văcăreşti 141B sector 3,sf. sec. XIX
2171,B-II-m-B-19829,Biserica „Sfinţii Împăraţi Constantin şi Elena“ - Apostol din Tabaci,municipiul BUCUREŞTI,Calea Văcăreşti 143 sector 3,
2172,B-II-m-B-19830,Casa Florescu,municipiul BUCUREŞTI,Str. Vânători 4 sector 5,sec. XVIII
2173,B-II-m-B-19831 B-II-m-B-19832,Vilă Vilă,municipiul BUCUREŞTI municipiul BUCUREŞTI,Str. Venezuela 6 sector 1 Str. Venezuela 10 sector 1,prima jum. sec. XX prima jum. sec. XX
2175,B-II-m-A-19833,"Biserica „Învierii"" - Anglicană",municipiul BUCUREŞTI,Str. Verona Arthur pictor 3 sector 1,înc. sec. XIX
2176,B-II-m-B-19834,Casa D. A. Sturdza,municipiul BUCUREŞTI,Str. Verona Arthur pictor 13 sector 1,sf. sec. XIX
2177,B-II-m-B-19835,Casa arh. Ion Mincu,municipiul BUCUREŞTI,Str. Verona Arthur pictor 19 sector 1,sf. sec. XIX - prima jum. sec. XX
2178,B-II-m-B-19836,Imobil,municipiul BUCUREŞTI,Str. Vespasian 18 sector 1,prima jum. sec. XX
2179,B-II-a-A-19838,"Ansamblul de arhitectură ""Calea Victoriei""",municipiul BUCUREŞTI,"Calea Victoriei, între Bd. Dacia şi str. General Gheorghe Manu sector 1",sf. sec. XIX - prima jum. sec. XX
2180,B-II-m-B-19839,"Palatul „Agricola - Fonciera""",municipiul BUCUREŞTI,"Calea Victoriei 2 sector 3, Str. pictor Nicolae Tonitza 12 sector 3, Str. Nicolae Filitti 2 sector 3","înc. sec. XIX, 1927"
2181,B-II-m-B-19840,Imobil,municipiul BUCUREŞTI,Calea Victoriei 7 sector 3,sf. sec. XIX - prima jum. sec. XX
2182,B-II-a-A-19841,"Ansamblul ""Curţile Văcărescu""",municipiul BUCUREŞTI,"Calea Victoriei 9 sector 3, Str. Ilfov 5 sector 5",
2183,B-II-m-A-19841.01,Fostele case I. Văcărescu- Prager,municipiul BUCUREŞTI,"Calea Victoriei 9 sector 3, Str. Ilfov 5 sector 5",sec. XVI - XVIII
2184,B-II-m-A-19841.02,Vestigii arheologice,municipiul BUCUREŞTI,"Calea Victoriei 9 sector 3, Str. Ilfov 5 sector 5",sec. XV-XIX
2185, B-II-m-B-19842 B-II-m-A-19843," Imobil ""Societatea de Asigurări Agricole"" Fostul Palat al Poştelor, azi", municipiul BUCUREŞTI municipiul BUCUREŞTI, Calea Victoriei 11 sector 3 Calea Victoriei 12 sector 3, sf. sec. XIX - prima jum. sec. XX 1900
2187,B-II-m-B-19844,"Biserica ""Naşterea Maicii Domnului şi Sf. Mucenic Ciprian"" - Zlătari",municipiul BUCUREŞTI,Calea Victoriei 12bis sector 3,sec. XVIII - XIX
2188,B-II-m-A-19845,Palatul Casei de Depuneri şi Consemnaţiuni,municipiul BUCUREŞTI,Calea Victoriei 13 sector 3,1896 - 1900
2189,B-II-m-B-19846,Palatul Dacia,municipiul BUCUREŞTI,Calea Victoriei 14 sector 3,1874
2190,B-II-a-A-19837,"Ansamblul de arhitectură ""Pasajul Macca- Villacrosse""",municipiul BUCUREŞTI,"Calea Victoriei 16-20 sector 3, Str. Eugeniu Carada 5-7 sector 3, Pasajul Macca- Villacrosse sector 3",sf. sec. XIX - prima jum. sec. XX
2191,B-II-m-B-19847,"Magazinul Victoria, fost La Fayette",municipiul BUCUREŞTI,Calea Victoriei 17 sector 3,sf. sec. XIX - prima jum. sec. XX
2192,B-II-m-B-19848,Banca de Comerţ Exterior,municipiul BUCUREŞTI,Calea Victoriei 22 sector 3,sf. sec. XIX - prima jum. sec. XX
2193,B-II-m-B-19849,Imobil,municipiul BUCUREŞTI,Calea Victoriei 23 sector 3,sf. sec. XIX - prima jum. sec. XX
2194, B-II-m-B-19850, Imobil, municipiul BUCUREŞTI, Calea Victoriei 26 sector 3, înc. sec. XX
2195, B-II-m-B-19851," Imobil „Frascati""", municipiul BUCUREŞTI, Calea Victoriei 33 sector 3, prima jum. sec. XX
2196,B-II-m-B-19852 B-II-m-B-19853,Casa Capşa Palatul Telefoanelor,municipiul BUCUREŞTI municipiul BUCUREŞTI,Calea Victoriei 36 sector 1 Calea Victoriei 37 sector 1,1848 1933
2198,B-II-m-B-19854,"Imobil ""Sala Comedia""",municipiul BUCUREŞTI,Calea Victoriei 42-44 sector 1,sf. sec. XIX - prima jum. sec. XX
2199,B-II-m-A-19855,Biserica „Adormirea Maicii Domnului“ - Kreţulescu,municipiul BUCUREŞTI,Calea Victoriei 47 sector 1,1722
2200,B-II-m-B-19857,"Palatul ""Imobiliara""",municipiul BUCUREŞTI,Calea Victoriei 48-50 sector 3,sf. sec. XIX - prima jum. sec. XX
2201,B-II-m-A-19856,"Palatul Regal, azi Muzeul Naţional de Artă al României",municipiul BUCUREŞTI,Calea Victoriei 49-53 sector 1,1928-1937-1947
2202,B-II-m-B-19858,Hotel Continental,municipiul BUCUREŞTI,Calea Victoriei 56 sector 1,sf. sec. XIX - prima jum. sec. XX
2203,B-II-m-B-19859,Blocul ARO,municipiul BUCUREŞTI,Calea Victoriei 91-93 sector 1,1937 - 1938
2204,B-II-m-A-19860,Palatul Ştirbei,municipiul BUCUREŞTI,"Calea Victoriei 107 sector 1, Str. g-ral Constantin Budişteanu 7 sector 1, Str. Banului 2 sector 1",1833 - 1835
2205,B-II-m-A-19861,Biserica „Sf. Nicolae“ - Albă,municipiul BUCUREŞTI,Calea Victoriei 110 sector 1,"1715, sec. XVIII-XIX"
2206,B-II-m-B-19862,Palatul Romanit - Muzeul Colecţiilor,municipiul BUCUREŞTI,Calea Victoriei 111-113 sector 1,1883
2207,B-II-m-A-19863,Casa Monteoru,municipiul BUCUREŞTI,Calea Victoriei 115 sector 1,1887
2208,B-II-m-B-19864 B-II-m-B-19865,Blocul Societăţii Politehnice Casa Algiu - Toma Stelian,municipiul BUCUREŞTI municipiul BUCUREŞTI,Calea Victoriei 118 sector 1 Calea Victoriei 120 sector 1,1927 sf. sec. XIX - prima jum.
2210,B-II-a-A-19866,Ansamblul Academiei Române,municipiul BUCUREŞTI,Calea Victoriei 121-127 sector 1,sf. sec. XIX - prima jum. sec. XX
2211,B-II-m-A-19866.01,Academia Română,municipiul BUCUREŞTI,Calea Victoriei 121-127 sector 1,sf. sec. XIX - prima jum. sec. XX
2212,B-II-m-A-19866.02,Biblioteca Academiei Române,municipiul BUCUREŞTI,Calea Victoriei 121-127 sector 1,1935 - 1937
2213,B-II-m-B-19867,Casa Hristu,municipiul BUCUREŞTI,Calea Victoriei 129 sector 1,1871
2214,B-II-m-A-19868,Casa Vernescu,municipiul BUCUREŞTI,Calea Victoriei 133 sector 1,1889
2215,B-II-m-A-19869,Palatul Cantacuzino,municipiul BUCUREŞTI,Calea Victoriei 141 sector 1,1902
2216,B-II-m-B-19870,Casa Cesianu,municipiul BUCUREŞTI,Calea Victoriei 151 sector 1,sf. sec. XIX
2217, B-II-m-A-19871, Palatul Monopolurilor Statului, municipiul BUCUREŞTI, Calea Victoriei 152 sector 1, 1934 - 1941
2218,B-II-m-B-19872,Casa Cesianu - fosta Legaţie germană,municipiul BUCUREŞTI,Calea Victoriei 174 sector 1,sf. sec. XIX - prima jum. sec. XX
2219,B-II-m-A-19873,Casa Florescu - Manu,municipiul BUCUREŞTI,Calea Victoriei 192 sector 1,1843
2220,B-II-m-A-19874 B-II-m-A-19875,"Casa Nenciu Casa Dissescu, azi",municipiul BUCUREŞTI municipiul BUCUREŞTI,Calea Victoriei 194 sector 1 Calea Victoriei 196 sector 1,1886 1905 - 1912
2222,B-II-m-B-19876,Casa cu cariatide,municipiul BUCUREŞTI,Calea Victoriei 202 sector 1,sec. XIX
2223, B-II-m-A-19877, Palatul Victoria, municipiul BUCUREŞTI, Piaţa Victoriei 1 sector 1, 1937 - 1940
2224,B-II-m-B-19878,Casa Ortansa Paciurea,municipiul BUCUREŞTI,Str. Viitorului 94 sector 2,1878
2225,B-II-m-B-19879,Casă,municipiul BUCUREŞTI,Str. Visarion 4-6 sector 1,1896
2226,B-II-m-B-19880,Biserica „Sf. Visarion Vechi“,municipiul BUCUREŞTI,Str. Visarion 14 sector 1,1797
2227,B-II-m-B-19881,Casă,municipiul BUCUREŞTI,Str. Vistierilor 5 sector 5,
2228,B-II-m-B-19882,Biserica „Înălţarea Domnului“ - Târcă,municipiul BUCUREŞTI,Calea Vitan 142 sector 3,1820
2229,B-II-m-B-19883,Casă,municipiul BUCUREŞTI,Str. Vlad Judeţul 16 sector 3,prima jum. sec. XX
2230,B-II-m-B-19884,Casă,municipiul BUCUREŞTI,Str. Vlad Judeţul 18 sector 3,prima jum. sec. XX
2231, B-II-m-B-19885, Casă, municipiul BUCUREŞTI, Str. Vlad Judeţul 19 sector 3, prima jum. sec. XX
2232, B-II-m-B-19886 B-II-m-B-19887, Casă Casă, municipiul BUCUREŞTI municipiul BUCUREŞTI, Str. Vlad Judeţul 27 sector 3 Str. Vlad Judeţul 28 sector 3, prima jum. sec. XX prima jum. sec. XX
2234,B-II-m-B-19888,Casă,municipiul BUCUREŞTI,Str. Vlad Judeţul 33 sector 3,prima jum. sec. XX
2235,B-II-m-B-19889,Casă,municipiul BUCUREŞTI,Str. Vlad Judeţul 34 sector 3,prima jum. sec. XX
2236,B-II-m-B-19890,Casă,municipiul BUCUREŞTI,Str. Vlad Judeţul 39 sector 3,prima jum. sec. XX
2237,B-II-m-B-19891,Casă,municipiul BUCUREŞTI,Str. Vlad Judeţul 51 sector 3,prima jum. sec. XX
2238,B-II-m-B-19892,Casă,municipiul BUCUREŞTI,Bd. Vladimirescu Tudor 15 sector 5,prima jum. sec. XX
2239,B-II-m-B-19893,Casă,municipiul BUCUREŞTI,Bd. Vladimirescu Tudor 23 sector 5,prima jum. sec. XX
2240, B-II-m-B-19894, Casă, municipiul BUCUREŞTI, Str. Vlaicu Aurel 16 sector 2, prima jum. sec. XX
2241,B-II-m-B-19895,Vila Vintilă Brătianu,municipiul BUCUREŞTI,Str. Vlaicu Aurel 19 sector 2,1912
2242,B-II-m-B-19896,Casă,municipiul BUCUREŞTI,Str. Vlaicu Aurel 41 sector 2,1899
2243,B-II-m-B-20961,Casa Profesor I.S. Floru,municipiul BUCUREŞTI,Str. Vlaicu Aurel 115 sector 2,1915
2244,B-II-m-B-19897 B-II-m-B-19898,Casa Ion Voicu Casă,municipiul BUCUREŞTI municipiul BUCUREŞTI,Intr. Voicu Ion 4 sector 2 Str. Voinescu Ion 13 sector 3,"sf. sec. XIX, 1912 prima jum. sec. XX"
2246,B-II-m-B-19899,Casă,municipiul BUCUREŞTI,Str. Voinescu Ion 16 sector 3,prima jum. sec. XX
2247,B-II-m-B-19900,Casă,municipiul BUCUREŞTI,Str. Voinescu Ion 17 sector 3,prima jum. sec. XX
2248,B-II-m-B-19901,Casă,municipiul BUCUREŞTI,Str. Voinescu Ion 19 sector 3,prima jum. sec. XX
2249,B-II-m-B-19903,Casă,municipiul BUCUREŞTI,Str. Voinescu Ion 24 sector 3,prima jum. sec. XX
2250,B-II-m-B-19904,Casă,municipiul BUCUREŞTI,Str. Voinicului 2bis sector 3,prima jum. sec. XX
2251,B-II-m-B-20975,Casa arh. Dimitrie Maimarolu,municipiul BUCUREŞTI,Str. Vraca George 6 sector 1,1897
2252, B-II-m-B-19905, Casă, municipiul BUCUREŞTI, Str. Vuia Traian 5 sector 2, sf. sec. XIX - prima jum. sec. XX
2253, B-II-m-B-19906, Casă, municipiul BUCUREŞTI, Str. Vulcan Judeţul 9 sector 3, prima jum. sec. XX
2254,B-II-m-B-19907,Casă,municipiul BUCUREŞTI,Str. Vulcan Judeţul 16 sector 3,prima jum. sec. XX
2255,B-II-m-B-19908,Casă,municipiul BUCUREŞTI,Str. Vulcan Judeţul 21 sector 3,prima jum. sec. XX
2256,B-II-m-B-19910 B-II-m-B-19911,Casă Casă,municipiul BUCUREŞTI municipiul BUCUREŞTI,Str. Vulcănescu Mircea 7 sector 1 Str. Vulcănescu Mircea 10 sector 1,sf. sec. XIX - prima jum. sec. XX sf. sec. XIX - prima jum.
2258,B-II-m-B-19912,Casă,municipiul BUCUREŞTI,Str. Vulcănescu Mircea 12 sector 1,sf. sec. XIX - prima jum. sec. XX
2259,B-II-m-B-19913,Casă,municipiul BUCUREŞTI,Str. Vulcănescu Mircea 14 sector 1,sf. sec. XIX - prima jum. sec. XX
2260,B-II-m-B-19914,Casă,municipiul BUCUREŞTI,Str. Vulcănescu Mircea 16 sector 1,sf. sec. XIX - prima jum. sec. XX
2261,B-II-m-B-19915,Casă,municipiul BUCUREŞTI,Str. Vulcănescu Mircea 17 sector 1,sf. sec. XIX - prima jum. sec. XX
2262,B-II-m-B-19916,Casă,municipiul BUCUREŞTI,Str. Vulcănescu Mircea 19 sector 1,sf. sec. XIX - prima jum. sec. XX
2263,B-II-m-B-19917,Casă,municipiul BUCUREŞTI,Str. Vulcănescu Mircea 21 sector 1,sf. sec. XIX - prima jum. sec. XX
2264,B-II-m-B-19918,Casă,municipiul BUCUREŞTI,Str. Vulcănescu Mircea 23 sector 1,sf. sec. XIX - prima jum. sec. XX
2265, B-II-m-B-19919, Casă, municipiul BUCUREŞTI, Str. Vulcănescu Mircea 24 sector 1, sf. sec. XIX - prima jum. sec. XX
2266, B-II-m-B-19920, Casă, municipiul BUCUREŞTI, Str. Vulcănescu Mircea 25 sector 1, 1897
2267,B-II-m-B-19921,Casă,municipiul BUCUREŞTI,Str. Vulcănescu Mircea 26 sector 1,sf. sec. XIX - prima jum. sec. XX
2268,B-II-m-B-19922 B-II-m-B-19923,Casă Casă,municipiul BUCUREŞTI municipiul BUCUREŞTI,Str. Vulcănescu Mircea 27 sector 1 Str. Vulcănescu Mircea 28 sector 1,sf. sec. XIX - prima jum. sec. XX sf. sec. XIX - prima jum.
2270,B-II-m-B-19924,Casă,municipiul BUCUREŞTI,Str. Vulcănescu Mircea 29 sector 1,sf. sec. XIX - prima jum. sec. XX
2271,B-II-m-B-19925,Casă,municipiul BUCUREŞTI,Str. Vulcănescu Mircea 30 sector 1,sf. sec. XIX - prima jum. sec. XX
2272,B-II-m-B-19926,Casă,municipiul BUCUREŞTI,Str. Vulcănescu Mircea 31 sector 1,sf. sec. XIX - prima jum. sec. XX
2273,B-II-m-B-19927,Casă,municipiul BUCUREŞTI,Str. Vulcănescu Mircea 33 sector 1,sf. sec. XIX - prima jum. sec. XX
2274,B-II-m-B-19928,Casă,municipiul BUCUREŞTI,Str. Vulcănescu Mircea 35 sector 1,sf. sec. XIX - prima jum. sec. XX
2275,B-II-m-B-19929,Casă,municipiul BUCUREŞTI,Str. Vulcănescu Mircea 37 sector 1,sf. sec. XIX - prima jum. sec. XX
2276,B-II-m-B-19930,Casă,municipiul BUCUREŞTI,Str. Vulcănescu Mircea 38 sector 1,sf. sec. XIX - prima jum. sec. XX
2277, B-II-m-B-19931, Casă, municipiul BUCUREŞTI, Str. Vulcănescu Mircea 39 sector 1, sf. sec. XIX - prima jum. sec. XX
2278, B-II-m-B-19932, Casă, municipiul BUCUREŞTI, Str. Vulcănescu Mircea 39bis sector 1, sf. sec. XIX - prima jum. sec. XX
2279,B-II-m-B-19933,Casă,municipiul BUCUREŞTI,Str. Vulcănescu Mircea 41 sector 1,sf. sec. XIX - prima jum. sec. XX
2280,B-II-m-B-19934 B-II-m-B-19935,Casă Casă,municipiul BUCUREŞTI municipiul BUCUREŞTI,Str. Vulcănescu Mircea 43 sector 1 Str. Vulcănescu Mircea 44 sector 1,1888 sf. sec. XIX - prima jum.
2282,B-II-m-B-19936,Casă,municipiul BUCUREŞTI,Str. Vulcănescu Mircea 57 sector 1,sf. sec. XIX - prima jum. sec. XX
2283,B-II-m-B-19937,Casă,municipiul BUCUREŞTI,Str. Vulcănescu Mircea 59 sector 1,sf. sec. XIX - prima jum. sec. XX
2284,B-II-m-B-19938,Casă,municipiul BUCUREŞTI,Str. Vulcănescu Mircea 114 sector 1,sf. sec. XIX - prima jum. sec. XX
2285,B-II-m-B-19939,Casa D. Chiriac,municipiul BUCUREŞTI,Str. Vulcănescu Mircea 117 sector 1,sf. sec. XIX - prima jum. sec. XX
2286,B-II-m-B-19940,Casă,municipiul BUCUREŞTI,Str. Vulturilor 3 sector 3,sf. sec. XIX - prima jum. sec. XX
2287,B-II-m-B-19941,Casa George Georgescu,municipiul BUCUREŞTI,Str. Washington 9 sector 1,prima jum. sec. XX
2288,B-II-m-B-19942,Vilă,municipiul BUCUREŞTI,Str. Washington 30 sector 1,prima jum. sec. XX
2289, B-II-m-B-19943, Vilă, municipiul BUCUREŞTI, Str. Washington 32 sector 1, prima jum. sec. XX
2290,B-II-m-B-19944,Vilă,municipiul BUCUREŞTI,Str. Zamfirescu Duiliu 5 sector 1,prima jum. sec. XX
2291,B-II-m-B-19945,Vilă,municipiul BUCUREŞTI,Str. Zamfirescu Duiliu 7 sector 1,prima jum. sec. XX
2292,B-II-m-B-19946 B-II-m-B-19948,Vilă Vilă,municipiul BUCUREŞTI municipiul BUCUREŞTI,Str. Zamfirescu Duiliu 10 sector 1 Str. Zola Emile 2 sector 1,prima jum. sec. XX prima jum. sec. XX
2294,B-II-m-B-19949,Vilă,municipiul BUCUREŞTI,Str. Zola Emile 6 sector 1,prima jum. sec. XX
2295,B-II-m-B-19950,Casă,municipiul BUCUREŞTI,Str. Zorileanu Mircea av. 80 sector 1,sf. sec. XIX
2296,B-III-m-B-19951,Monumentul pompierilor din Dealul Spirii,municipiul BUCUREŞTI,Calea 13 Septembrie f.n. sector 5,
2297,B-III-m-B-19954,Bustul lui N. Iorga,municipiul BUCUREŞTI,Bd. Aviatorilor 1 sector 1,
2298,B-III-m-A-19953,Monumentul Aviatorilor,municipiul BUCUREŞTI,Piaţa Aviatorilor f.n. sector 1,
2299,B-III-m-B-19955,Monumentul Eroilor Sanitari,municipiul BUCUREŞTI,Piaţa Babeş Victor f.n. sector 5,
2300, B-III-m-B-19956, Bustul lui Nicolae Titulescu, municipiul BUCUREŞTI, Str. Banu Manta f.n. sector 1,
2301, B-III-m-B-19959, Bustul dr. Alexandru Obregia, municipiul BUCUREŞTI, Şos. Berceni 10 sector 4,
2302,B-III-m-B-19960,Fântână de piatră,municipiul BUCUREŞTI,"Str. Biserica Amzei 12 sector 1, în curtea Bisericii Amzei",
2303,B-III-m-B-19961,Bustul lui Haralambie Botescu,municipiul BUCUREŞTI,Piaţa Botescu Haralambie f.n. sector 1,
2304,B-III-m-B-19962 B-III-m-B-19963,Statuia spătarului Mihail Cantacuzino Placă comemorativă (1),municipiul BUCUREŞTI municipiul BUCUREŞTI,"Bd. Brătianu I. C. 1 sector 3, în curtea Spitalului Colţea Bd. Brătianu I. C. 1 sector 3, pe zidul",
2306,B-III-m-B-19964,Placă comemorativă (2),municipiul BUCUREŞTI,"Bd. Brătianu I. C. 1 sector 3, pe zidul Spitalului Colţea",
2307,B-III-m-A-19965,Statuia lui Constantin Brâncoveanu,municipiul BUCUREŞTI,"Bd. Brătianu I. C. 27 sector 3, în curtea Bisericii Sf. Gheorghe Nou",1939
2308,B-III-m-A-19966,Fântâna Mioriţa,municipiul BUCUREŞTI,Şos. Bucureşti-Ploieşti f.n. sector 1,
2309,B-III-m-B-19967,"Monumentul ""Ultimul străjer al capitalei""",municipiul BUCUREŞTI,Şos. Bucureşti-Ploieşti f.n. sector 1,
2310,B-III-m-B-19968,Monumentul lui Gh. Gr. Cantacuzino,municipiul BUCUREŞTI,"Piaţa Cantacuzino Gh. f.n. sector 2, în Grădina Icoanei",
2311,B-III-m-B-19969,Bustul lui Dimitrie Cantemir,municipiul BUCUREŞTI,Bd. Cantemir Dimitrie f.n. sector 4,
2312,B-III-m-B-19970,Monumentul G-ral Andranic,municipiul BUCUREŞTI,"Bd. Carol I 43 sector 2, în curtea Bisericii Armeneşti",
2313, B-III-m-B-19971, Monumentul şi fântâna Luigi Cazzavilan, municipiul BUCUREŞTI, Str. Cazzavilan Luigi f.n. sector 1, post 1912
2314, B-III-m-B-19972, Monumentul infanteristului 1916-1918, municipiul BUCUREŞTI," Şos. Cotroceni f.n. sector 6, la intersecția cu Splaiul Independenței"," 1930, montat în 1931"
2315,B-III-m-B-19973,Bustul dr. D. Grecescu,municipiul BUCUREŞTI,"Şos. Cotroceni 32 sector 6, în Grădina Botanică","1932, montat în 1938"
2316,B-III-m-B-19974 B-III-m-B-19975,Bustul prof. D. Brândză (1) Bustul prof. D. Brândză (2),municipiul BUCUREŞTI municipiul BUCUREŞTI,"Şos. Cotroceni 32 sector 6, în Grădina Botanică Şos. Cotroceni 32 sector 6, în Grădina","1932, montat în 1934"
2318,B-III-m-B-19976,Bustul prof. dr. Em. Teodorescu,municipiul BUCUREŞTI,"Şos. Cotroceni 32 sector 6, în Grădina Botanică",post 1949
2319,B-III-m-B-19977,Placă marcând revoluţia lui Tudor Vladimirescu,municipiul BUCUREŞTI,"Şos. Cotroceni 32 sector 6, în Grădina Botanică",
2320,B-III-m-A-13870,Statuia lui I.C. Brătianu,municipiul BUCUREŞTI,"Bd. Dacia f.n. sector 1, în parcul Aşezămintelor I.C. Brătianu",
2321,B-III-m-B-19978,Bustul lui C. C. Nottara,municipiul BUCUREŞTI,"Bd. Dacia 105 sector 2, în curtea Muzeului C. C. Nottara",
2322,B-III-m-B-19979,Bustul prof. Vasile Şuteu,municipiul BUCUREŞTI,"Bd. Dacia 117 sector 2, în curtea Liceului ""Dimitrie Cantemir""",
2323,B-III-m-B-19984,"Statuia ""Centaurul""",municipiul BUCUREŞTI,"Piaţa De Gaulle Charles f.n. sector 1, în Parcul Herestrău",
2324,B-III-m-B-19985,"Statuia ""Prometeu""",municipiul BUCUREŞTI,"Piaţa De Gaulle Charles f.n. sector 1, în Parcul Herestrău",
2325, B-III-m-A-21039, Nimfa adormită, municipiul BUCUREȘTI," Piața De Gaulle Charles f.n. sector 1, în Parcul Herăstrău", 1905 - 1906
2326, B-III-m-B-19980, Bustul lui Victor Eftimiu, municipiul BUCUREŞTI, Intr. Eftimiu Victor 9 sector 1,
2327,B-III-m-B-19981,Statuia dr. Carol Davila,municipiul BUCUREŞTI,Bd. Eroii Sanitari 8 sector 5,1903
2328,B-III-m-A-19982 B-III-m-B-19983,Monumentul Eroilor Patriei Statuia lui Mihai Eminescu,municipiul BUCUREŞTI municipiul BUCUREŞTI,"Bd. Eroilor f.n. sector 5 Str. Franklin Benjamin 1-3 sector 1, în",
2330,B-III-m-B-19986,Monumentul eroilor C.F.R.-iști,municipiul BUCUREŞTI,Piaţa Gării de Nord f.n. sector 1,
2331,B-III-m-B-19987,Monumentul ing. Gh. I. Duca,municipiul BUCUREŞTI,Piaţa Gării de Nord f.n. sector 1,post 1899
2332,B-III-m-B-19988,"Două statui ""Muncitori""",municipiul BUCUREŞTI,Şos. Giuleşti 16 sector 6,
2333,B-III-m-B-19989,Statuia lui Dinicu Golescu,municipiul BUCUREŞTI,Bd. Golescu Dinicu f.n. sector 1,
2334,B-III-m-B-19990,Bustul prof. dr. Victor Babeş,municipiul BUCUREŞTI,"Splaiul Independenţei 103 sector 5, în curtea Institutului Cantacuzino",
2335,B-III-m-B-19991,Bustul dr. I. Cantacuzino,municipiul BUCUREŞTI,"Splaiul Independenţei 103 sector 5, în curtea Institutului Cantacuzino",
2336,B-III-m-B-19992,Monumentul Medicilor Militari,municipiul BUCUREŞTI,Str. Institutul Medico-Militar 3-5 sector în curtea Institutului,"1,"
2337, B-III-m-B-19993, Bustul lui Nicolae Leonard, municipiul BUCUREŞTI, Şos. Kiseleff Pavel Dimitrievici f.n. sector în Parcul Kiseleff," 1,"
2338, B-III-m-B-19994, Bustul lui Barbu Ştefanescu Delavrancea, municipiul BUCUREŞTI, Şos. Kiseleff Pavel Dimitrievici f.n. sector în Parcul Kiseleff," 1,"
2339,B-III-m-B-19995,Bustul lui Ovidiu,municipiul BUCUREŞTI,Şos. Kiseleff Pavel Dimitrievici f.n. sector în Parcul Kiseleff,"1,"
2340,B-III-m-B-19996 B-III-m-B-19998,Bustul prof. Gh. Munteanu-Murgoci Statuia lui George Enescu,municipiul BUCUREŞTI municipiul BUCUREŞTI,"Şos. Kiseleff Pavel Dimitrievici 2 sector în curtea Institutului Geologic Bd. Kogălniceanu Mihail 50 sector 5, în","1,"
2342,B-III-m-A-19997,Statuia lui Mihail Kogălniceanu,municipiul BUCUREŞTI,Piaţa Kogălniceanu Mihail f.n. sector 5,1936
2343,B-III-m-B-19999,Bustul Emiliei Irza,municipiul BUCUREŞTI,Bd. Lacul Tei 120 sector 2,
2344,B-III-m-B-20000,Statuia lui Alexandru Lahovary,municipiul BUCUREŞTI,Piaţa Lahovari Alexandru f.n. sector 1,
2345,B-III-m-B-20001,Statuia lui Vasile Lascăr,municipiul BUCUREŞTI,Str. Lascăr Vasile f.n. sector 2,
2346,B-III-m-B-20002,Bustul lui A. T. Laurian,municipiul BUCUREŞTI,Piaţa Laurian A. T. f.n. sector 3,1903
2347,B-III-m-A-20003,Fântâna Zodiac,municipiul BUCUREŞTI,Piaţa Libertăţii f.n. sector 4,
2348, B-III-m-A-20004, Fântâna Gheorghe Grigore Cantacuzino, municipiul BUCUREŞTI," Piaţa Libertăţii f.n. sector 4, în Parcul", Carol
2349, B-III-m-A-20005," Statuia ""Gigantul"" (1)", municipiul BUCUREŞTI," Piaţa Libertăţii f.n. sector 4, în Parcul", Carol
2350,B-III-m-A-20006,"Statuia ""Gigantul"" (2)",municipiul BUCUREŞTI,"Piaţa Libertăţii f.n. sector 4, în Parcul",Carol
2351,B-III-m-B-20007,Statuia dr. C. I. Istrati,municipiul BUCUREŞTI,"Piaţa Libertăţii f.n. sector 4, în Parcul",Carol
2352,B-III-m-B-09081 B-III-m-B-20008,"Statuia ""Industria casnică” Bustul lui Anton Pann",municipiul BUCUREŞTI municipiul BUCUREŞTI,"Str. Logofătul Luca Stroici 18 sector 2 Str. Logofătul Udrişte 6-8 sector 3, în",1898
2354,B-III-m-B-20009,Fântâna cu copii,municipiul BUCUREŞTI,Str. Lupu Dionisie f.n. sector 1,
2355,B-III-m-B-20010,Monumentul eroilor din arma geniului - Leul,municipiul BUCUREŞTI,"Bd. Maniu Iuliu f.n., colţ cu Bd. Geniului sector 6",1929
2356,B-III-m-B-20011,Monumentul lui Panait Donici,municipiul BUCUREŞTI,Bd. Maniu Iuliu 1-3 sector 6,1914
2357,B-III-m-B-20012,Obelisc George Caranda,municipiul BUCUREŞTI,Bd. Maniu Iuliu 1-3 sector 6,
2358,B-III-m-B-19957,Bustul lui Matei Basarab,municipiul BUCUREŞTI,"Str. Matei Basarab 32-34 sector 3, în curtea Colegiului Naţional ""Matei Basarab""",
2359,B-III-m-B-19958,Placă comemorativă,municipiul BUCUREŞTI,"Str. Matei Basarab 32-34 sector 3, pe corpului central al Colegiului Naţional ""Matei Basarab""",zidul
2360,B-III-m-B-20013,"Monumentul ""Avântul Ţării""",municipiul BUCUREŞTI,Piaţa Mărăcineanu Walter f.n. sector,1
2361,B-III-m-B-20014,Bustul dr. Constantin Danielopol,municipiul BUCUREŞTI,"Bd. Mihalache Ion 1-5 sector 1, în curtea Spitalului Filantropia",
2362,B-III-m-B-20015,Bustul dr. Constantin Caracaş,municipiul BUCUREŞTI,"Bd. Mihalache Ion 1-5 sector 1, în curtea Spitalului Filantropia",
2363,B-III-m-B-20016,Bustul gen. M. I. Kutuzov,municipiul BUCUREŞTI,"Bd. Mihalache Ion 1-5 sector 1, în curtea Spitalului Filantropia",
2364, B-III-m-B-20017 B-III-m-B-20018, Bustul lui Emil Racoviţă Monumentul eroilor căzuţi, municipiul BUCUREŞTI municipiul BUCUREŞTI, Str. Moxa Mihail 9 sector 1 Bd. Pallady Theodor f.n. sector 3,
2366,B-III-m-B-20019,Monumentul Anei Davila,municipiul BUCUREŞTI,"Şos. Panduri 90-92 sector 5, în incinta Institutului Pedagogic",
2367, B-III-m-B-20020, Bustul col. farmacist C. Merişanu, municipiul BUCUREŞTI," Calea Plevnei 134 sector 6, în curtea Spitalului Militar",
2368, B-III-m-B-20021, Monumentul gen. dr. Atanase Demosthen, municipiul BUCUREŞTI," Calea Plevnei 134 sector 6, în curtea Spitalului Militar",
2369,B-III-m-B-20022,Monumentul eroilor regimentului I-IV linie,municipiul BUCUREŞTI,"Calea Plevnei 134 sector 6, în curtea Spitalului Militar",
2370,B-III-m-B-20023,Bustul prof. dr. Zaharia Petrescu,municipiul BUCUREŞTI,"Calea Plevnei 134 sector 6, în curtea Spitalului Militar",
2371,B-III-m-B-20024,Bust dr. Carol Davila,municipiul BUCUREŞTI,"Calea Plevnei 134 sector 6, în curtea Spitalului Militar",
2372,B-III-m-B-20025,Monumentul lui Tudor Vladimirescu,municipiul BUCUREŞTI,Str. Precupeţii Vechi f.n. sector 2,1934
2373,B-III-m-B-20026,Monumentul Aerului (Mircea Zorileanu),municipiul BUCUREŞTI,Piaţa Quito f.n. sector 1,
2374,B-III-m-B-20027,Bustul lui Dimitrie Bolintineanu,municipiul BUCUREŞTI,"Calea Rahovei 355 sector 5, în curtea Liceului ""Dimitrie Bolintineanu""",
2375,B-III-m-B-20028,Monument în cinstea eroilor Revoluţiei din Decembrie 1989,municipiul BUCUREŞTI,Piaţa Revoluţiei f.n. sector 1,
2376,B-III-m-B-20029 B-III-m-A-20030,"Statuia ""Lupoaica Romei"" Monumentul lui C. A.",municipiul BUCUREŞTI municipiul BUCUREŞTI,Piaţa Romană f.n. sector 1 Piaţa Rosetti C. A. f.n. sector 2,
2378,B-III-m-B-20031,Bustul lui Constantin Dobrogeanu-Gherea,municipiul BUCUREŞTI,Str. Rosetti C. A. f.n. sector 2,
2379,B-III-m-B-19952,Statuia lui I. L. Caragiale,municipiul BUCUREŞTI,Str. Rosetti Maria f.n. sector 2,1976
2380,B-III-m-B-20032,Bustul lui Vasile Alecsandri,municipiul BUCUREŞTI,"Bd. Schitu Măgureanu 37 sector 1, în Grădina Cişmigiu",
2381,B-III-m-B-20033,Bustul lui Nicolae Bălcescu,municipiul BUCUREŞTI,"Bd. Schitu Măgureanu 37 sector 1, în Grădina Cişmigiu",
2382,B-III-m-B-20034,Bustul lui I. L. Caragiale,municipiul BUCUREŞTI,"Bd. Schitu Măgureanu 37 sector 1, în Grădina Cişmigiu",
2383,B-III-m-B-20035,Bustul lui Ion Creangă,municipiul BUCUREŞTI,"Bd. Schitu Măgureanu 37 sector 1, în Grădina Cişmigiu",
2384,B-III-m-B-20036,Bustul lui George Coşbuc,municipiul BUCUREŞTI,"Bd. Schitu Măgureanu 37 sector 1, în Grădina Cişmigiu",
2385, B-III-m-B-20037, Bustul lui Mihai Eminescu, municipiul BUCUREŞTI," Bd. Schitu Măgureanu 37 sector 1, în Grădina Cişmigiu",
2386, B-III-m-B-20038, Bustul lui Bogdan Petriceicu Haşdeu, municipiul BUCUREŞTI," Bd. Schitu Măgureanu 37 sector 1, în Grădina Cişmigiu",
2387,B-III-m-B-20039,Bustul lui Şt. O. Iosif,municipiul BUCUREŞTI,"Bd. Schitu Măgureanu 37 sector 1, în Grădina Cişmigiu",
2388,B-III-m-B-20040 B-III-m-B-20041,Bustul lui Titu Maiorescu Bustul lui Alexandru,municipiul BUCUREŞTI municipiul BUCUREŞTI,"Bd. Schitu Măgureanu 37 sector 1, în Grădina Cişmigiu Bd. Schitu Măgureanu 37 sector 1, în",
2390,B-III-m-B-20042,Bustul lui Alexandru Vlahuţă,municipiul BUCUREŞTI,"Bd. Schitu Măgureanu 37 sector 1, în Grădina Cişmigiu",
2391,B-III-m-B-20043,Bustul lui Duiliu Zamfirescu,municipiul BUCUREŞTI,"Bd. Schitu Măgureanu 37 sector 1, în Grădina Cişmigiu",
2392,B-III-m-B-20044,Bustul lui Theodor Şerbănescu,municipiul BUCUREŞTI,"Bd. Schitu Măgureanu 37 sector 1, în Grădina Cişmigiu",
2393,B-III-m-B-20045,Bustul lui Gheorghe Panu,municipiul BUCUREŞTI,"Bd. Schitu Măgureanu 37 sector 1, în Grădina Cişmigiu",
2394,B-III-m-B-20046,Monumentul lui Traian Demetrescu,municipiul BUCUREŞTI,"Bd. Schitu Măgureanu 37 sector 1, în Grădina Cişmigiu",
2395,B-III-m-B-20047,Monumentul Elenei Pherechide,municipiul BUCUREŞTI,"Bd. Schitu Măgureanu 37 sector 1, în Grădina Cişmigiu",
2396,B-III-m-B-20048,Bustul Maica Smara,municipiul BUCUREŞTI,"Bd. Schitu Măgureanu 37 sector 1, în Grădina Cişmigiu",
2397, B-III-m-B-20049, Monumentul eroilor francezi, municipiul BUCUREŞTI," Bd. Schitu Măgureanu 37 sector 1, în Grădina Cişmigiu",
2398, B-III-m-B-20050, Izvorul Sissi, municipiul BUCUREŞTI," Bd. Schitu Măgureanu 37 sector 1, în Grădina Cişmigiu",
2399,B-III-m-B-20051,Bustul lui Barbu Constantinescu,municipiul BUCUREŞTI,Str. Sfânta Ecaterina 3 sector 4,
2400,B-III-m-B-20052 B-III-m-B-20053,Monumentul Domniţei Bălaşa Monumentul eroilor din,municipiul BUCUREŞTI municipiul BUCUREŞTI,"Str. Sfinţii Apostoli 60 sector 5, în curtea Bisericii Domniţa Bălaşa Str. Silvestru 34-36 sector 2",1881
2402,B-III-m-B-20054,Statuia lui Theodor Pallady,municipiul BUCUREŞTI,"Str. Spătarului 22 sector 2, în curtea Casei Melik",
2403,B-III-m-B-20055,Monumentul lui Gheorghe Şincai,municipiul BUCUREŞTI,"Calea Şerban Vodă f.n. sector 4, în faţa Liceului ""Gheorghe Şincai""",
2404,B-III-m-B-20056,Bustul generalului Alexandru Cernat,municipiul BUCUREŞTI,Str. Ştirbei Vodă 75 sector 1,
2405,B-III-m-A-20057,Statuia lui Mihai Viteazul,municipiul BUCUREŞTI,Piaţa Universităţii f.n. sector 3,1874
2406,B-III-m-A-20058,Statuia lui Ion Heliade Rădulescu,municipiul BUCUREŞTI,Piaţa Universităţii f.n. sector 3,1879 - 1881
2407,B-III-m-A-20059,Statuia lui Gheorghe Lazăr,municipiul BUCUREŞTI,Piaţa Universităţii f.n. sector 3,1885 - 1886
2408,B-III-m-A-20060,Statuia lui Spiru Haret,municipiul BUCUREŞTI,Piaţa Universităţii f.n. sector 3,1935
2409, B-III-m-B-20061, Monumentul eroilor căzuţi în primul război mondial, municipiul BUCUREŞTI," Bd. Uverturii f.n. sector 6, la intersecţia str. Dealul Ţugulea", cu 1936
2410,B-III-m-B-20062,"Statuia ""Alergătorii""",municipiul BUCUREŞTI,Calea Victoriei 142-146 sector 1,1913
2411,B-IV-m-B-20976,Atelierul pictorului Nicolae Grigorescu,municipiul BUCUREŞTI,Str. Batiştei 20 sector 2,sf. sec. XIX - înc. sec. XX
2412,B-IV-m-B-20063 B-IV-m-B-20064,Pisania Bisericii Bradu - Boteanu Monumentul eroilor din,municipiul BUCUREŞTI municipiul BUCUREŞTI,"Str. Boteanu 8 sector 1, pe zidul Bisericii Boteanu Şos. Bucureşti-Ploieşti f.n. sector 1",
2414,B-IV-m-B-20065,Placă memorială în cinstea eroilor căzuţi în Revoluţia din Decembrie 1989,municipiul BUCUREŞTI,Şos. Bucureşti-Ploieşti f.n. sector 1,
2415,B-IV-m-B-20066,Placă memorială marcând locul luptelor din august 1944,municipiul BUCUREŞTI,"Şos. Bucureşti-Ploieşti f.n. sector 1, liziera Pădurii Băneasa",
2416,B-IV-m-B-20067,Cruce de piatră,municipiul BUCUREŞTI,"Str. Budişteanu C-tin g-ral 4-6 sector 1, curtea bisericii Manea Brutaru",în 1814
2417,B-IV-m-B-20068,Crucea lui Antonie Vodă Ruset,municipiul BUCUREŞTI,"Str. Cuţitul de Argint 1 sector 4, în curtea Bisericii Cuţitul de Argint",1677
2418,B-IV-m-B-20069,Crucea comisului Balea,municipiul BUCUREŞTI,Aleea Dealul Mitropoliei f.n. sector 4,1584
2419,B-IV-m-B-20070,Crucea logofătului Stoica,municipiul BUCUREŞTI,Aleea Dealul Mitropoliei f.n. sector 4,1617
2420, B-IV-m-B-20071, Stâlp funerar, municipiul BUCUREŞTI, Aleea Dealul Mitropoliei f.n. sector 4, 1708
2421, B-IV-m-B-20072, Cruce de piatră, municipiul BUCUREŞTI, Aleea Dealul Mitropoliei f.n. sector 4, 1843 - 1844
2422,B-IV-m-B-20073,Mormântul dr. Carol Davila şi al Anei Davila,municipiul BUCUREŞTI,Str. Demosthen Atanase dr. f.n. sector în spaţiul verde de la intersecţia cu str. Ana Davila,"5,"
2423,B-IV-m-A-20074,Piatra de mormânt a domnitorului Grigore,municipiul BUCUREŞTI,"Str. Doamna Ghica 3 sector 2, în curtea Bisericii ""Înălţarea Domnului"" - Doamna",prima jum. sec. XIX
2424,B-IV-m-A-20075,Monument funerar Grigore Ghica IV,municipiul BUCUREŞTI,"Str. Doamna Ghica 3 sector 2, în curtea Bisericii ""Înălţarea Domnului"" - Doamna Ghica",
2425, B-IV-m-B-20076, Monumentul eroilor căzuţi în primul război mondial, municipiul BUCUREŞTI, Bd. Elocinţei f.n. sector 5,
2426,B-IV-m-B-20077,Placa memorială Armand Călinescu,municipiul BUCUREŞTI,Bd. Eroii Sanitari f.n. sector 5,
2427,B-IV-m-B-20078,Cruce de piatră,municipiul BUCUREŞTI,Bd. Ferdinand 89 sector 2,1855
2428,B-IV-m-B-20079,Cruce de piatră,municipiul BUCUREŞTI,"Str. Foişorului 119 sector 3, în curtea Bisericii ""Naşterea Maicii Domnului""",sec. XIX
2429,B-IV-m-B-20080,"Complex funerar: osuar şi morminte individuale, cimitirul eroilor cazuţi în primul război mondial",municipiul BUCUREŞTI,"Bd. Ghencea 20 sector 6, Cimitirul Ghencea Militar",cca. 1920
2430, B-IV-m-B-20081, Mormântul eroilor ucişi la 8 noiembrie 1945, municipiul BUCUREŞTI," Bd. Ghencea 20 sector 6, Cimitirul Ghencea Militar, fig U bis",
2431, B-IV-m-B-20082, Mormântul lui Nicolae Tonitza, municipiul BUCUREŞTI," Bd. Ghencea 20 sector 6, Cimitirul Ghencea Militar, fig. 1",
2432, B-IV-m-B-20083, Monumentul funerar Rudolf Biscabon, municipiul BUCUREŞTI," Şos. Giurgiului 4 sector 4, Cimitirul Evanghelic",
2433,B-IV-m-B-20084 B-IV-m-B-20085,Monumentul funerar Fr. Broehm Monumentul funerar dr.,municipiul BUCUREŞTI municipiul BUCUREŞTI,"Şos. Giurgiului 4 sector 4, Cimitirul Evanghelic Şos. Giurgiului 4 sector 4, Cimitirul",
2435,B-IV-m-B-20086,Monumentul funerar S. Grefu,municipiul BUCUREŞTI,"Şos. Giurgiului 4 sector 4, Cimitirul Evanghelic",
2436,B-IV-m-B-20087,Monumentul funerar dr. Kaiser,municipiul BUCUREŞTI,"Şos. Giurgiului 4 sector 4, Cimitirul Evanghelic",
2437,B-IV-m-B-20088,Monumentul funerar al familiei F. Luther,municipiul BUCUREŞTI,"Şos. Giurgiului 4 sector 4, Cimitirul Evanghelic",
2438,B-IV-m-B-20089,Monumentul funerar al familiei Fr. Nirescher,municipiul BUCUREŞTI,"Şos. Giurgiului 4 sector 4, Cimitirul Evanghelic",
2439,B-IV-m-B-20090,Monumentul funerar M. Stoher,municipiul BUCUREŞTI,"Şos. Giurgiului 4 sector 4, Cimitirul Evanghelic",
2440,B-IV-m-B-20091,Monumentul funerar Karl Storck,municipiul BUCUREŞTI,"Şos. Giurgiului 4 sector 4, Cimitirul Evanghelic",
2441,B-IV-m-B-20092,Monumentul funerar pictor Fr. Şirato,municipiul BUCUREŞTI,"Şos. Giurgiului 4 sector 4, Cimitirul Evanghelic",
2442, B-IV-m-B-20093, Monumentul funerar Traugot Witting, municipiul BUCUREŞTI," Şos. Giurgiului 4 sector 4, Cimitirul Evanghelic",
2443, B-IV-m-B-20094, Mormântul lui C. Aristia, municipiul BUCUREŞTI," Calea Griviţei 202 sector 1, Cimitirul Sf. Vineri, fig. 11",
2444,B-IV-m-B-20095,Mormântul lui I. Brezeanu,municipiul BUCUREŞTI,"Calea Griviţei 202 sector 1, Cimitirul Sf. Vineri, fig. 5",
2445,B-IV-m-B-20096 B-IV-m-B-20097,Mormântul lui N. Leonard Mormântul lui Vl.,municipiul BUCUREŞTI municipiul BUCUREŞTI,"Calea Griviţei 202 sector 1, Cimitirul Sf. Vineri, fig. 10 Calea Griviţei 202 sector 1, Cimitirul Sf.",
2447,B-IV-m-B-20098,Mormântul lui C-tin Nottara,municipiul BUCUREŞTI,"Calea Griviţei 202 sector 1, Cimitirul Sf. Vineri, fig. 10",
2448,B-IV-m-B-20099,Mormântul Luciei Sturdza- Bulandra şi al lui Toni Bulandra,municipiul BUCUREŞTI,"Calea Griviţei 202 sector 1, Cimitirul Sf. Vineri, fig. 15",
2449, B-IV-m-B-20100, Mormântul Elenei Teodorini, municipiul BUCUREŞTI," Calea Griviţei 202 sector 1, Cimitirul Sf. Vineri, fig. 1",
2450,B-IV-m-B-20101,Mormântul lui George Vraca,municipiul BUCUREŞTI,"Calea Griviţei 202 sector 1, Cimitirul Sf. Vineri, fig. 10",
2451,B-IV-m-B-20102,Monumentul funerar al gen. E. Odobescu,municipiul BUCUREŞTI,"Str. Icoanei 12 sector 2, în curtea Bisericii Icoanei",
2452,B-IV-m-B-20103,Mormântul prof. dr. Victor Babeş,municipiul BUCUREŞTI,"Splaiul Independenţei 103 sector 5, în curtea Institutului Cantacuzino",
2453,B-IV-m-B-20104,Crucea lui Leon Vodă,municipiul BUCUREŞTI,"Str. Leon Vodă 3 sector 4, în curtea Bisericii Slobozia",1665
2454,B-IV-m-A-20105,Mormântul Ostaşului Necunoscut,municipiul BUCUREŞTI,"Piaţa Libertăţii f.n. sector 4, în Parcul",Carol
2455,B-IV-m-B-09094,"Statuia ""Agricultura""",municipiul BUCUREŞTI,Str. Logofătul Luca Stroici 18 sector 2,1898
2456,B-IV-m-B-20106,Piatra de mormânt a lui Anton Pann,municipiul BUCUREŞTI,"Str. Logofătul Udrişte 6-8 sector 3, în curtea Bisericii Lucaci",
2457, B-IV-m-B-20107 B-IV-m-B-20108, Mormântul poetului Tudor Arghezi Mormântul Dr. Iuliu, municipiul BUCUREŞTI municipiul BUCUREŞTI," Str. Mărţişor 26 sector 4 Bd. Mihalache Ion 87-89 sector 1, Cimitirul",
2459,B-IV-m-B-20109,Monumentul eroilor din 1916-1918,municipiul BUCUREŞTI,"Bd. Mihalache Ion 87-89 sector 1, Cimitirul Israelit Filantropia",
2460,B-IV-m-B-20110,Placă memorială - Conferinţa PCR 1932,municipiul BUCUREŞTI,Str. Mitropolitul Grigore 69 sector 4,
2461,B-IV-m-B-20111,Mormântul lui I. Heliade Rădulescu,municipiul BUCUREŞTI,"Str. Monetăriei 4 sector 1, în curtea Bisericii Mavrogheni",
2462,B-IV-m-B-20112,Cruce de piatră,municipiul BUCUREŞTI,"Şos. Pantelimon f.n. sector 2, intersecţia cu str. Chiristigii",1877
2463,B-IV-m-B-20113,Cruce în memoria eroilor sanitari căzuţi în primul război mondial,municipiul BUCUREŞTI,"Calea Plevnei 134 sector 6, în curtea Spitalului Militar",
2464,B-IV-m-B-20114,Monumentul funerar al Zoiţei Doamna,municipiul BUCUREŞTI,"Str. Sfinţii Apostoli 60 sector 5, în curtea Bisericii Domniţa Bălaşa",
2465,B-IV-m-B-20115,Monumentul funerar al Domniţei Bălaşa,municipiul BUCUREŞTI,"Str. Sfinţii Apostoli 60 sector 5, în curtea Bisericii Domniţa Bălaşa",
2466,B-IV-m-B-20116,Placă memorială - Tipografia PCR 1941-1944,municipiul BUCUREŞTI,Str. Şcoala Floreasca 34 sector 1,
2467,B-IV-a-B-20117,Cimitirul eroilor căzuţi în Revoluţia din Decembrie 1989,municipiul BUCUREŞTI,Calea Şerban Vodă 239-241 sector 4,
2468,B-IV-m-B-11248 B-IV-a-B-20118,"Mormântul generalului Ion Dragalina Ansamblul ""Cimitirul",municipiul BUCUREŞTI municipiul BUCUREŞTI,"Calea Şerban Vodă 239-241 sector 4, Cimitirul eroilor căzuţi în Revoluţia din Decembrie 1989 Calea Şerban Vodă 249 sector 4",1916 1859
2470,B-IV-m-B-20118.001,Mormântul lui Grigore Alexandrescu,municipiul BUCUREŞTI,"Calea Şerban Vodă 249 sector 4, Cimitirul Bellu, fig. 28",
2471,B-IV-m-B-20118.002,Monument funerar aviator Th. Alimănescu,municipiul BUCUREŞTI,"Calea Şerban Vodă 249 sector 4, Cimitirul Bellu, fig. 19",
2472,B-IV-m-B-20118.003,Mormântul lui Theodor Aman,municipiul BUCUREŞTI,"Calea Şerban Vodă 249 sector 4, Cimitirul Bellu, fig. 32",
2473,B-IV-m-B-20118.004,Monumentul funerar D. N. Amira,municipiul BUCUREŞTI,"Calea Şerban Vodă 249 sector 4, Cimitirul Bellu, fig. 79/12",
2474,B-IV-m-B-20118.005,Monumentul funerar George Angelescu,municipiul BUCUREŞTI,"Calea Şerban Vodă 249 sector 4, Cimitirul Bellu, fig. 40/53",
2475,B-IV-m-B-20118.006,Monumentul funerar George Assan,municipiul BUCUREŞTI,"Calea Şerban Vodă 249 sector 4, Cimitirul Bellu, fig. 63/48",
2476,B-IV-m-B-20118.007,Mormântul lui Jean Athanasiu,municipiul BUCUREŞTI,"Calea Şerban Vodă 249 sector 4, Cimitirul Bellu, fig. 115",
2477, B-IV-m-B-20118.008, Mormântul lui G. Bacovia, municipiul BUCUREŞTI," Calea Şerban Vodă 249 sector 4, Cimitirul Bellu, fig. 61",
2478, B-IV-m-B-20118.009, Mormântul lui Nic. Băltăţeanu, municipiul BUCUREŞTI," Calea Şerban Vodă 249 sector 4, Cimitirul Bellu, fig. 96",
2479,B-IV-m-B-20118.010,Mormântul lui Ion Barbu (Dan Barbilian),municipiul BUCUREŞTI,"Calea Şerban Vodă 249 sector 4, Cimitirul Bellu, fig. 114",
2480,B-IV-m-B-20118.011 B-IV-m-B-20118.012,Mormântul lui Gr. Vasiliu- Birlic Monumentul funerar,municipiul BUCUREŞTI municipiul BUCUREŞTI,"Calea Şerban Vodă 249 sector 4, Cimitirul Bellu, fig. 96 Calea Şerban Vodă 249 sector 4, Cimitirul",
2482,B-IV-m-B-20118.013,Mormântul prof. D. Brândză,municipiul BUCUREŞTI,"Calea Şerban Vodă 249 sector 4, Cimitirul Bellu, fig. 52",
2483,B-IV-m-B-20118.014,Mormântul lui Alexandru Brătescu Voineşti,municipiul BUCUREŞTI,"Calea Şerban Vodă 249 sector 4, Cimitirul Bellu, fig. 115",
2484,B-IV-m-A-20118.015,Mormântul lui I. L. Caragiale,municipiul BUCUREŞTI,"Calea Şerban Vodă 249 sector 4, Cimitirul Bellu, fig. 9",
2485,B-IV-m-B-20118.016,Mormântul lui Jules Cazaban,municipiul BUCUREŞTI,"Calea Şerban Vodă 249 sector 4, Cimitirul Bellu, fig. 96",
2486,B-IV-m-A-20118.017,Mormântul lui George Călinescu,municipiul BUCUREŞTI,"Calea Şerban Vodă 249 sector 4, Cimitirul Bellu, fig. 9",
2487,B-IV-m-B-20118.018,Mormântul lui Panait Cerna,municipiul BUCUREŞTI,"Calea Şerban Vodă 249 sector 4, Cimitirul Bellu, fig. 84",1913
2488,B-IV-m-B-20118.019,Monumentul funerar gen. Alex. Cernat,municipiul BUCUREŞTI,"Calea Şerban Vodă 249 sector 4, Cimitirul Bellu, fig. 54/7",post 1893
2489, B-IV-m-B-20118.020, Mormântul lui Ilarie Chendi, municipiul BUCUREŞTI," Calea Şerban Vodă 249 sector 4, Cimitirul Bellu, fig. 84", 1913
2490, B-IV-m-B-20118.021, Monumentul funerar Maria Cârlova, municipiul BUCUREŞTI," Calea Şerban Vodă 249 sector 4, Cimitirul Bellu, fig. 2/5",
2491,B-IV-m-B-20118.022,Mormântul lui Ştefan Ciubotăraşu,municipiul BUCUREŞTI,"Calea Şerban Vodă 249 sector 4, Cimitirul Bellu, fig. 96",
2492,B-IV-m-B-20118.023 B-IV-m-B-20118.024,Monumentul funerar Th. Coandă Mormântul Soniei Cluceru,municipiul BUCUREŞTI municipiul BUCUREŞTI,"Calea Şerban Vodă 249 sector 4, Cimitirul Bellu, fig. 29 Calea Şerban Vodă 249 sector 4, Cimitirul",
2494,B-IV-m-B-20118.025,Mormântul lui N. D. Cocea,municipiul BUCUREŞTI,"Calea Şerban Vodă 249 sector 4, Cimitirul Bellu, fig. 114",
2495,B-IV-m-B-20118.026,Mormântul compozitorului Alfred Alessandrescu,municipiul BUCUREŞTI,"Calea Şerban Vodă 249 sector 4, Cimitirul Bellu, fig. 44 bis",
2496, B-IV-m-B-20118.027, Mormântul compozitorului Gheorghe Breazu, municipiul BUCUREŞTI," Calea Şerban Vodă 249 sector 4, Cimitirul Bellu, fig. 44 bis",
2497,B-IV-m-B-20118.028,Mormântul compozitorului Alfons Castaldi,municipiul BUCUREŞTI,"Calea Şerban Vodă 249 sector 4, Cimitirul Bellu, fig. 44 bis",
2498,B-IV-m-B-20118.029,Mormântul compozitorului Dumitru Chiriac,municipiul BUCUREŞTI,"Calea Şerban Vodă 249 sector 4, Cimitirul Bellu, fig. 44 bis",
2499,B-IV-m-B-20118.030,Mormântul compozitorului Paul Constantinescu,municipiul BUCUREŞTI,"Calea Şerban Vodă 249 sector 4, Cimitirul Bellu, fig. 44 bis",
2500,B-IV-m-B-20118.031,Mormântul compozitorului Gheorghe Cucu,municipiul BUCUREŞTI,"Calea Şerban Vodă 249 sector 4, Cimitirul Bellu, fig. 44 bis",
2501, B-IV-m-B-20118.032 B-IV-m-B-20118.033, Mormântul compozitorului Gheorghe Danga Mormântul, municipiul BUCUREŞTI municipiul BUCUREŞTI," Calea Şerban Vodă 249 sector 4, Cimitirul Bellu, fig. 44 bis Calea Şerban Vodă 249 sector 4, Cimitirul",
2503,B-IV-m-B-20118.034,Mormântul compozitorului Th. Fucs,municipiul BUCUREŞTI,"Calea Şerban Vodă 249 sector 4, Cimitirul Bellu, fig. 44 bis",
2504, B-IV-m-A-20118.035, Mormântul lui George Coşbuc, municipiul BUCUREŞTI," Calea Şerban Vodă 249 sector 4, Cimitirul Bellu, fig. 9", 1918
2505, B-IV-m-B-20118.036, Mormântul lui Gh. Creţeanu, municipiul BUCUREŞTI," Calea Şerban Vodă 249 sector 4, Cimitirul Bellu, fig. 10 bis",
2506,B-IV-m-B-20118.037,Monumentul funerar Ion Dalles,municipiul BUCUREŞTI,"Calea Şerban Vodă 249 sector 4, Cimitirul Bellu, fig. 9 bis/8",
2507,B-IV-m-B-20118.038,Mormântul Haricleei Darclée şi Ion Hartulari Darclée,municipiul BUCUREŞTI,"Calea Şerban Vodă 249 sector 4, Cimitirul Bellu, fig. 4",
2508, B-IV-m-B-20118.039, Mormântul lui Aristide Demetriad, municipiul BUCUREŞTI," Calea Şerban Vodă 249 sector 4, Cimitirul Bellu, fig. 16", 1930
2509,B-IV-m-B-20118.040,Mormântul lui Ovid Densuşianu,municipiul BUCUREŞTI,"Calea Şerban Vodă 249 sector 4, Cimitirul Bellu, fig. 52",
2510,B-IV-m-B-20118.041,Mormântul lui Dim. Dinicu,municipiul BUCUREŞTI,"Calea Şerban Vodă 249 sector 4, Cimitirul Bellu, fig. 2 bis",
2511,B-IV-m-B-20118.042,Monumentul funerar al fam. Don,municipiul BUCUREŞTI,"Calea Şerban Vodă 249 sector 4, Cimitirul Bellu, fig. 22/8",1880
2512,B-IV-m-B-20118.043,Monumentul funerar Alex. Constantinescu Burduc,municipiul BUCUREŞTI,"Calea Şerban Vodă 249 sector 4, Cimitirul Bellu, fig. 34/9",
2513,B-IV-m-B-20118.044 B-IV-m-B-20118.045,Monumentul funerar Victor Eftimiu şi A. Macri Monumentul funerar Eliad,municipiul BUCUREŞTI municipiul BUCUREŞTI,"Calea Şerban Vodă 249 sector 4, Cimitirul Bellu, fig. 34 bis Calea Şerban Vodă 249 sector 4, Cimitirul", post 1927
2515,B-IV-m-A-20118.046,Mormântul lui Mihai Eminescu,municipiul BUCUREŞTI,"Calea Şerban Vodă 249 sector 4, Cimitirul Bellu, fig. 9",1889
2516,B-IV-m-B-20118.047,Monumentul funerar C-tin Esarcu,municipiul BUCUREŞTI,"Calea Şerban Vodă 249 sector 4, Cimitirul Bellu, fig. 40/35",post 1898
2517,B-IV-m-B-20118.048,Monumentul funerar Alexandrina Fălcoianu,municipiul BUCUREŞTI,"Calea Şerban Vodă 249 sector 4, Cimitirul Bellu, fig. 5",1875 - 1876
2518,B-IV-m-B-20118.049,Mormântul Mariei Filotti,municipiul BUCUREŞTI,"Calea Şerban Vodă 249 sector 4, Cimitirul Bellu, fig. 96",
2519,B-IV-m-B-20118.050,Mormântul lui Alex. Flechtenmacher,municipiul BUCUREŞTI,"Calea Şerban Vodă 249 sector 4, Cimitirul Bellu, fig. 50",1897
2520,B-IV-m-B-20118.051,Monumentul funerar Alex. Gh. Florescu,municipiul BUCUREŞTI,"Calea Şerban Vodă 249 sector 4, Cimitirul Bellu, fig. 99/10, 11",
2521,B-IV-m-B-20118.052,Mormântul lui G. Folescu,municipiul BUCUREŞTI,"Calea Şerban Vodă 249 sector 4, Cimitirul Bellu, fig. 11 bis",
2522, B-IV-m-B-20118.053, Mormântul lui G. Georgescu, municipiul BUCUREŞTI," Calea Şerban Vodă 249 sector 4, Cimitirul Bellu, fig. 3",
2523, B-IV-m-B-20118.054, Mormântul lui I. Georgescu, municipiul BUCUREŞTI," Calea Şerban Vodă 249 sector 4, Cimitirul Bellu, fig. 15", 1898
2524,B-IV-m-B-20118.055,Monumentul funerar Avram Gheorghiu,municipiul BUCUREŞTI,"Calea Şerban Vodă 249 sector 4, Cimitirul Bellu, fig. 18",
2525,B-IV-m-B-20118.056 B-IV-m-B-20118.057,Monumentul funerar Gh. Adam Ghermani Mormântul lui Emil,municipiul BUCUREŞTI municipiul BUCUREŞTI,"Calea Şerban Vodă 249 sector 4, Cimitirul Bellu, fig. 15/12 Calea Şerban Vodă 249 sector 4, Cimitirul", 1914
2527,B-IV-m-B-20118.058,Monumentul funerar Em. Gugiu,municipiul BUCUREŞTI,"Calea Şerban Vodă 249 sector 4, Cimitirul Bellu, fig. 11",
2528,B-IV-m-B-20118.059,Mormântul lui Dimitrie Gusti,municipiul BUCUREŞTI,"Calea Şerban Vodă 249 sector 4, Cimitirul Bellu, fig. 75",
2529,B-IV-m-B-20118.060,Mormântul lui Spiru Haret,municipiul BUCUREŞTI,"Calea Şerban Vodă 249 sector 4, Cimitirul Bellu, fig. 75",1912
2530,B-IV-m-B-20118.061,Monumentul funerar Iulia Haşdeu,municipiul BUCUREŞTI,"Calea Şerban Vodă 249 sector 4, Cimitirul Bellu, fig. 25/22",
2531,B-IV-m-B-20118.062,Monumentul funerar prof. dr. N. Hortolomei,municipiul BUCUREŞTI,"Calea Şerban Vodă 249 sector 4, Cimitirul Bellu, fig. 102",
2532,B-IV-m-B-20118.063,Monumentul funerar aviator Dumitru Hubert,municipiul BUCUREŞTI,"Calea Şerban Vodă 249 sector 4, Cimitirul Bellu, fig. 2",
2533,B-IV-m-B-20118.064,Monumentul funerar Georgică Gh. Iliescu,municipiul BUCUREŞTI,"Calea Şerban Vodă 249 sector 4, Cimitirul Bellu, fig. 8 bis /2",
2534, B-IV-m-B-20118.065, Monumentul funerar Alex. I. Ionescu, municipiul BUCUREŞTI," Calea Şerban Vodă 249 sector 4, Cimitirul Bellu, fig. 4/26",
2535, B-IV-m-B-20118.066, Monumentul funerar M. Ionescu-Călinescu, municipiul BUCUREŞTI," Calea Şerban Vodă 249 sector 4, Cimitirul Bellu, fig. 6/22",
2536,B-IV-m-B-20118.067,Monumentul funerar George Ionescu-Gion,municipiul BUCUREŞTI,"Calea Şerban Vodă 249 sector 4, Cimitirul Bellu, fig. 17/25",post 1904
2537,B-IV-m-A-20118.068 B-IV-m-B-20118.069,Mormântul lui Nicolae Iorga Mormântul lui Şt. O. Iosif,municipiul BUCUREŞTI municipiul BUCUREŞTI,"Calea Şerban Vodă 249 sector 4, Cimitirul Bellu, fig. 39 Calea Şerban Vodă 249 sector 4, Cimitirul", 1913
2539,B-IV-m-B-20118.070,Mormântul lui Petre Ispirescu,municipiul BUCUREŞTI,"Calea Şerban Vodă 249 sector 4, Cimitirul Bellu, fig. 17",1887
2540,B-IV-m-B-20118.071,Monumentul funerar dr. Constantin Istrati,municipiul BUCUREŞTI,"Calea Şerban Vodă 249 sector 4, Cimitirul Bellu, fig. 73/20",post 1918
2541,B-IV-m-B-20118.072,Monumentul funerar Panait Istrati,municipiul BUCUREŞTI,"Calea Şerban Vodă 249 sector 4, Cimitirul Bellu, fig. 37",post 1935
2542,B-IV-m-B-20118.073,Monumentul funerar Alex. Izvoranu,municipiul BUCUREŞTI,"Calea Şerban Vodă 249 sector 4, Cimitirul Bellu, fig. 24",
2543,B-IV-m-B-20118.074,Monumentul funerar Luiza Şerban-Jianu,municipiul BUCUREŞTI,"Calea Şerban Vodă 249 sector 4, Cimitirul Bellu, fig. 8/9",
2544,B-IV-m-B-20118.075,Monumentul funerar Zerliva Jianu,municipiul BUCUREŞTI,"Calea Şerban Vodă 249 sector 4, Cimitirul Bellu, fig. 3/18",
2545,B-IV-m-B-20118.076,Monumentul funerar dr. D. Kiriazi,municipiul BUCUREŞTI,"Calea Şerban Vodă 249 sector 4, Cimitirul Bellu, fig. 32",
2546, B-IV-m-B-20118.077, Monumentul funerar al familiei Kretzulescu, municipiul BUCUREŞTI," Calea Şerban Vodă 249 sector 4, Cimitirul Bellu, fig. 7/38",
2547, B-IV-m-B-20118.078, Monumentul funerar Aug. Treboniu Laurian, municipiul BUCUREŞTI," Calea Şerban Vodă 249 sector 4, Cimitirul Bellu, fig. 40", post 1881
2548,B-IV-m-B-20118.079,Monumentul funerar al pict. O. Lecca şi al soţiei sale,municipiul BUCUREŞTI,"Calea Şerban Vodă 249 sector 4, Cimitirul Bellu, fig. 7/37",
2549, B-IV-m-B-20118.080 B-IV-m-B-20118.081, Monumentul funerar Şt. şi Maria Lespezeanu Monumentul funerar, municipiul BUCUREŞTI municipiul BUCUREŞTI," Calea Şerban Vodă 249 sector 4, Cimitirul Bellu, fig. 23/21 Calea Şerban Vodă 249 sector 4, Cimitirul", post 1912
2551,B-IV-m-B-20118.082,Mormântul poetului Nicolae Labiş,municipiul BUCUREŞTI,"Calea Şerban Vodă 249 sector 4, Cimitirul Bellu, fig. 114",
2552,B-IV-m-B-20118.083,Mormântul lui Alexandru Macedonski,municipiul BUCUREŞTI,"Calea Şerban Vodă 249 sector 4, Cimitirul Bellu, fig. 6",1920
2553,B-IV-m-B-20118.084,Monumentul funerar Gheorghe Magheru,municipiul BUCUREŞTI,"Calea Şerban Vodă 249 sector 4, Cimitirul Bellu, fig. 33",
2554,B-IV-m-A-20118.085,Mormântul lui Titu Maiorescu,municipiul BUCUREŞTI,"Calea Şerban Vodă 249 sector 4, Cimitirul Bellu, fig. 16",1917
2555,B-IV-m-B-20118.086,Monumentul funerar Vasile şi Adrian Maniu,municipiul BUCUREŞTI,"Calea Şerban Vodă 249 sector 4, Cimitirul Bellu, fig. 17/19",
2556,B-IV-m-B-20118.087,Mormântul lui I. Manolescu,municipiul BUCUREŞTI,"Calea Şerban Vodă 249 sector 4, Cimitirul Bellu, fig. 96",
2557,B-IV-m-B-20118.088,Monumentul funerar I. Manole Manolescu,municipiul BUCUREŞTI,"Calea Şerban Vodă 249 sector 4, Cimitirul Bellu, fig. 11/48",
2558, B-IV-m-B-20118.089, Monumentul funerar pictor Dim. Marinescu, municipiul BUCUREŞTI," Calea Şerban Vodă 249 sector 4, Cimitirul Bellu, fig. 78/57",
2559, B-IV-m-B-20118.090, Monumentul funerar dr. Gh. Marinescu, municipiul BUCUREŞTI," Calea Şerban Vodă 249 sector 4, Cimitirul Bellu, fig. 96/9",
2560,B-IV-m-B-20118.091,Monumentul funerar Grig. Mărculescu,municipiul BUCUREŞTI,"Calea Şerban Vodă 249 sector 4, Cimitirul Bellu, fig. 45",
2561,B-IV-m-B-20118.092 B-IV-m-B-20118.093,Mormântul lui Cornel Medrea Monumentul funerar,municipiul BUCUREŞTI municipiul BUCUREŞTI,"Calea Şerban Vodă 249 sector 4, Cimitirul Bellu, fig. 114 Calea Şerban Vodă 249 sector 4, Cimitirul", post 1927
2563,B-IV-m-B-20118.094,Mormântul lui Matei Millo,municipiul BUCUREŞTI,"Calea Şerban Vodă 249 sector 4, Cimitirul Bellu, fig. 28",
2564,B-IV-m-A-20118.095,Mormântul lui Ion Mincu,municipiul BUCUREŞTI,"Calea Şerban Vodă 249 sector 4, Cimitirul Bellu, fig. 81",1912
2565,B-IV-m-B-20118.096,Mormântul lui Ion Minulescu şi Claudiei Millian,municipiul BUCUREŞTI,"Calea Şerban Vodă 249 sector 4, Cimitirul Bellu, fig. 115",
2566,B-IV-m-B-20118.097,Monumentul funerar Ion Mirescu,municipiul BUCUREŞTI,"Calea Şerban Vodă 249 sector 4, Cimitirul Bellu, fig. 2/12",
2567,B-IV-m-B-20118.098,Monumentul funerar Mărioara Motaş,municipiul BUCUREŞTI,"Calea Şerban Vodă 249 sector 4, Cimitirul Bellu, fig. 73",
2568,B-IV-m-B-20118.099,Mormântul lui Th. Neculuţă,municipiul BUCUREŞTI,"Calea Şerban Vodă 249 sector 4, Cimitirul Bellu, fig. 114",
2569,B-IV-m-B-20118.100,Monumentul funerar Radu Negulici,municipiul BUCUREŞTI,"Calea Şerban Vodă 249 sector 4, Cimitirul Bellu, fig. 48",
2570,B-IV-m-B-20118.101,Mormântul lui Tr. Negrescu,municipiul BUCUREŞTI,"Calea Şerban Vodă 249 sector 4, Cimitirul Bellu, fig. 114",
2571,B-IV-m-B-20118.102,Monumentul funerar al familiei Nicolescu,municipiul BUCUREŞTI,"Calea Şerban Vodă 249 sector 4, Cimitirul Bellu, fig. 32/10, 11",
2572,B-IV-m-B-20118.103,Monumentul funerar N. Nicolescu,municipiul BUCUREŞTI,"Calea Şerban Vodă 249 sector 4, Cimitirul Bellu, fig. 27/39",
2573, B-IV-m-B-20118.104 B-IV-m-B-20118.105, Monumentul funerar acad. prof. ing. Gh. Nicolau Monumentul funerar, municipiul BUCUREŞTI municipiul BUCUREŞTI," Calea Şerban Vodă 249 sector 4, Cimitirul Bellu, fig. 96 Calea Şerban Vodă 249 sector 4, Cimitirul",
2575,B-IV-m-B-20118.106,Monumentul funerar Maria I. Niculcea,municipiul BUCUREŞTI,"Calea Şerban Vodă 249 sector 4, Cimitirul Bellu, fig. 11/25",
2576,B-IV-m-B-20118.107,Mormântul lui G. Niculescu-Basu,municipiul BUCUREŞTI,"Calea Şerban Vodă 249 sector 4, Cimitirul Bellu, fig. 124/27",
2577,B-IV-m-B-20118.108,Monumentul funerar Luca P. Niculescu,municipiul BUCUREŞTI,"Calea Şerban Vodă 249 sector 4, Cimitirul Bellu, fig. 27/23",
2578,B-IV-m-B-20118.109,Monumentul funerar dr. Constantin Niţescu,municipiul BUCUREŞTI,"Calea Şerban Vodă 249 sector 4, Cimitirul Bellu, fig. 45/32",
2579,B-IV-m-B-20118.110,Mormântul lui Alexandru Odobescu,municipiul BUCUREŞTI,"Calea Şerban Vodă 249 sector 4, Cimitirul Bellu, fig. 61",
2580,B-IV-m-B-20118.111,Monumentul funerar Margareta Oprescu,municipiul BUCUREŞTI,"Calea Şerban Vodă 249 sector 4, Cimitirul Bellu, fig. 112",
2581,B-IV-m-A-20118.112,Mormântul lui Dimitrie Paciurea,municipiul BUCUREŞTI,"Calea Şerban Vodă 249 sector 4, Cimitirul Bellu, fig. 96",
2582, B-IV-m-B-20118.113, Mormântul lui Mihail Pascaly, municipiul BUCUREŞTI," Calea Şerban Vodă 249 sector 4, Cimitirul Bellu, fig. 26",
2583, B-IV-m-B-20118.114, Monumentul funerar Ekaterina Pascal, municipiul BUCUREŞTI," Calea Şerban Vodă 249 sector 4, Cimitirul Bellu, fig. 5",
2584,B-IV-m-B-20118.115,Mormântul prof. univ. P. P. Panaitescu,municipiul BUCUREŞTI,"Calea Şerban Vodă 249 sector 4, Cimitirul Bellu, fig. 115",
2585,B-IV-m-B-20118.116 B-IV-m-B-20118.117,Monumentul funerar Cincinat Pavelescu Monumentul funerar prof.,municipiul BUCUREŞTI municipiul BUCUREŞTI,"Calea Şerban Vodă 249 sector 4, Cimitirul Bellu, fig. 23/59 Calea Şerban Vodă 249 sector 4, Cimitirul",post 1934
2587,B-IV-m-B-20118.118,Monumentul funerar Eugen Petrini-Galaţi,municipiul BUCUREŞTI,"Calea Şerban Vodă 249 sector 4, Cimitirul Bellu, fig. 4/31",
2588,B-IV-m-B-20118.119,Mormântul lui Alex. Petrescu,municipiul BUCUREŞTI,"Calea Şerban Vodă 249 sector 4, Cimitirul Bellu, fig. 26",
2589,B-IV-m-B-20118.120,Mormântul lui Camil Petrescu,municipiul BUCUREŞTI,"Calea Şerban Vodă 249 sector 4, Cimitirul Bellu, fig. 1",
2590,B-IV-m-B-20118.121,Mormântul lui Cezar Petrescu,municipiul BUCUREŞTI,"Calea Şerban Vodă 249 sector 4, Cimitirul Bellu, fig. 3",
2591,B-IV-m-A-20118.122,Mormântul pictorului Ion Andreescu,municipiul BUCUREŞTI,"Calea Şerban Vodă 249 sector 4, Cimitirul Bellu, fig. 23",
2592,B-IV-m-A-20118.123,Mormântul pictorului Ştefan Luchian,municipiul BUCUREŞTI,"Calea Şerban Vodă 249 sector 4, Cimitirul Bellu, fig. 23",
2593,B-IV-m-A-20118.124,Mormântul pictorului Theodor Pallady,municipiul BUCUREŞTI,"Calea Şerban Vodă 249 sector 4, Cimitirul Bellu, fig. 23",
2594, B-IV-m-A-20118.125, Mormântul pictorului Gheorghe Petraşcu, municipiul BUCUREŞTI," Calea Şerban Vodă 249 sector 4, Cimitirul Bellu, fig. 23",
2595, B-IV-m-A-20118.126, Mormântul lui Vasile Pârvan, municipiul BUCUREŞTI," Calea Şerban Vodă 249 sector 4, Cimitirul Bellu, fig. 101", 1927
2596,B-IV-m-B-20118.127,Monumentul funerar V. şi Z. Polizu-Micşuneşti,municipiul BUCUREŞTI,"Calea Şerban Vodă 249 sector 4, Cimitirul Bellu, fig. 7/20",
2597,B-IV-m-B-20118.128 B-IV-m-B-20118.129,Mormântul lui Marin Preda Mormântul lui V. I. Popa,municipiul BUCUREŞTI municipiul BUCUREŞTI,"Calea Şerban Vodă 249 sector 4, Cimitirul Bellu, fig. 9 Calea Şerban Vodă 249 sector 4, Cimitirul",
2599,B-IV-m-B-20118.130,Mormântul lui Şt. Popescu,municipiul BUCUREŞTI,"Calea Şerban Vodă 249 sector 4, Cimitirul Bellu, fig. 91 bis",
2600,B-IV-m-B-20118.131,Monumentul funerar Maria Th. Popovici,municipiul BUCUREŞTI,"Calea Şerban Vodă 249 sector 4, Cimitirul Bellu, fig. 6/8",
2601,B-IV-m-B-20118.132,Monumentul funerar al Eufrosinei Bolintineanu,municipiul BUCUREŞTI,"Calea Şerban Vodă 249 sector 4, Cimitirul Bellu, fig. 12 bis",
2602,B-IV-m-B-20118.133,Monumentul funerar gen. D. Praporgescu,municipiul BUCUREŞTI,"Calea Şerban Vodă 249 sector 4, Cimitirul Bellu, fig. 1 bis",
2603,B-IV-m-B-20118.134,Monument funerar al fam. Prodanof,municipiul BUCUREŞTI,"Calea Şerban Vodă 249 sector 4, Cimitirul Bellu, fig. 72 bis",
2604,B-IV-m-B-20118.135,Monumentul funerar N. Pache Protopopescu,municipiul BUCUREŞTI,"Calea Şerban Vodă 249 sector 4, Cimitirul Bellu, fig. 21 bis",post 1893
2605,B-IV-m-B-20118.136,Mormântul lui I. Ralea,municipiul BUCUREŞTI,"Calea Şerban Vodă 249 sector 4, Cimitirul Bellu, fig. 9",
2606, B-IV-m-B-20118.137, Monumentul funerar gen. M. Rasty, municipiul BUCUREŞTI," Calea Şerban Vodă 249 sector 4, Cimitirul Bellu, fig. 48",
2607, B-IV-m-B-20118.138, Monumentul funerar C. F. Robescu, municipiul BUCUREŞTI," Calea Şerban Vodă 249 sector 4, Cimitirul Bellu, fig. 7",
2608,B-IV-m-A-20118.139,Monumentul funerar Liviu Rebreanu,municipiul BUCUREŞTI,"Calea Şerban Vodă 249 sector 4, Cimitirul Bellu, fig. 8",
2609,B-IV-m-B-20118.140 B-IV-m-B-20118.141,Mormântul pictorului Camil Ressu Mormântul lui Elie Radu,municipiul BUCUREŞTI municipiul BUCUREŞTI,"Calea Şerban Vodă 249 sector 4, Cimitirul Bellu, fig. 114 Calea Şerban Vodă 249 sector 4, Cimitirul", 1931
2611,B-IV-m-A-20118.142,Monumentul funerar C. A. Rosetti şi Eliza Rosetti,municipiul BUCUREŞTI,"Calea Şerban Vodă 249 sector 4, Cimitirul Bellu, fig. 30-31",1885 - 1894
2612,B-IV-m-A-20118.143,Mormântul lui Mihail Sadoveanu,municipiul BUCUREŞTI,"Calea Şerban Vodă 249 sector 4, Cimitirul Bellu, fig. 9",
2613,B-IV-m-B-20118.144,Mormântul lui Tr. Săvulescu,municipiul BUCUREŞTI,"Calea Şerban Vodă 249 sector 4, Cimitirul Bellu, fig. 9",
2614,B-IV-m-B-20118.145,Monumentul funerar Mih. Sceopol și D. Davidescu,municipiul BUCUREŞTI,"Calea Şerban Vodă 249 sector 4, Cimitirul Bellu, fig. 11/23",
2615,B-IV-m-B-20118.146,Monumentul funerar pictor Petre Serafim,municipiul BUCUREŞTI,"Calea Şerban Vodă 249 sector 4, Cimitirul Bellu, fig. 74/25",
2616,B-IV-m-B-20118.147,Monumentul funerar Gr. Serurie,municipiul BUCUREŞTI,"Calea Şerban Vodă 249 sector 4, Cimitirul Bellu, fig. 26/21",
2617,B-IV-m-B-20118.148,Mormântul lui Gh. Severeanu,municipiul BUCUREŞTI,"Calea Şerban Vodă 249 sector 4, Cimitirul Bellu, fig. 1",
2618, B-IV-m-B-20118.149, Mormântul lui Anastase Simu, municipiul BUCUREŞTI," Calea Şerban Vodă 249 sector 4, Cimitirul Bellu, fig. 61",
2619, B-IV-m-B-20118.150, Mormântul lui Gh. Stephănescu, municipiul BUCUREŞTI," Calea Şerban Vodă 249 sector 4, Cimitirul Bellu, fig. 1",
2620,B-IV-m-A-20118.151,Monumentul funerar al fam. Stolojan,municipiul BUCUREŞTI,"Calea Şerban Vodă 249 sector 4, Cimitirul Bellu, fig. 55/17",
2621,B-IV-m-B-20118.152 B-IV-m-B-20118.153,Mormântul lui Zaharia Stancu Monumentul funerar al,municipiul BUCUREŞTI municipiul BUCUREŞTI,"Calea Şerban Vodă 249 sector 4, Cimitirul Bellu, fig. 9 Calea Şerban Vodă 249 sector 4, Cimitirul",
2623,B-IV-m-B-20118.154,Monumentul funerar Maria Stăncescu,municipiul BUCUREŞTI,"Calea Şerban Vodă 249 sector 4, Cimitirul Bellu, fig. 21/36",
2624,B-IV-m-B-20118.155,Monumentul funerar Paul Străjescu,municipiul BUCUREŞTI,"Calea Şerban Vodă 249 sector 4, Cimitirul Bellu, fig. 101/58",
2625,B-IV-m-B-20118.156,Mormântul lui Constantin Tănase,municipiul BUCUREŞTI,"Calea Şerban Vodă 249 sector 4, Cimitirul Bellu, fig. 15",
2626,B-IV-m-B-20118.157,Mormântul Mariei Tănase,municipiul BUCUREŞTI,"Calea Şerban Vodă 249 sector 4, Cimitirul Bellu, fig. 96",
2627,B-IV-m-B-20118.158,Mormântul lui Gheorghe Tattarescu,municipiul BUCUREŞTI,"Calea Şerban Vodă 249 sector 4, Cimitirul Bellu, fig. 13",
2628,B-IV-m-B-20118.159,Monumentul funerar al pictorului Theodorescu Sion,municipiul BUCUREŞTI,"Calea Şerban Vodă 249 sector 4, Cimitirul Bellu, fig. 116",
2629,B-IV-m-B-20118.160,Mormântul lui Gr. Tocilescu,municipiul BUCUREŞTI,"Calea Şerban Vodă 249 sector 4, Cimitirul Bellu, fig. 29",
2630,B-IV-m-B-20118.161,Monumentul funerar Mihai Vasilescu,municipiul BUCUREŞTI,"Calea Şerban Vodă 249 sector 4, Cimitirul Bellu, fig. 43",
2631,B-IV-m-B-20118.162,Mormintele lui Ienăchiţă şi Iancu Văcărescu,municipiul BUCUREŞTI,"Calea Şerban Vodă 249 sector 4, Cimitirul Bellu, fig. 17",
2632,B-IV-m-B-20118.163,Mormântul lui Nicolae Vermont,municipiul BUCUREŞTI,"Calea Şerban Vodă 249 sector 4, Cimitirul Bellu, fig. 46",
2633, B-IV-m-B-20118.164 B-IV-m-B-20118.165, Monumentul funerar Gh. Vernescu Mormântul lui Tudor, municipiul BUCUREŞTI municipiul BUCUREŞTI," Calea Şerban Vodă 249 sector 4, Cimitirul Bellu, fig. 31 bis Calea Şerban Vodă 249 sector 4, Cimitirul", 1910 - 1920
2635,B-IV-m-B-20118.166,Monumentul funerar Gen. Vivescu,municipiul BUCUREŞTI,"Calea Şerban Vodă 249 sector 4, Cimitirul Bellu, fig. 56",
2636,B-IV-m-B-20118.167,Mormântul lui Alexandru Vlahuţă,municipiul BUCUREŞTI,"Calea Şerban Vodă 249 sector 4, Cimitirul Bellu, fig. 71",
2637,B-IV-m-B-20118.168,Mormântul lui Aurel Vlaicu,municipiul BUCUREŞTI,"Calea Şerban Vodă 249 sector 4, Cimitirul Bellu Militar, fig. 1",
2638,B-IV-m-B-20118.169,Monumentul funerar Elisabeta Vlădeanu,municipiul BUCUREŞTI,"Calea Şerban Vodă 249 sector 4, Cimitirul Bellu, fig. 51",
2639,B-IV-m-B-20118.170,Monumentul funerar Alex. Vlădescu,municipiul BUCUREŞTI,"Calea Şerban Vodă 249 sector 4, Cimitirul Bellu, fig. 6/10",
2640,B-IV-m-B-20118.171,Monumentul funerar Dr. Vasile Vlădescu,municipiul BUCUREŞTI,"Calea Şerban Vodă 249 sector 4, Cimitirul Bellu, fig. 6/11",
2641,B-IV-m-B-20118.172,Mormântul lui Traian Vuia,municipiul BUCUREŞTI,"Calea Şerban Vodă 249 sector 4, Cimitirul Bellu, fig. 83",
2642, B-IV-m-B-20118.173, Monumentul funerar al fam. P. Tarpo, municipiul BUCUREŞTI," Calea Şerban Vodă 249 sector 4, Cimitirul Bellu, fig. 37 bis/1-2",
2643, B-IV-m-A-20118.174, Mormântul lui Alexandru D. Xenopol, municipiul BUCUREŞTI," Calea Şerban Vodă 249 sector 4, Cimitirul Bellu, fig. 43 bis", 1920
2644,B-IV-m-A-20118.175,Cavoul familiei Gheorghe Grigore Cantacuzino,municipiul BUCUREŞTI,"Calea Şerban Vodă 249 sector 4, Cimitirul Bellu, fig. 40",
2645,B-IV-m-A-20118.176 B-IV-m-A-20118.177,Cavoul familiei Ghica Cavoul Gheorghieff,municipiul BUCUREŞTI municipiul BUCUREŞTI,"Calea Şerban Vodă 249 sector 4, Cimitirul Bellu, fig. 40 Calea Şerban Vodă 249 sector 4, Cimitirul",
2647,B-IV-m-A-20118.178,Cavoul Linche de Moissac,municipiul BUCUREŞTI,"Calea Şerban Vodă 249 sector 4, Cimitirul Bellu, fig. 21",
2648,B-IV-m-B-20118.179,Capela funerară Iacob N. Lahovary,municipiul BUCUREȘTI,"Calea Șerban Vodă 249 sector 4, Cimitirul Bellu",1905
2649,B-IV-m-B-20119,Cruce de piatră,municipiul BUCUREŞTI,"Str. Ţepeş Vodă f.n. sector 3, la intersecţia cu str. Cireşului",1852
2650,B-IV-m-B-20120,Cruce de piatră,municipiul BUCUREŞTI,"Str. Ţepeş Vodă 62-64 sector 3, în dreptul caselor de la nr. 62-64",înc. sec. XVIII
2651,B-IV-m-B-20955,Conacul Golescu-Grant,municipiul BUCUREŞTI,Str. Ţibleş 64 sector 6,sec. XIX - XX
