Nr. crt.,Cod LMI,Denumire,Localitate,Adresă,Datare
1,BZ-I-s-B-02189,Situl arheologic din parcul Crâng,municipiul BUZĂU,"""Parcul Crâng”",
2,BZ-I-m-B-02189.01,Aşezare,municipiul BUZĂU,"""Parcul Crâng”, 0,4 km SV de castelul de apă","sec. VI - VII, Epoca medievală timpurie, Cultura Ipoteşti - Cândeşti"
3,BZ-I-m-B-02189.02,Necropolă,municipiul BUZĂU,"""Parcul Crâng”, între sere şi Obelisc","mil. III - II, Epoca bronzului mijlociu, Cultura Monteoru"
4,BZ-I-m-B-02189.03,Aşezare,municipiul BUZĂU,"""Parcul Crâng”, zona sere Obelisc,spre poarta mare a Crângului","mil. IV, Eneolitic, Cultura Gumelniţa"
5,BZ-I-s-B-02190,Situl arheologic de la Buzău,municipiul BUZĂU,"Buzău E, la 2 km de staţia Buzău Sud",
6,BZ-I-m-B-02190.01,Aşezare,municipiul BUZĂU,"Buzău E, la 2 km de staţia Buzău Sud","sec. XVII - XVIII, Cultura Sântana de Mureş - Cerneahov"
7,BZ-I-m-B-02190.02,Necropolă,municipiul BUZĂU,"Buzău E, la 2 km de staţia Buzău Sud",sec. XVII - XVIII
8,BZ-I-m-B-02190.03,Aşezare,municipiul BUZĂU,"La cca 1 km SE de Cimitirul evreiesc, spre Pădurea Frasinu; cca 2 km S de staţia Buzău Sud","sec. IV - V p. Chr., Epoca migraţiilor târzie"
9,BZ-I-s-B-02191,"Situl arheologic de la Buzău, punct ""Dispensar""",municipiul BUZĂU,"Str. Bucegi, în zona Dispensarului nr. 3, până în incinta Centrului Militar şi a Liceului de Arte",
10,BZ-I-m-B-02191.01,Aşezare,municipiul BUZĂU,"Str. Bucegi, în zona Dispensarului nr. 3, până în incinta Centrului Militar şi a Liceului de Arte",sec. XVI - XVIII
11,BZ-I-m-B-02191.02,Necropolă,municipiul BUZĂU,"Str. Bucegi, în zona Dispensarului nr. 3, până în incinta Centrului Militar şi a Liceului de Arte",sec. XVI - XVIII
12,BZ-I-m-B-02191.03,Aşezare,municipiul BUZĂU,"Str. Bucegi, în zona Dispensarului nr. 3, până în incinta Centrului Militar şi a Liceului de Arte","sec. IV p. Chr., Epoca migraţiilor"
13,BZ-I-m-B-02191.04,Necropolă,municipiul BUZĂU,"Str. Bucegi, în zona Dispensarului nr. 3, până în incinta Centrului Militar şi a Liceului de Arte","sec. IV p. Chr., Epoca migraţiilor"
14,BZ-I-m-B-02191.05,Aşezare,municipiul BUZĂU,"Str. Bucegi, în zona Dispensarului nr.3 până în incinta Centrului Militar şi a Liceului de Arte","sec. III - I a. Chr., Latène, Cultura geto - dacică"
15,BZ-I-m-B-02191.06,Necropolă,municipiul BUZĂU,"Str. Bucegi, în zona Dispensarului nr. 3, până în incinta Centrului Militar şi a Liceului de Arte","sec. III - I a. Chr., Latène, Cultura geto - dacică"
16,BZ-I-s-B-02192,Situl arheologic de la Albeşti,sat ALBEŞTI; comuna SMEENI,"""Pe muchia spre Moisica”, la cca km V de Albeşti",1
17,BZ-I-m-B-02192.01,Aşezare,sat ALBEŞTI; comuna SMEENI,"""Pe muchia spre Moisica”, la cca km V de Albeşti","1 sec. IV p. Chr., Epoca migraţiilor, Cultura Sântana de Mureş - Cerneahov"
18,BZ-I-m-B-02192.02,Aşezare,sat ALBEŞTI; comuna SMEENI,"""Pe muchia spre Moisica”, la cca km V de Albeşti","1 mil. V, Neolitic mijlociu şi târziu, Cultura Boian"
19,BZ-I-s-B-02193,Situl arheologic de la Aldeni,sat ALDENI; comuna CERNĂTEŞTI,"Dealul ""Balaurul”, la cca 1 km V de satul Aldeni; ""Ţurţudău""",
20,BZ-I-m-B-02193.01,Aşezare,sat ALDENI; comuna CERNĂTEŞTI,"""Turţudău”","sec. V p. Chr, Epoca migraţiilor"
21,BZ-I-m-B-02193.02,Aşezare,sat ALDENI; comuna CERNĂTEŞTI,"Dealul ""Balaurul”, la cca 1 km V de satul Aldeni",sec. II - IV p. Chr.
22,BZ-I-m-B-02193.03,Aşezare,sat ALDENI; comuna CERNĂTEŞTI,"Dealul ""Balaurul”, la cca 1 km V de satul Aldeni","sec. XII - V a. Chr, Hallstatt"
23,BZ-I-m-B-02193.04,Aşezare,sat ALDENI; comuna CERNĂTEŞTI,"""Turţudău”","mil. III - II, Epoca bronzului, Cultura Monteoru"
24,BZ-I-m-B-02193.05,Aşezare,sat ALDENI; comuna CERNĂTEŞTI,"Dealul ""Balaurul”, la cca 1 km V de satul Aldeni","mil. IV, Eneolitic târziu, Cultura Stoicani - Aldeni, faza II"
25,BZ-I-m-B-02193.06,Aşezare,sat ALDENI; comuna CERNĂTEŞTI,"Dealul ""Balaurul”, la cca 1 km V de satul Aldeni","mil. IV, Eneolitic, Cultura Gumelniţa"
26,BZ-I-m-B-02193.07,Aşezare,sat ALDENI; comuna CERNĂTEŞTI,"Dealul ""Balaurul”, la cca 1 km V de satul Aldeni","mil. V, Neolitic, Cultura Boian"
27,BZ-I-s-B-02194,Necropolă,sat BALTA ALBĂ; comuna BALTA ALBĂ,"""La movilele Gemene”, ""La vad”, cca. 1,5 km SV pe şoseaua spre Amara","sec. II - IV p. Chr, Epoca migraţiilor, Cultura Sântana de Mureş - Cerneahov"
28,BZ-I-s-B-02195,Situl arheologic de la Balta Albă,sat BALTA ALBĂ; comuna BALTA ALBĂ,"La 3,1 km V de sat",
29,BZ-I-m-B-02195.01,Aşezare,sat BALTA ALBĂ; comuna BALTA ALBĂ,"La 3,1 km V de sat","sec. III - IV p. Chr., Epoca migraţiilor, Cultura Sântana de Mureş - Cerneahov"
30,BZ-I-m-B-02195.02,Necropolă,sat BALTA ALBĂ; comuna BALTA ALBĂ,"La 3,1 km V de sat","sec. III - IV p. Chr., Epoca migraţiilor, Cultura Sântana de Mureş - Cerneahov"
31,BZ-I-s-B-02196,Situl arheologic de la Bădeni,sat BĂDENI; comuna BREAZA,"""La Piatra Şoimului”; ""La Gorganele”",
32,BZ-I-m-B-02196.01,Locuinţă rupestră,sat BĂDENI; comuna BREAZA,"""La Piatra Şoimului” (""La Ambrozie”)",sec. XVIII - XX
33,BZ-I-m-B-02196.02,Aşezare,sat BĂDENI; comuna BREAZA,"""La Gorganele”, sub vârful Istriţa","sec. IV p. Chr., Epoca migraţiilor"
34,BZ-I-m-B-02196.03,Aşezare,sat BĂDENI; comuna BREAZA,"""La Gorganele”, sub vârful Istriţa","sec. IV a. Chr., Latène, Cultura geto - dacică"
35,BZ-I-m-B-02196.04,Aşezare,sat BĂDENI; comuna BREAZA,"""La Gorganele”, sub vârful Istriţa","sec. XII - V a. Chr, Hallstatt"
36,BZ-I-m-B-02196.05,Aşezare,sat BĂDENI; comuna BREAZA,"""La Gorganele”, sub vârful Istriţa","mil. III - II, Epoca bronzului, Cultura Monteoru"
37,BZ-I-s-B-02197,Situl arheologic de la Bădila,sat BĂDILA; comuna PÂRSCOV,"""La Eleşteu”, la cca. 2 km NV de şcoala generală; ""La Mănăstioara""; ""La Bălanu""",
38,BZ-I-m-B-02197.01,Aşezare,sat BĂDILA; comuna PÂRSCOV,"""La Eleşteu”, la cca. 2 km NV de şcoala generală; ""La Mănăstioara""; ""La Bălanu""","sec. II - IV p. Chr, Epoca migraţiilor"
39,BZ-I-m-B-02197.02,Aşezare,sat BĂDILA; comuna PÂRSCOV,"""La Eleşteu”, la cca. 2 km NV de şcoala generală; ""La Mănăstioara""; ""La Bălanu""","sec. XII - V a. Chr, Hallstatt"
40,BZ-I-s-B-02198,Aşezare,sat BĂEŞTI; comuna CERNĂTEŞTI,"La 0,8 km V de sat","mil. V, Neolitic, Cultura Boian"
41,BZ-I-s-B-02199,Aşezare,sat BĂLĂNEŞTI; comuna COZIENI,"""Pe poduri”","mil. IV, Eneolitic, Cultura Gumelniţa"
42,BZ-I-s-B-02200,Necropolă,sat BĂLĂNEŞTI; comuna COZIENI,"""La Făcăiana”, la marginea satului, la grajdurile fostului CAP","sec. VII - VIII, Epoca migraţiilor"
43,BZ-I-s-B-02201,Aşezare,sat BĂLTENI; comuna C. A. ROSETTI,La 2 km V de sat,"sec. III - IV p. Chr., Epoca migraţiilor"
44,BZ-I-s-B-02202,Aşezare,sat BEGU; comuna PĂNĂTĂU,"La marginea satului, sub Culmea Pănătăului","mil. III - II, Epoca bronzului, Cultura Monteoru"
45,BZ-I-s-B-02203,Situl arheologic de la Berca,sat BERCA; comuna BERCA,"""La mănăstire” (""Coasta mănăstirii”)",
46,BZ-I-m-B-02203.01,Aşezare,sat BERCA; comuna BERCA,"""La mănăstire” (""Coasta mănăstirii”)","mil. III - II, Epoca bronzului, Cultura Monteoru"
47,BZ-I-m-B-02203.02,Necropolă,sat BERCA; comuna BERCA,"""La mănăstire” (""Coasta mănăstirii”)","mil. III - II, Epoca bronzului"
48,BZ-I-s-B-02204,"Situl arheologic de la Bozioru, punct ""La biserică""",sat BOZIORU; comuna BOZIORU,"La biserică şi cimitir, în vatra veche a satului",
49,BZ-I-m-B-02204.01,Aşezare,sat BOZIORU; comuna BOZIORU,"La biserică şi cimitir, în vatra veche a satului","sec. XIII - XVIII, Epoca medievală"
50,BZ-I-m-B-02204.02,Necropolă,sat BOZIORU; comuna BOZIORU,"La biserică şi cimitir, în vatra veche a satului","sec. XIII - XVIII, Epoca medievală"
51,BZ-I-m-B-02204.03,Aşezare,sat BOZIORU; comuna BOZIORU,"La biserică şi cimitir, în vatra veche a satului","mil. III - II, Epoca bronzului, Cultura Monteoru"
52,BZ-I-m-B-02204.04,Necropolă,sat BOZIORU; comuna BOZIORU,"La biserică şi cimitir, în vatra veche a satului","mil. III - II, Epoca bronzului, Cultura Monteoru"
53,BZ-I-s-B-02205,Situl arheologic de la Bozioru,sat BOZIORU; comuna BOZIORU,"În centrul satului, în spatele şcolii",
54,BZ-I-m-B-02205.01,Aşezare,sat BOZIORU; comuna BOZIORU,"În centrul satului, în spatele şcolii","sec. VI - V a. Chr., Hallstatt târziu"
55,BZ-I-m-B-02205.02,Necropolă,sat BOZIORU; comuna BOZIORU,"În centrul satului, în spatele şcolii","sec. XII - V a. Chr., Hallstatt"
56,BZ-I-s-B-02206,Situl arheologic de la Breaza,sat BREAZA; comuna BREAZA,"""La fântâna lui Carpen”, pe Dealul Istriţa, sub vârf, în vecinătatea releului TV",
57,BZ-I-m-B-02206.01,Aşezare,sat BREAZA; comuna BREAZA,"""La fântâna lui Carpen”, pe Dealul Istriţa, sub vârf, în vecinătatea releului TV","sec. IX - XI, Epoca medievală timpurie, Cultura Dridu"
58,BZ-I-m-B-02206.02,Aşezare,sat BREAZA; comuna BREAZA,"""La fântâna lui Carpen”, pe Dealul Istriţa, sub vârf, în vecinătatea releului TV","sec. V a. Chr. - I p. Chr., Latène, Cultura geto - dacică"
59,BZ-I-s-B-02207,Ruinele Mănăstirii Cislău,sat BUDA CRĂCIUNEŞTI; comuna CISLĂU,"""Poiana zidului”, la N de sat","1587 - 1588, sec. XVI – XVIII"
60,BZ-I-s-B-02208,Aşezare,sat CALVINI; comuna CALVINI,"""În loturi”",Epoca migraţiilor
61,BZ-I-s-B-02209,Aşezare,sat CARAGELE; comuna LUCIU,"Pe terasa de la stânga Călmăţuiului, la N şi NE de sat","sec. XII - V a. Chr., Hallstatt"
62,BZ-I-s-B-02210,Aşezare,sat CARAGELE; comuna LUCIU,"""Movila Lungă”","sec. IV - V p. Chr., Epoca migraţiilor, Cultura Sântana de Mureş - Cerneahov"
63,BZ-I-s-A-02211,Aşezare,sat CÂNDEŞTI; comuna VERNEŞTI,"""Coasta Popii”, la cca 0,8 km V de sat, în dreptul bisericii vechi","sec. VI - VII, Epoca migraţiilor, Cultura Ipoteşti - Cândeşti"
64,BZ-I-s-A-02212,Situl arheologic de la Cârlomăneşti,sat CÂRLOMĂNEŞTI; comuna VERNEŞTI,"""Cetăţuia”, în latura de V a cătunului Pietriş",
65, BZ-I-m-A-02212.01, Aşezare, sat CÂRLOMĂNEŞTI; comuna VERNEŞTI," ""Cetăţuia”, în latura de V a cătunului Pietriş"," sec. II - I a. Chr., Latène, Cultura geto - dacică"
66,BZ-I-m-A-02212.02,Aşezare,sat CÂRLOMĂNEŞTI; comuna VERNEŞTI,"""Cetăţuia”, în latura de V a cătunului Pietriş","sec. XII - V a. Chr, Hallstatt"
67,BZ-I-m-A-02212.03,Aşezare,sat CÂRLOMĂNEŞTI; comuna VERNEŞTI,"""Cetăţuia”, în latura de V a cătunului Pietriş","mil. III - II, Epoca bronzului, Cultura Monteoru"
68,BZ-I-s-B-02213,Situl arheologic de la Cernăteşti,sat CERNĂTEŞTI; comuna CERNĂTEŞTI,"""La Cetăţuie”, în Valea Malului şi Valea Pluteşului",
69,BZ-I-m-B-02213.01,Cetate,sat CERNĂTEŞTI; comuna CERNĂTEŞTI,"""La Cetăţuie”, în Valea Malului şi Valea Pluteşului; ""Plai""",sec. XVI - XVII
70,BZ-I-m-B-02213.02,Aşezare,sat CERNĂTEŞTI; comuna CERNĂTEŞTI,"""La Cetăţuie”, în Valea Malului şi Valea Pluteşului; ""Plai""","mil. III - II, Epoca bronzului, Cultura Monteoru"
71,BZ-I-m-B-02213.03,Necropolă,sat CERNĂTEŞTI; comuna CERNĂTEŞTI,"""La Cetăţuie”, în Valea Malului şi Valea Pluteşului; ""Plai""","mil. III - II, Epoca bronzului, Cultura Monteoru"
72,BZ-I-s-B-02214,Aşezare,sat CIORANCA; comuna MOVILA BANULUI,Movila Banului,"sec. IX - XI, Epoca medievală timpurie, Cultura Dridu"
73,BZ-I-s-B-02215,Situl arheologic de la Clondiru,sat CLONDIRU; comuna ULMENI,"""Pe Movilă”, la ieşirea din sat spre Movila Banului, în jurul cramei fostului CAP",
74,BZ-I-m-B-02215.01,Aşezare,sat CLONDIRU; comuna ULMENI,"""Pe Movilă”, la ieşirea din sat spre Movila Banului, în jurul cramei fostului CAP","sec. III - IV p. Chr., Epoca migraţiilor, Cultura Sântana de Mureş - Cerneahov"
75,BZ-I-m-B-02215.02,Aşezare,sat CLONDIRU; comuna ULMENI,"""Pe Movilă”, la ieşirea din sat spre Movila Banului, în jurul cramei fostului CAP","mil. IV - V, Neolitic mijlociu, Cultura Boian"
76,BZ-I-s-B-02216,Situl arheologic de la Clondiru Sus,de sat CLONDIRU DE SUS; comuna PIETROASELE,"""Pe Vâjâietoare”, în viile de la S de sat din zona ,,Fundul Căzăcii”, spre E, până la şosea",
77,BZ-I-m-B-02216.01,Necropolă,sat CLONDIRU DE SUS; comuna PIETROASELE,"""Pe Vâjâietoare”, în viile de la S de sat din zona ,,Fundul Căzăcii”, spre E, până la şosea","sec. VIII - X, Epoca medievală timpurie, Cultura Dridu"
78,BZ-I-m-B-02216.02,Aşezare,sat CLONDIRU DE SUS; comuna PIETROASELE,"""Pe Vâjâietoare”, în viile de la S de sat din zona ,,Fundul Căzăcii”, spre E, până la şosea","sec. XII - V a. Chr, Hallstatt"
79,BZ-I-s-B-02217,Necropolă,sat CLONDIRU DE SUS; comuna PIETROASELE,"În gospodăria Ivaşcu şi vecini, spre N, până la casa Ciobanu","sec. IV - V p. Chr., Epoca migraţiilor, Cultura Sântana de Mureş - Cerneahov"
80,BZ-I-s-B-02218,Necropolă,sat COLŢI; comuna COLŢI,"""Vârful Bâi”, pe pintenul de deal releul TV","cu mil. III - II, Epoca bronzului, Cultura Monteoru"
81,BZ-I-s-B-02220,Situl arheologic de la Costeşti,sat COSTEŞTI; comuna COSTEŞTI,"În spatele morii, la marginea de E satului",a
82,BZ-I-m-B-02220.01,Aşezare,sat COSTEŞTI; comuna COSTEŞTI,"În spatele morii, la marginea de E satului",a sec. XVI - XVIII
83,BZ-I-m-B-02220.02,Necropolă,sat COSTEŞTI; comuna COSTEŞTI,"În spatele morii, la marginea de E satului","a sec. XII - V a. Chr., Hallstatt"
84, BZ-I-s-B-02221, Situl arheologic de la Costieni, sat COSTIENI; comuna ZIDURI," Pe malul gârlei Valea, la E de sat",
85,BZ-I-m-B-02221.01,Necropolă,sat COSTIENI; comuna ZIDURI,"Pe malul gârlei Valea, la E de sat","sec. VIII - IX, Epoca migraţiilor"
86,BZ-I-m-B-02221.02,Aşezare,sat COSTIENI; comuna ZIDURI,"Pe malul gârlei Valea, la E de sat",sec. III - IV p. Chr.
87,BZ-I-m-B-02221.03,Aşezare,sat COSTIENI; comuna ZIDURI,"Pe movila de lângă izvor, la 1 km NE de sat",sec. III - IV p. Chr.
88,BZ-I-m-B-02221.04,Aşezare,sat COSTIENI; comuna ZIDURI,"Pe movila de lângă izvor, la 1 km NE de sat","mil. V, Eneolitic"
89,BZ-I-s-B-02222,Situl arheologic de la Coţatcu,sat COŢATCU; comuna PODGORIA,"""Cetăţuia”, cca 2 km NV de sat",
90,BZ-I-m-B-02222.01,Aşezare,sat COŢATCU; comuna PODGORIA,"""Cetăţuia”, cca 2 km NV de sat","mil. III - II, Epoca bronzului, Cultura Monteoru"
91,BZ-I-m-B-02222.02,Aşezare,sat COŢATCU; comuna PODGORIA,"""Cetăţuia”, cca 2 km NV de sat","mil. IV, Eneolitic, Cultura Gumelniţa"
92,BZ-I-s-B-02223,Situl arheologic de la Dara,sat DARA; comuna PIETROASELE,"În marginea de S a satului, pe dreapta pârâului Dara",
93,BZ-I-m-B-02223.01,Aşezare,sat DARA; comuna PIETROASELE,"În marginea de S a satului, pe dreapta pârâului Dara","sec. IV p. Chr., Epoca migraţiilor, Cultura Sântana de Mureş - Cerneahov"
94,BZ-I-m-B-02223.02,Necropolă,sat DARA; comuna PIETROASELE,"În marginea de S a satului, pe dreapta pârâului Dara","sec. IV p. Chr., Epoca migraţiilor, Cultura Sântana de Mureş - Cerneahov"
95,BZ-I-s-B-02224,Aşezare,sat DÂLMA; comuna SCORŢOASA,"""Culmea Dâlmei”, fost pichet de grăniceri al fostei graniţe austro- ungare","mil. III - II, Epoca bronzului, Cultura Monteoru"
96,BZ-I-s-B-02225,Situl arheologic de la Dealu,Viei sat DEALUL VIEI; comuna MEREI,"La V de sat, pe Domnic şi pe terasa înaltă a pârâului Sărata, de o parte şi de alta a şoselei",
97,BZ-I-m-B-02225.01,Aşezare,sat DEALUL VIEI; comuna MEREI,"La 0,8 km SE de sat şi la E de şosea, cca 0,7 km","sec. VIII - XI, Epoca medievală timpurie, Cultura Dridu"
98,BZ-I-m-B-02225.02,Aşezare,sat DEALUL VIEI; comuna MEREI,"La V de sat, pe Domnic şi pe terasa înaltă a pârâului Sărata, de o parte şi de alta a şoselei","sec. V a. Chr. - I p. Chr., Latène, Cultura geto - dacică"
99,BZ-I-m-B-02225.03,Aşezare,sat DEALUL VIEI; comuna MEREI,"La V de sat, pe Domnic şi pe terasa înaltă a pârâului Sărata, de o parte şi de alta a şoselei","sec. XII - V a. Chr, Hallstatt"
100,BZ-I-s-B-02226,Situl arheologic de la Dulbanu,sat DULBANU; comuna AMARU,"""Valea Dulbanului”, la NV de sat",
101,BZ-I-m-B-02226.01,Aşezare,sat DULBANU; comuna AMARU,"Pe terasa Istăului, în marginea satului","sec. IV p. Chr., Epoca migraţiilor"
102,BZ-I-m-B-02226.02,Necropolă,sat DULBANU; comuna AMARU,"La V de sat, până în valea pârâului Istău","sec. IV - V p. Chr., Epoca migraţiilor"
103,BZ-I-m-B-02226.03,Aşezare,sat DULBANU; comuna AMARU,"""Valea Dulbanului”, la NV de sat","sec. III - IV p. Chr., Epoca migraţiilor, Cultura Sântana de Mureş - Cerneahov"
104, BZ-I-m-B-02226.04, Necropolă, sat DULBANU; comuna AMARU," ""Valea Dulbanului”, la NV de sat"," sec. III - IV p. Chr., Epoca migraţiilor, Cultura Sântana de Mureş - Cerneahov"
105,BZ-I-m-B-02226.05,Aşezare,sat DULBANU; comuna AMARU,"Pe terasa Istăului, în marginea satului","sec. XII - V a. Chr., Hallstatt"
106,BZ-I-s-B-02227,Situl arheologic de la Fântânele,sat FÂNTÂNELE; comuna NĂENI,"Dealul ""Colarea”",
107,BZ-I-m-B-02227.01,Necropolă,sat FÂNTÂNELE; comuna NĂENI,"Dealul ""Colarea”","sec. V a. Chr., Hallstatt"
108,BZ-I-m-B-02227.02,Aşezare,sat FÂNTÂNELE; comuna NĂENI,"Dealul ""Colarea”","mijl. mil. III, Epoca bronzului"
109,BZ-I-m-B-02227.03,Necropolă,sat FÂNTÂNELE; comuna NĂENI,"Dealul ""Colarea”","mijl. mil. III, Epoca bronzului"
110,BZ-I-s-B-02228,Aşezare,sat FÂNTÂNELE; comuna NĂENI,"""Dealul Greabănu”","sec. IV p. Chr, Epoca migraţiilor"
111,BZ-I-s-A-02229,Situl arheologic de la Finţeşti,sat FINŢEŞTI; comuna NĂENI,"""Zănoaga”",
112,BZ-I-m-A-02229.01,Aşezare,sat FINŢEŞTI; comuna NĂENI,"""Zănoaga”, cca 4 km N de sat, la 1,5 km V de Cătun, pe pantele de N şi V ale crestei Zănoaga","sec. IV - V p. Chr., Epoca migraţiilor"
113,BZ-I-m-A-02229.02,Aşezare fortificată,sat FINŢEŞTI; comuna NĂENI,"""Zănoaga”, cca 4 km N de sat, la 1,5 km V de Cătun, pe pantele de N şi V ale crestei Zănoaga, marginea de E a satului, la NV de şoseaua Proşca-Finţeşti şi în primele gospodării","mil. III - II, Epoca bronzului, Cultura Monteoru"
114,BZ-I-m-A-02229.03,Aşezare,sat FINŢEŞTI; comuna NĂENI,"""Zănoaga”, cca 4 km N de sat, la 1,5 km V de Cătun, pe pantele de N şi V ale crestei Zănoaga; marginea de E a satului, la NV de şoseaua Proşca-Finţeşti şi în primele gospodării","mil. III - II, Epoca bronzului, Cultura Monteoru"
115,BZ-I-s-B-02230,Aşezare,sat FUNDENI; comuna ZĂRNEŞTI,"În vatra satului, între şosea şi pârâul Câlnău la V de linia dintre Primărie şi podul spre Zărneşti","sec. IV p. Chr, Epoca migraţiilor"
116,BZ-I-s-B-02231,"Situl arheologic de la Gherăseni, punct ""Movila Cremenea”",sat GHERĂSENI; comuna GHERĂSENI,"""Movila Cremenea” şi în jurul ei, colţul de N al localităţii Cremenea, pe malul drept al pârâului Călmăţui",în
117,BZ-I-m-B-02231.01,Necropolă,sat GHERĂSENI; comuna GHERĂSENI,"""Movila Cremenea” şi în jurul ei, colţul de N al localităţii Cremenea, pe malul drept al pârâului Călmăţui",în sec. XV - XVII
118,BZ-I-m-B-02231.02,Necropolă,sat GHERĂSENI; comuna GHERĂSENI,"""Movila Cremenea” şi în jurul ei, colţul de N al localităţii Cremenea, pe malul drept al pârâului Călmăţui",în sec. II - IV p. Chr.
119,BZ-I-m-B-02231.03,Aşezare tip tell,sat GHERĂSENI; comuna GHERĂSENI,"""Movila Cremenea” şi în jurul ei, colţul de N al localităţii Cremenea, pe malul drept al pârâului Călmăţui","în mil. IV, Eneolitic, Cultura Gumelniţa"
120,BZ-I-s-B-02232,"Situl arheologic de la Gherăseni, punct ""Lacul Frâncului”",sat GHERĂSENI; comuna GHERĂSENI,"""Lacul Frâncului”, la NNE de sat, între fostul pârâu Săngărău şi drumul Cremenea - Budişteni şi S de Călmăţui",
121,BZ-I-m-B-02232.01,Necropolă,sat GHERĂSENI; comuna GHERĂSENI,"""Lacul Frâncului”, la NNE de sat, între fostul pârâu Săngărău şi drumul Cremenea-Budişteni şi S Călmăţui","sec. XV - XVII, Epoca medievală de"
122,BZ-I-m-B-02232.02,Necropolă,sat GHERĂSENI; comuna GHERĂSENI,"""Lacul Frâncului”, la NNE de sat, între fostul pârâu Săngărău şi drumul Cremenea-Budişteni şi S Călmăţui","sec. V p. Chr., Epoca migraţiilor de"
123,BZ-I-m-B-02232.03,Necropolă,sat GHERĂSENI; comuna GHERĂSENI,"""Lacul Frâncului”, la NNE de sat, între fostul pârâu Săngărău şi drumul Cremenea-Budişteni şi S Călmăţui","sec. II - IV p. Chr., Cultura Sântana de Mureş - de Cerneahov"
124,BZ-I-m-B-02232.04,Necropolă,sat GHERĂSENI; comuna GHERĂSENI,"""Lacul Frâncului”, la NNE de sat, între fostul pârâu Săngărău şi drumul Cremenea-Budişteni şi S Călmăţui","sec. XII - V a. Chr., Hallstatt de"
125,BZ-I-m-B-02232.05,Necropolă,sat GHERĂSENI; comuna GHERĂSENI,"""Lacul Frâncului”, la NNE de sat, între fostul pârâu Săngărău şi drumul Cremenea-Budişteni şi S Călmăţui","mil. V, Eneolitic de"
126,BZ-I-s-B-02233,Situl arheologic de la Gherăseni,sat GHERĂSENI; comuna GHERĂSENI,În colţul de N al fostului sat Cremenea,
127,BZ-I-m-B-02233.01,Necropolă,sat GHERĂSENI; comuna GHERĂSENI,În colţul de N al fostului sat Cremenea,"sec. XV - XVII, Epoca medievală"
128,BZ-I-m-B-02233.02,Aşezare,sat GHERĂSENI; comuna GHERĂSENI,În colţul de N al fostului sat Cremenea,"mil. III - II, Epoca bronzului, Cultura Monteoru"
129, BZ-I-m-B-02233.03, Aşezare tip tell, sat GHERĂSENI; comuna GHERĂSENI, În colţul de N al fostului sat Cremenea," mil. IV, Eneolitic, Cultura Gumelniţa"
130,BZ-I-s-B-02234,Aşezare,sat GURA CÂLNĂULUI; comuna VADU PAŞII,"Pe terasa înaltă de deasupra cimitirului ortodox, la N de sat","sec. III - IV p. Chr., Epoca migraţiilor, Cultura Sântana de Mureş - Cerneahov"
131,BZ-I-s-B-02235,Situl arheologic de la Heliade Rădulescu,sat HELIADE RĂDULESCU; comuna ZIDURI,În zona de N a satului de o parte de alta a drumului spre Râmnicu Sărat,şi
132,BZ-I-m-B-02235.01,Aşezare,sat HELIADE RĂDULESCU; comuna ZIDURI,În zona de N a satului de o parte de alta a drumului spre Râmnicu Sărat,"şi sec. III - IV p. Chr., Epoca migraţiilor, Cultura Sântana de Mureş - Cerneahov"
133,BZ-I-m-B-02235.02,Necropolă,sat HELIADE RĂDULESCU; comuna ZIDURI,În zona de N a satului de o parte de alta a drumului spre Râmnicu Sărat,"şi sec. III - IV p. Chr., Epoca migraţiilor, Cultura Sântana de Mureş - Cerneahov"
134,BZ-I-m-B-02235.03,Aşezare,sat HELIADE RĂDULESCU; comuna ZIDURI,În zona de N a satului de o parte de alta a drumului spre Râmnicu Sărat,"şi sec. XII - V a. Chr., Hallstatt"
135,BZ-I-m-B-02235.04,Necropolă,sat HELIADE RĂDULESCU; comuna ZIDURI,În zona de N a satului de o parte de alta a drumului spre Râmnicu Sărat,"şi sec. XII - V a. Chr., Hallstatt"
136,BZ-I-m-B-02235.05,Aşezare,sat HELIADE RĂDULESCU; comuna ZIDURI,În zona de N a satului de o parte de alta a drumului spre Râmnicu Sărat,"şi mil. III - II, Epoca bronzului, Cultura Monteoru"
137,BZ-I-m-B-02235.06,Necropolă,sat HELIADE RĂDULESCU; comuna ZIDURI,În zona de N a satului de o parte de alta a drumului spre Râmnicu Sărat,"şi mil. III - II, Epoca bronzului, Cultura Monteoru"
138,BZ-I-m-B-02235.07,Aşezare,sat HELIADE RĂDULESCU; comuna ZIDURI,În zona de N a satului de o parte de alta a drumului spre Râmnicu Sărat,"şi mil. VI - V, Neolitic"
139,BZ-I-m-B-02235.08,Necropolă,sat HELIADE RĂDULESCU; comuna ZIDURI,În zona de N a satului de o parte de alta a drumului spre Râmnicu Sărat,"şi mil. VI - V, Neolitic"
140,BZ-I-s-B-02236,Situl arheologic de la Istriţa Jos,de sat ISTRIŢA DE JOS; comuna SĂHĂTENI,"""La movilă”, în luncă, la cca 1 km de sat",S
141,BZ-I-m-B-02236.01,Necropolă,sat ISTRIŢA DE JOS; comuna SĂHĂTENI,"""La movilă”, în luncă, la cca 1 km de sat",S sec. XVIII - XIX
142,BZ-I-m-B-02236.02,Aşezare,sat ISTRIŢA DE JOS; comuna SĂHĂTENI,"""La movilă”, în luncă, la cca 1 km de sat",S sec. XVI - XVIII
143,BZ-I-m-B-02236.03,Aşezare,sat ISTRIŢA DE JOS; comuna SĂHĂTENI,"""La movilă”, în luncă, la cca 1 km de sat","S sec. IV p. Chr, Epoca migraţiilor, Cultura Sântana de Mureş - Cerneahov"
144,BZ-I-m-B-02236.04,Necropolă,sat ISTRIŢA DE JOS; comuna SĂHĂTENI,"""La movilă”, în luncă, la cca 1 km de sat","S sec. IV p. Chr, Epoca migraţiilor, Cultura Sântana de Mureş - Cerneahov"
145,BZ-I-s-B-02237,Situl arheologic de la Izvoru,Dulce sat IZVORU DULCE; comuna MEREI,"""Aprodeşti"", ""Pe Coturi”, ""Cerchez”, ""Ţigănie”, ""Pe Grui”",
146,BZ-I-m-B-02237.01,"Aşezare, punct ""Aprodeşti”",sat IZVORU DULCE; comuna MEREI,"""Aprodeşti”, la E de drumul spre Vâlcele până la Gârla Sărăţii","sec. VIII - XI, Epoca medievală timpurie, Cultura Dridu"
147,BZ-I-m-B-02237.02,"Aşezare, punct ""Pe Coturi”",sat IZVORU DULCE; comuna MEREI,"""Pe Coturi”, la S de sat, pe pârâul Sărata","sec. VIII - XI, Epoca medievală timpurie, Cultura Dridu"
148,BZ-I-m-B-02237.03,"Aşezare, punct ""Pe Coturi”",sat IZVORU DULCE; comuna MEREI,"""Pe Coturi”, la S de sat, pe pârâul Sărata","sec. VI - VII, Epoca migraţiilor"
149,BZ-I-m-B-02237.04,"Aşezare, punct ""Cerchez”",sat IZVORU DULCE; comuna MEREI,"""Cerchez”, în loturile dintre şoseaua spre Şarânga şi drumul spre Valei Botei şi pe terenul aflat în marginea de S a satului Valea Botei","sec. II - X, Epoca migraţiilor"
150,BZ-I-m-B-02237.05,"Aşezare, punct ""Cerchez”",sat IZVORU DULCE; comuna MEREI,"""Cerchez”, în loturile dintre şoseaua spre Şarânga şi drumul spre Valei Botei şi pe terenul aflat","mil. VI - V, Neolitic"
151,BZ-I-m-B-02237.06,"Aşezare, punct ""Ţigănie”",sat IZVORU DULCE; comuna MEREI,"""Ţigănie”, în gospodăriile Sandu Borcan şi vecinii, până la Mihai Chirana şi spre N, până la drumul de sub fostul conac Nigrim","sec. IV - VI p. Chr., Epoca migraţiilor"
152,BZ-I-m-B-02237.07,"Aşezare, punct ""Ţigănie”",sat IZVORU DULCE; comuna MEREI,"""Ţigănie”, în gospodăriile Sandu Borcan şi vecinii, până la Mihai Chirana şi spre N, până la drumul de sub fostul conac Nigrim",sec. II - III p. Chr.
153,BZ-I-m-B-02237.08,"Aşezare, punct ""Pe Grui”",sat IZVORU DULCE; comuna MEREI,"""Pe Grui”, la NV de sat, între Valea Izvoru Dulce şi Gârla Sărăţii, în dreptul cartierului Manoloieşti","mil. III - II, Epoca bronzului, Cultura Monteoru"
154,BZ-I-m-B-02237.09,Necropolă,sat IZVORU DULCE; comuna MEREI,"Pe malul drept al pârâului Valea Seacă, de la pod spre confluenţa cu Sărata, în gospodăria Dobrescu Gheorghe","sec. IV - V p. Chr., Epoca migraţiilor"
155,BZ-I-m-B-02237.10,Necropolă,sat IZVORU DULCE; comuna MEREI,"Pe malul drept al pârâului Valea Seacă, de la pod spre confluenţa cu Sărata, în gospodăria Dobrescu Gheorghe","sec.IV - III a. Chr., Latène"
156,BZ-I-s-B-02238,Situl arheologic de la Lanurile,sat LANURILE; comuna ZIDURI,"""Movila Bătrână”, pe terasa de la poalele movilei",
157,BZ-I-m-B-02238.01,Necropolă,sat LANURILE; comuna ZIDURI,"""Movila Bătrână”, pe terasa de la poalele movilei","sec. III - IV p. Chr., Epoca migraţiilor, Cultura Sântana de Mureş - Cerneahov"
158,BZ-I-m-B-02238.02,Necropolă,sat LANURILE; comuna ZIDURI,"""Movila Bătrână”, pe terasa de la poalele movilei","mil. III - II, Epoca bronzului, Cultura Monteoru"
159,BZ-I-s-B-02239,Situl arheologic de la Largu,sat LARGU; comuna LARGU,"Pe movila ""La Popină III”",
160,BZ-I-m-B-02239.01,Necropolă,sat LARGU; comuna LARGU,"Pe movila ""La Popină III”","sec. IV p. Chr, Epoca migraţiilor, Cultura Sântana de Mureş - Cerneahov"
161,BZ-I-m-B-02239.02,Aşezare,sat LARGU; comuna LARGU,"Pe movila ""La Popină III”","sec. III - IV p. Chr., Epoca migraţiilor"
162, BZ-I-m-B-02239.03, Aşezare, sat LARGU; comuna LARGU," Pe movila ""La Popină III”"," mil. IV, Eneolitic, Cultura Gumelniţa"
163,BZ-I-m-B-02239.04,Aşezare,sat LARGU; comuna LARGU,"Pe movila ""La Popină III”","mil. VI - V, Neolitic, Cultura Boian"
164,BZ-I-s-B-02240,Necropolă sarmatică,sat LARGU; comuna LARGU,"""Cornul Malului”",sec. III - IV p. Chr.
165,BZ-I-s-B-02241,Aşezare,sat LIMPEZIŞ; comuna MOVILA BANULUI,"""Puţul lui Dumitrache Arghir”, ""Movila ţiganului""","sec. III - IV p. Chr., Epoca migraţiilor, Cultura Sântana de Mureş - Cerneahov"
166,BZ-I-s-B-02242,"Situl arheologic de la Lipia, punct ""Movila Drumul Oilor”",sat LIPIA; comuna MEREI,"""Movila Drumul Oilor”",
167,BZ-I-m-B-02242.01,Aşezare,sat LIPIA; comuna MEREI,"""Movila Drumul Oilor”","sec. IV p. Chr., Epoca migraţiilor, Cultura Sântana de Mureş - Cerneahov"
168,BZ-I-m-B-02242.02,Aşezare tip tell,sat LIPIA; comuna MEREI,"""Movila Drumul Oilor”","mil. IV, Eneolitic, Cultura Gumelniţa"
169,BZ-I-s-B-02243,"Situl arheologic de la Lipia, punct ""Movila de la Baltă”",sat LIPIA; comuna MEREI,"Movila ""Drumul oilor”, ""Movila de la Baltă”, de o parte şi de alta a şoselei care leagă DN 1B de satul Lipia",
170,BZ-I-m-B-02243.01,Necropolă,sat LIPIA; comuna MEREI,"Movila ""Drumul oilor”, ""Movila de la Baltă”, de o parte şi de alta a şoselei care leagă DN 1B de satul Lipia","sec. IX - XI, Epoca medievală timpurie, Cultura Dridu"
171,BZ-I-m-B-02243.02,Aşezare,sat LIPIA; comuna MEREI,"Movila ""Drumul oilor”, ""Movila de la Baltă”, de o parte şi de alta a şoselei care leagă DN 1B de satul Lipia","sec. IV - V p. Chr., Epoca migraţiilor"
172,BZ-I-m-B-02243.03,Necropolă,sat LIPIA; comuna MEREI,"Movila ""Drumul oilor”, ""Movila de la Baltă”, de o parte şi de alta a şoselei care leagă DN 1B de satul Lipia","sec. IV - V p. Chr., Epoca migraţiilor"
173,BZ-I-m-B-02243.04,Aşezare tip tell,sat LIPIA; comuna MEREI,"Movila ""Drumul oilor”, ""Movila de la Baltă”, de o parte şi de alta a şoselei care leagă DN 1B de satul Lipia","mil. IV, Eneolitic, Cultura Boian; cultura Gumelniţa"
174,BZ-I-s-B-02244,Situl arheologic de la Lunca,sat LUNCA; comuna C.A. ROSETTI,La sediul fostului CAP şi la Vasilica Simion,
175,BZ-I-m-B-02244.01,Aşezare,sat LUNCA; comuna C.A. ROSETTI,La sediul fostului CAP şi la Vasilica Simion,sec. III - IV p. Chr.
176,BZ-I-m-B-02244.02,Necropolă,sat LUNCA; comuna C.A. ROSETTI,La sediul fostului CAP şi la Vasilica Simion,"sec. IV p. Chr., Cultura Sântana de Mureş - Cerneahov"
177,BZ-I-m-B-02244.03,Aşezare,sat LUNCA; comuna C.A. ROSETTI,La sediul fostului CAP şi la Vasilica Simion,"mil. V - IV, Neolitic, Cultura Boian"
178,BZ-I-s-B-02245,Aşezare tip tell,sat MAXENU; comuna ŢINTEŞTI,"În afara satului, la cca 6 km pe partea dreaptă a şoselei spre Smeeni","mil. IV, Eneolitic, Cultura Gumelniţa"
179,BZ-I-s-B-02246,Aşezare,sat MAXENU; comuna ŢINTEŞTI,"""Derii de Sus”, grădina de zarzavat a fostului CAP","sec. III p. Chr., Cultura dacilor liberi"
180,BZ-I-s-B-02247,Aşezare,sat MEREI; comuna MEREI,"""Dealul Călugărului”, în marginea de N a satului","sec. II - I a. Chr., Latène, Cultura geto - dacică"
181,BZ-I-s-B-02248,Situl arheologic de la Mlăjet,sat MLĂJET; oraş NEHOIU,"""Lunca Topilei”, cca 50 m E stânga, podul de la Seţu",
182,BZ-I-m-B-02248.01,Aşezare,sat MLĂJET; oraş NEHOIU,"""Lunca Topilei”, cca 50 m E stânga, podul de la Seţu",sec. XVI - XIX
183,BZ-I-m-B-02248.02,Necropolă,sat MLĂJET; oraş NEHOIU,"""Lunca Topilei”, cca 50 m E stânga, podul de la Seţu",sec. XVI - XIX
184,BZ-I-m-B-02248.03,Aşezare,sat MLĂJET; oraş NEHOIU,"""Lunca Topilei”, cca 50 m E stânga, podul de la Seţu","sec. XI - XII, Epoca medievală timpurie"
185,BZ-I-m-B-02248.04,Necropolă,sat MLĂJET; oraş NEHOIU,"""Lunca Topilei”, cca 50 m E stânga, podul de la Seţu","sec. XI - XII, Epoca medievală timpurie"
186,BZ-I-m-B-02248.05,Aşezare,sat MLĂJET; oraş NEHOIU,"""Lunca Topilei”, cca 50 m E stânga, podul de la Seţu","sec. I a. Chr, Latène"
187,BZ-I-m-B-02248.06,Necropolă,sat MLĂJET; oraş NEHOIU,"""Lunca Topilei”, cca 50 m E stânga, podul de la Seţu","sec. I a. Chr., Latène"
188,BZ-I-m-B-02248.07,Aşezare,sat MLĂJET; oraş NEHOIU,"""Lunca Topilei”, cca 50 m E stânga, podul de la Seţu","sec. IV - I a. Chr., Latène"
189,BZ-I-m-B-02248.08,Necropolă,sat MLĂJET; oraş NEHOIU,"""Lunca Topilei”, cca 50 m E stânga, podul de la Seţu","sec. IV - I a. Chr., Latène"
190,BZ-I-m-B-02248.09,Necropolă,sat MLĂJET; oraş NEHOIU,"""Lunca Topilei”, cca 50 m E stânga, podul de la Seţu","mil. III - II, Epoca bronzului"
191,BZ-I-s-B-02249,Situl arheologic de la Moisica,sat MOISICA; comuna SMEENI,"La NV de sat, până la movila de lângă Călmăţui, în lunca joasă din dreapta Călmăţuiului, pe terasa din marginea satului",
192,BZ-I-m-B-02249.01,Aşezare,sat MOISICA; comuna SMEENI,"La NV de sat, până la movila de lângă Călmăţui, în lunca joasă din dreapta Călmăţuiului, pe terasa din marginea satului","sec. III - IV p. Chr., Epoca migraţiilor, Cultura Sântana de Mureş - Cerneahov"
193,BZ-I-m-B-02249.02,Aşezare,sat MOISICA; comuna SMEENI,"La NV de sat, până la movila de lângă Călmăţui, în lunca joasă din dreapta Călmăţuiului, pe terasa din marginea satului","sec. XII - V a. Chr, Hallstatt"
194,BZ-I-m-B-02249.03,Aşezare,sat MOISICA; comuna SMEENI,"La NV de sat, până la movila de lângă Călmăţui, în lunca joasă din dreapta Călmăţuiului, pe terasa din marginea satului","mil. VI - V, Neolitic, Cultura Boian"
195,BZ-I-s-B-02250,Aşezare,sat MOISICA; comuna SMEENI,"La marginea satului pe partea stângă a şoselei, spre Albeşti","sec. IX - X, Epoca medievală timpurie, Cultura Dridu"
196,BZ-I-s-B-02251,Aşezare tip tell,sat MURGEŞTI; comuna MURGEŞTI,"În partea de E a satului, pe malul drept al Câlnăului, între Valea Satului şi punctul ""Cireş""","mil. IV, Eneolitic, Cultura Gumelniţa"
197,BZ-I-s-B-02252,Aşezare,oraş NEHOIU,"Pe terasa din dreapta şoselei, la ieşirea din oraş, spre Buzău, cca 500 m spre V","sec. XVII, Epoca medievală"
198,BZ-I-s-B-02253,Situl arheologic de la Nenciuleşti,sat NENCIULEŞTI; comuna MEREI,"""Porumbiţa”, ""Dealul Ciuhoiu”, ""Valea Huiup”, ""Dealul Vladimir”, ""La Cruce”, ""Gogoneşti”",
199,BZ-I-m-B-02253.01,"Aşezare, punct ""Porumbiţa”",sat NENCIULEŞTI; comuna MEREI,"""Porumbiţa”, la marginea de N a cătunului spre NE de biserica cu acelaşi nume",sec. XVI - XVIII
200,BZ-I-m-B-02253.02,"Aşezare, punct ""Porumbiţa”",sat NENCIULEŞTI; comuna MEREI,"""Porumbiţa”, la marginea de N a cătunului Porumbiţa, spre NE de biserica cu acelaşi nume","sec. IV p. Chr., Epoca migraţiilor, Cultura Sântana de Mureş - Cerneahov"
201,BZ-I-m-B-02253.03,"Aşezare, punct ""Porumbiţa”",sat NENCIULEŞTI; comuna MEREI,"""Porumbiţa”, la marginea de N a cătunului Porumbiţa, spre NE de biserica cu acelaşi nume","mil. III - IV, Epoca bronzului"
202,BZ-I-m-B-02253.04,"Aşezare, punct ""Dealul Ciuhoiu”",sat NENCIULEŞTI; comuna MEREI,"""Dealul Ciuhoiu”, ""Via Popii”, din zona fostului sat Ciuhoiu, spre V distanţa 1,2 km; 1,5 km NV de sat şi 0,7 km NV de biserica Porumbiţa","sec. III a. Chr. - I p. Chr., pe Latène, Cultura geto - dacică"
203,BZ-I-m-B-02253.05,"Necropolă, punct ""Dealul Ciuhoiu”",sat NENCIULEŞTI; comuna MEREI,"""Dealul Ciuhoiu”, ""Via Popii”, din zona fostului sat Ciuhoiu spre V, distanţa 1,2 km; 1,5 km NV de sat şi 0,7 km NV de Biserica Porumbiţa","sec. III a. Chr - I p. Chr., pe Latène"
204,BZ-I-m-B-02253.06,"Aşezare, punct ""Dealul Ciuhoiu”",sat NENCIULEŞTI; comuna MEREI,"""Dealul Ciuhoiu”, ""Via Popii”, din zona fostului sat Ciuhoiu, spre V distanţa 1,2 km; 1,5 km NV de sat şi 0,7 km NV de Biserica Porumbiţa","mil. III, Epoca bronzului pe timpuriu"
205,BZ-I-m-B-02253.07,"Necropolă, punct ""Dealul Ciuhoiu”",sat NENCIULEŞTI; comuna MEREI,"""Dealul Ciuhoiu”, ""Via Popii”, din zona fostului sat Ciuhoiu, spre V distanţa 1,2 km; 1,5 km NV de sat şi 0,7 km NV de Biserica Porumbiţa","mil. III, Epoca bronzului pe timpuriu"
206,BZ-I-m-B-02253.08,"Aşezare, punct ""Valea Huiup”",sat NENCIULEŞTI; comuna MEREI,"""Valea Huiup”, începând de la N sat, până deasupra satului Gura Sărăţii","de mil. III - II, Epoca bronzului, Cultura Monteoru"
207,BZ-I-m-B-02253.09,"Aşezare, punct ""Valea Huiup”",sat NENCIULEŞTI; comuna MEREI,"""Valea Huiup”, începând de la N sat, până deasupra satului Gura Sărăţii","de mil. IV, Eneolitic, Cultura Gumelniţa"
208,BZ-I-m-B-02253.10,"Aşezare, punct ""Dealul Vladimir”",sat NENCIULEŞTI; comuna MEREI,"""Dealul Vladimir”, la cca 3 km NNE de sat – în viile de pe deal, în partea de SSE a dealului","mil. III - II, Epoca bronzului, Cultura Monteoru"
209,BZ-I-m-B-02253.11,"Aşezare, punct ""La Cruce”",sat NENCIULEŞTI; comuna MEREI,"""La Cruce”, ""Via Popii”, la ieşirea de N a satului spre pădure, în jurul crucii înalte de piatră, mai ales spre E,S,N; 1,5 km NV de sat şi 0,7 km NV de Biserica Porumbiţa","mil. III - II, Epoca bronzului, Cultura Monteoru"
210,BZ-I-m-B-02253.12,"Necropolă, punct ""La Cruce”",sat NENCIULEŞTI; comuna MEREI,"""La Cruce”, ""Via Popii”, la ieşirea de N a satului spre pădure, în jurul crucii înalte de piatră, mai ales spre E,S,N; 1,5 km NV de sat şi 0,7 km NV de Biserica Porumbiţa","mil. III - IV, Epoca bronzului, Cultura Monteoru"
211,BZ-I-m-B-02253.13,"Aşezare, punct ""La Cruce”,",sat NENCIULEŞTI; comuna MEREI,"""La Cruce”, ""Via Popii”, la ieşirea de N a satului spre pădure, în jurul crucii înalte de piatră, mai ales spre E,S,N; 1,5 km NV de sat şi 0,7 km NV de Biserica Porumbiţa","mil. V, Neolitic târziu"
212,BZ-I-m-B-02253.14,"Necropolă, punct ""La Cruce”,",sat NENCIULEŞTI; comuna MEREI,"""La Cruce”, ""Via Popii”, la ieşirea de N a satului spre pădure, în jurul crucii înalte de piatră, mai ales spre E,S,N; 1,5 km NV de sat şi 0,7 km NV de Biserica Porumbiţa","mil. V, Neolitic târziu"
213,BZ-I-m-B-02253.15,"Aşezare, punct ""Gogoneşti”",sat NENCIULEŞTI; comuna MEREI,"""Gogoneşti”, în partea de sus a satului, în curţile şi grădinile locuitorilor","mil. IV, Eneolitic, Cultura Gumelniţa"
214,BZ-I-m-B-02253.16,"Necropolă, punct ""Gogoneşti”",sat NENCIULEŞTI; comuna MEREI,"""Gogoneşti”, în partea de sus a satului, în curţile şi grădinile locuitorilor","mil. IV, Eneolitic, Cultura Gumelniţa"
215,BZ-I-s-B-02254,Aşezare,sat NIŞCOV; comuna VERNEŞTI,"„Gura Lupoiului”, în faţa văii, în ultimele gospodării din sat şi în viile din jurul torentului în marginea de NV a satului, la S de drumul Măntoiu-Coman","sec. V - VII, Epoca migraţiilor"
216,BZ-I-s-B-02255,Situl arheologic de la Nişcov,sat NIŞCOV; comuna VERNEŞTI,"""La Măntoiu”, în marginea de N a satului",
217,BZ-I-m-B-02255.01,Aşezare,sat NIŞCOV; comuna VERNEŞTI,"""La Măntoiu”, în marginea de N a satului","sec. II - III p. Chr., Cultura carpică"
218,BZ-I-m-B-02255.02,Necropolă,sat NIŞCOV; comuna VERNEŞTI,"""La Măntoiu”, în marginea de N a satului","sec. II - III p. Chr., Cultura carpică"
219,BZ-I-s-B-02256,Necropolă,sat OGRĂZILE; comuna MEREI,"La cca 1,5 km S de sat, spre DN 1B la 200 m de acesta","sec. III - IV p. Chr., Epoca migraţiilor, Cultura Sântana de Mureş - Cerneahov"
220,BZ-I-s-B-02257,Aşezare,sat OREAVU; comuna VALEA RÂMNICULUI,"Pe terasa înaltă a Râmnicului Sărat, în marginea de NE a satului","sec. IV - V p. Chr., Epoca migraţiilor"
221,BZ-I-s-B-02258,Aşezare,sat PÂRSCOV; comuna PÂRSCOV,"""La Mărăcine şi la vecini”, în vatra satului, la cca 250-300 m de intersecţia spre Lunca Frumoasă","mil. III - II, Epoca bronzului, Cultura Monteoru"
222, BZ-I-s-B-02259, Situl arheologic de la Petrişoru, sat PETRIŞORU; comuna RACOVIŢENI," ""Muchia Băjenarului”, în latura de SE a satului",
223,BZ-I-m-B-02259.01,Aşezare,sat PETRIŞORU; comuna RACOVIŢENI,"""Muchia Băjenarului”, în latura de SE a satului","sec. IV p. Chr., Epoca migraţiilor, Cultura Sântana de Mureş - Cerneahov"
224,BZ-I-m-B-02259.02,Aşezare,sat PETRIŞORU; comuna RACOVIŢENI,"""Muchia Băjenarului”, în latura de SE a satului","mil. II, Epoca bronzului, Cultura Monteoru, aspectul Petrişoru - Racoviţeni"
225,BZ-I-s-B-02260,Aşezare,sat PETRIŞORU; comuna RACOVIŢENI,"""Dealul Şumurdoaia”, la SE de sat, spre Movila Petrişorului","sec. V p. Chr., Epoca migraţiilor"
226,BZ-I-s-B-02261,Situl arheologic de la Pietroasa Mică,sat PIETROASA MICĂ; comuna PIETROASELE,"""Gruiul Dării”, la 1,5 km N de sat",
227,BZ-I-m-B-02261.01,Aşezare,sat PIETROASA MICĂ; comuna PIETROASELE,"""Gruiul Dării”, la 1,5 km N de sat",sec. XVIII
228,BZ-I-m-B-02261.02,Necropolă,sat PIETROASA MICĂ; comuna PIETROASELE,"""Gruiul Dării”, la 1,5 km N de sat, la 1,5 km N de sat","sec. IV p. Chr, Epoca migraţiilor, Cultura Sântana de Mureş - Cerneahov"
229,BZ-I-m-B-02261.03,Aşezare,sat PIETROASA MICĂ; comuna PIETROASELE,"""Gruiul Dării”, la 1,5 km N de sat","sec. IV - I a. Chr., Latène, Cultura geto - dacică"
230,BZ-I-m-B-02261.04,Aşezare fortificată,sat PIETROASA MICĂ; comuna PIETROASELE,"""Gruiul Dării”, la 1,5 km N de sat","mil. III - II, Epoca bronzului, Cultura Monteoru"
231,BZ-I-m-B-02261.05,Necropolă,sat PIETROASA MICĂ; comuna PIETROASELE,"""Gruiul Dării”, Gruiul Dării, la 1,5 km N de sat","mil. V, Neolitic târziu"
232,BZ-I-s-B-02262,Situl arheologic de la Pietroasa Mică,sat PIETROASA MICĂ; comuna PIETROASELE,"la VSV de cătunul Pileşti şi la 1,5 km V de sat",
233,BZ-I-m-B-02262.02,"Aşezare, punct ""Pe Căliman”",sat PIETROASA MICĂ; comuna PIETROASELE,"""Pe Căliman”; ""La Drăghici”; ""La Grapă”; ""La Şcoală”; ""La Biserică”; ""La Dărânga”","sec. IX - X, Epoca medievală timpurie, Cultura Dridu"
234,BZ-I-m-B-02262.03,"Necropolă, punct ""Pe Căliman”",sat PIETROASA MICĂ; comuna PIETROASELE,"""Pe Căliman”; ""La Drăghici”; ""La Grapă”; ""La Şcoală”; ""La Biserică”; ""La Dărânga”","sec. IX - X, Epoca medievală timpurie, Cultura Dridu"
235,BZ-I-m-B-02262.04,"Aşezare, punct ""Pe Căliman”",sat PIETROASA MICĂ; comuna PIETROASELE,"""Pe Căliman”; ""La Drăghici”; ""La Grapă”; ""La Şcoală”; ""La Biserică”; ""La Dărânga”","sec. VI - VII, Epoca migraţiilor"
236,BZ-I-m-B-02262.05,"Necropolă, punct ""Pe Căliman”",sat PIETROASA MICĂ; comuna PIETROASELE,"""Pe Căliman”; ""La Drăghici”; ""La Grapă”; ""La Şcoală”; ""La Biserică”; ""La Dărânga”","sec. VI - VII, Epoca migraţiilor"
237,BZ-I-m-B-02262.06,"Aşezare, punct ""Pe Căliman”",sat PIETROASA MICĂ; comuna PIETROASELE,"""Pe Căliman”; ""La Drăghici”; ""La Grapă”; ""La Şcoală”; ""La Biserică”; ""La Dărânga”","sec. V a. Chr. - I p. Chr., Latène, Cultura geto - dacică"
238,BZ-I-m-B-02262.07,"Necropolă, punct ""Pe Căliman”",sat PIETROASA MICĂ; comuna PIETROASELE,"""Pe Căliman”; ""La Drăghici”; ""La Grapă”; ""La Şcoală”; ""La Biserică”; ""La Dărânga”","sec. V a. Chr - I p. Chr., Latène, Cultura geto - dacică"
239,BZ-I-m-B-02262.08,"Aşezare, punct ""Pe Căliman”",sat PIETROASA MICĂ; comuna PIETROASELE,"""Pe Căliman”; ""La Drăghici”; ""La Grapă”; ""La Şcoală”; ""La Biserică”; ""La Dărânga”","mil. III - II, Epoca bronzului, Cultura Monteoru"
240,BZ-I-m-B-02262.09,"Necropolă, punct ""Pe Căliman”",sat PIETROASA MICĂ; comuna PIETROASELE,"""Pe Căliman”; ""La Drăghici”; ""La Grapă”; ""La Şcoală”; ""La Biserică”; ""La Dărânga”","mil. III - II, Epoca bronzului, Cultura Monteoru"
241,BZ-I-m-B-02262.10,"Aşezare, punct ""Pe Căliman”",sat PIETROASA MICĂ; comuna PIETROASELE,"""Pe Căliman”; ""La Drăghici”; ""La Grapă”; ""La Şcoală”; ""La Biserică”; ""La Dărânga”","mil. IV, Eneolitic, Cultura Gumelniţa"
242,BZ-I-m-B-02262.11,"Necropolă, punct ""Pe Căliman”",sat PIETROASA MICĂ; comuna PIETROASELE,"""Pe Căliman”; ""La Drăghici”; ""La Grapă”; ""La Şcoală”; ""La Biserică”; ""La Dărânga”","mil. IV, Eneolitic, Cultura Gumelniţa"
243,BZ-I-m-B-02262.12,"Aşezare, punct ""Via lui Despan”",sat PIETROASA MICĂ; comuna PIETROASELE,"""Via lui Despan”, în marginea de NV a satului","sec. VI - VII, Epoca migraţiilor"
244,BZ-I-m-B-02262.13,"Aşezare, punct ""Via lui Despan”",sat PIETROASA MICĂ; comuna PIETROASELE,"""Via lui Despan”, în marginea de NV a satului","sec. IV - VII, Cultura Ipoteşti - Cândeşti"
245,BZ-I-m-B-02262.14,"Aşezare, punct ""Poiana Crudului”",sat PIETROASA MICĂ; comuna PIETROASELE,"""Poiana Crudului”, la V de sat pe terasa pârâului Urgoaia, pe malul stâng al acestuia, până la Poiana Crudului","sec. IV p. Chr., Epoca migraţiilor, Cultura Sântana de Mureş - Cerneahov"
246,BZ-I-m-B-02262.15,"Aşezare, punct ""Poiana Crudului”",sat PIETROASA MICĂ; comuna PIETROASELE,"""Poiana Crudului”, la V de sat pe terasa pârâului Urgoaia, pe malul stâng al acestuia, până la Poiana Crudului","mil. III - II, Epoca bronzului, Cultura Monteoru"
247,BZ-I-m-B-02262.16,"Necropolă, punct ""Pe Bănie""",sat PIETROASA MICĂ; comuna PIETROASELE,"Pe Bănie, la E de gârla Vâjâietoarea sau Cazaca, cca 450 m mai sus de şoseaua spre Şarânga","sec. IV - V p. Chr., Epoca migraţiilor, Cultura Sântana de Mureş - Cerneahov"
248,BZ-I-m-B-02262.17,"Necropolă, punct ""Via Nedelcu”",sat PIETROASA MICĂ; comuna PIETROASELE,"""Via Nedelcu”, la 250 m ENE de şcoală, la E de pârâiaşul care vine de la Saiu zis Vâjâitoarea, din dreptul şcolii, în sus până la marginea satului de sus","sec. II - IV p. Chr., Cultura dacilor liberi"
249,BZ-I-m-B-02262.18,"Aşezare, punct ""Via Nedelcu”",sat PIETROASA MICĂ; comuna PIETROASELE,"""Via Nedelcu”, la 250 m ENE de şcoală, la E de pârâiaşul care vine de la Saiu zis Vâjâitoarea, din dreptul şcolii, în sus până la marginea satului de sus","sec. III - II a. Chr., Latène, Cultura geto - dacică"
250,BZ-I-m-B-02262.19,"Aşezare, punct ""Coasta Rusului”",sat PIETROASA MICĂ; comuna PIETROASELE,"""Coasta Rusului” şi ""Dogaru”, la 0,7 km NV de sat pe piscul Coasta Rusului şi la NV de aceasta, pe platoul ,,Dogaru”","sec. XII - V a. Chr., Hallstatt"
251,BZ-I-m-B-02262.20,"Necropolă, punct ""Coasta Rusului”",sat PIETROASA MICĂ; comuna PIETROASELE,"""Coasta Rusului” şi ""Dogaru”, la 0,7 km NV de sat pe piscul Coasta Rusului şi la NV de aceasta, pe platoul ,,Dogaru”","sec. XII - V a. Chr, Hallstatt"
252,BZ-I-m-B-02262.21,"Aşezare, punct ""Coasta Rusului”",sat PIETROASA MICĂ; comuna PIETROASELE,"""Coasta Rusului” şi ""Dogaru”, la 0,7 km NV de sat pe piscul Coasta Rusului şi la NV de aceasta, pe platoul ,,Dogaru”","mil. III - II, Epoca bronzului, Cultura Monteoru"
253,BZ-I-m-B-02262.22,"Necropolă, punct ""Coasta Rusului”",sat PIETROASA MICĂ; comuna PIETROASELE,"""Coasta Rusului” şi ""Dogaru”, la 0,7 km NV de sat pe piscul Coasta Rusului şi la NV de aceasta, pe platoul ,,Dogaru”","mil. III - II, Epoca bronzului, Cultura Monteoru"
254,BZ-I-m-B-02262.23,"Aşezare, punct ""Pileşti”",sat PIETROASA MICĂ; comuna PIETROASELE,"""Pileşti”, la V-SV de cătunul Pileşti","mil. III - II, Epoca bronzului"
255,BZ-I-m-B-02265.24,Aşezare,sat PIETROASA MICĂ; comuna PIETROASELE,"La 0,6 km de cătunul Urgoaia, pe platoul de deasupra satului, la cca. 350 m ESE de crucea lui Avram","sec. V a. Chr. - I p. Chr., Latène"
256,BZ-I-m-B-02265.25,Necropolă,sat PIETROASA MICĂ; comuna PIETROASELE,"La 0,6 km de cătunul Urgoaia, pe platoul de deasupra satului, la cca. 350 m ESE de crucea lui Avram","sec. V - I a. Chr., Latène"
257,BZ-I-m-B-02265.26,Necropolă,sat PIETROASA MICĂ; comuna PIETROASELE,"La 0,6 km de cătunul Urgoaia, pe platoul de deasupra satului, la cca. 350 m ESE de crucea lui Avram","mil. III - II, Epoca bronzului"
258,BZ-I-m-B-02265.27,Aşezare,sat PIETROASA MICĂ; comuna PIETROASELE,"La 0,6 km de cătunul Urgoaia, pe platoul de deasupra satului, la cca. 350 m ESE de crucea lui Avram","mil. III - II, Epoca bronzului"
259,BZ-I-m-B-02262.01,"Aşezare, punct La Cuptoare Cărămidărie",– sat PIETROASELE; comuna PIETROASELE,"La Cuptoare – Cărămidărie, la 0,6 km S de sat, pe drumul de la Sândulache Avramescu, pe lângă fostul cazan al CAP, pe stânga drumului spre gârlă","sec. IX - XI, Epoca medievală timpurie, Cultura Dridu"
260,BZ-I-s-A-02263,Situl arheologic de la Pietroasele,sat PIETROASELE; comuna PIETROASELE,În vatra satului şi în zona Primăriei,
261,BZ-I-m-A-02263.01,Necropolă,sat PIETROASELE; comuna PIETROASELE,În vatra satului şi în zona Primăriei,"sec. IV - V p. Chr., Epoca migraţiilor"
262,BZ-I-m-A-02263.02,Castru roman,sat PIETROASELE; comuna PIETROASELE,În vatra satului şi în zona Primăriei,"sec. IV p. Chr., Epoca romană"
263,BZ-I-m-A-02263.03,Therme,sat PIETROASELE; comuna PIETROASELE,În vatra satului şi în zona Primăriei,"sec. IV p. Chr., Epoca romană"
264,BZ-I-m-A-02263.04,Aşezare civilă,sat PIETROASELE; comuna PIETROASELE,În vatra satului şi în zona Primăriei,"sec. IV p. Chr., Epoca migraţiilor, Cultura Sântana de Mureş - Cerneahov"
265,BZ-I-s-B-02264,Necropolă,sat PIETROASELE; comuna PIETROASELE,"În staţiunea viticolă, în zona cantină - dormitoare","sec. IV - V p. Chr., Epoca migraţiilor"
266,BZ-I-s-B-02265,Situl arheologic de la Pietroasele,sat PIETROASELE; comuna PIETROASELE,"""La puţul lui Cârnu Puche"", ""La puţul Giuroiu”, ""Via Frunzescu”, ""Pe drumul lui Puche”",
267,BZ-I-m-B-02265.01,"Aşezare, punct ""La puţul lui Cârnu Puche”",sat PIETROASELE; comuna PIETROASELE,"""La puţul lui Cârnu Puche"", la N de satul Pietroasa de Sus, pe dealul Crudu Alexandru, în viile şi grădinile de sub fântânile de la puţ","sec. XVI - XVIII, Cultura Dridu"
268,BZ-I-m-B-02265.02,"Aşezare, punct ""La puţul lui Cârnu Puche”",sat PIETROASELE; comuna PIETROASELE,"""La puţul lui Cârnu Puche"", la N de satul Pietroasa de Sus pe dealul Crudu Alexandru, în viile şi grădinile de sub fântânile de la puţ","sec. IV - VII, Epoca migraţiilor"
269,BZ-I-m-B-02265.03,"Aşezare, punct ""La puţul lui Cârnu Puche”",sat PIETROASELE; comuna PIETROASELE,"""La puţul lui Cârnu Puche”, pe dealul Crudu Alexandru, pe platoul din dreptul fântânii","sec. IV p. Chr., Epoca migraţiilor, Cultura Sântana de Mureş - Cerneahov"
270,BZ-I-m-B-02265.04,"Aşezare, punct ""La puţul lui Cârnu Puche”",sat PIETROASELE; comuna PIETROASELE,"""La puţul lui Cârnu Puche”, pe dealul Crudu Alexandru, pe platoul din dreptul fântânii","sec. V a. Chr. - I p. Chr., Latène"
271,BZ-I-m-B-02265.05,"Aşezare, punct ""La puţul lui Cârnu Puche”",sat PIETROASELE; comuna PIETROASELE,"""La puţul lui Cârnu Puche”, pe dealul Crudu Alexandru, pe platoul din dreptul fântânii","mil. V, Neolitic mijlociu"
272,BZ-I-m-B-02265.06,"Aşezare, punct ""La puţul Giuroiu”",sat PIETROASELE; comuna PIETROASELE,"""La puţul Giuroiu”, cca. 400 m SSV şi la 1 km SV de Urgoaia","sec. XIII - XVIII, Epoca medievală"
273,BZ-I-m-B-02265.07,"Aşezare, punct ""La puţul Giuroiu”",sat PIETROASELE; comuna PIETROASELE,"""La puţul Giuroiu”, la cca. 100 m în vii şi la 1,5 km VSV de Urgoaia","E, sec. IV p. Chr., Epoca migraţiilor"
274,BZ-I-m-B-02265.08,"Necropolă, punct ""La puţul Giuroiu”",sat PIETROASELE; comuna PIETROASELE,"""La puţul Giuroiu”, cca. 100 m E şi la 1,5 km SV de Urgoaia","sec. IV p. Chr., Epoca migraţiilor"
275,BZ-I-m-B-02265.09,"Necropolă, punct ""La puţul Giuroiu”",sat PIETROASELE; comuna PIETROASELE,"""La puţul Giuroiu”, cca. 100 m E şi la 1,5 km SV de cătunul Urgoaia","sec. V - III a. Chr., Latène"
276,BZ-I-m-B-02265.10,"Aşezare, punct ""La puţul Giuroiu”",sat PIETROASELE; comuna PIETROASELE,"""La puţul Giuroiu”, cca. 100 m E şi la 1,5 km SV de Urgoaia","mil. V, Neolitic târziu"
277,BZ-I-m-B-02265.11,"Aşezare, punct ""La puţul Giuroiu”",sat PIETROASELE; comuna PIETROASELE,"""La puţul Giuroiu”, la cca. 100 m în vii şi la 1,5 km VSV de Urgoaia","E, mil. V, Neolitic târziu"
278,BZ-I-m-B-02265.12,"Aşezare, punct ""La puţul Giuroiu”",sat PIETROASELE; comuna PIETROASELE,"""La puţul Giuroiu”, cca. 400 m SSV şi la 1 km SV de Urgoaia","mil. VI - V, Neolitic"
279,BZ-I-m-B-02265.13,"Aşezare, punct ""Via Frunzescu”",sat PIETROASELE; comuna PIETROASELE,"""Via Frunzescu”, pe dealul Crudu Alexandru, de la drum spre V, până la râpă","sec. X - XII, Epoca medievală timpurie"
280,BZ-I-m-B-02265.14,"Aşezare, punct ""Via Frunzescu”",sat PIETROASELE; comuna PIETROASELE,"""Via Frunzescu”, pe dealul Crudu Alexandru, de la drum spre V până la râpă","sec.VI - VII, Epoca migraţiilor"
281,BZ-I-m-B-02265.15,"Aşezare, punct ""Via Frunzescu”",sat PIETROASELE; comuna PIETROASELE,"""Via Frunzescu”, pe dealul Crudu Alexandru, de la drum spre V până la râpă","sec. V a. Chr. - I p. Chr., Latène"
282,BZ-I-m-B-02265.16,"Aşezare, punct ""Via Frunzescu”",sat PIETROASELE; comuna PIETROASELE,"""Via Frunzescu”, pe dealul Crudu Alexandru, de la drum spre V până la râpă","mil. V, Neolitic mijlociu final"
283,BZ-I-m-B-02265.17,"Aşezare, punct ""Pe drumul lui Puche”",sat PIETROASELE; comuna PIETROASELE,"""Pe drumul lui Puche”, la N de satul Pietroasa de Sus, pe panta E – SE a dealului Crudu Alexandru, de o parte şi de alta a drumului spre vârful dealului","sec. IV p. Chr., Epoca de migraţiilor"
284,BZ-I-m-B-02265.18,"Aşezare, punct ""Pe drumul lui Puche”",sat PIETROASELE; comuna PIETROASELE,"""Pe drumul lui Puche”, la N de satul Pietroasa de Sus, pe botul dealului Crudu Alexandru","sec. IV p. Chr., Epoca migraţiilor"
285,BZ-I-m-B-02265.19,"Aşezare, punct ""Pe drumul lui Puche""",sat PIETROASELE; comuna PIETROASELE,"""Pe drumul lui Puche"", la N de satul Pietroasa de Sus, pe panta E – SE a dealului Crudu Alexandru, de o parte şi de alta a drumului spre vârful dealului","sec. V a. Chr - I p. Chr., de Latène"
286,BZ-I-m-B-02265.20,"Aşezare, punct ""Pe drumul lui Puche”",sat PIETROASELE; comuna PIETROASELE,"""Pe drumul lui Puche”, la N de satul Pietroasa de Sus, pe botul dealului Crudu Alexandru","sec. V a. Chr - I p. Chr., Latène"
287,BZ-I-m-B-02265.21,"Aşezare, punct ""Pe drumul lui Puche”",sat PIETROASELE; comuna PIETROASELE,"""Pe drumul lui Puche”, la N de satul Pietroasa de Sus, pe panta E a dealului Crudu Alexandru, de parte şi de alta a drumului spre vârful dealului","mil. III - II, Epoca bronzului de o"
288,BZ-I-m-B-02265.22,"Aşezare, punct ""Pe drumul lui Puche”",sat PIETROASELE; comuna PIETROASELE,"""Pe drumul lui Puche”, la N de satul Pietroasa de Sus, pe botul dealului Crudu Alexandru","mil. V, Neolitic mijlociu"
289,BZ-I-m-B-02265.23,"Aşezare, punct ""Pe drumul lui Puche”",sat PIETROASELE; comuna PIETROASELE,"""Pe drumul lui Puche”, la N de satul Pietroasa de Sus, pe panta E – SE a dealului Crudu Alexandru, de o parte şi de alta a drumului spre vârful dealului","mil. V, Neolitic mijlociu de"
290,BZ-I-s-B-02219,Situl arheologic de la Pietrosu,sat PIETROSU; comuna COSTEŞTI,În incinta şi în afara fostei ferme zootehnice,
291,BZ-I-m-B-02219.01,Aşezare,sat PIETROSU; comuna COSTEŞTI,În incinta şi în afara fostei ferme zootehnice,"sec. IV p. Chr., Epoca migraţiilor"
292,BZ-I-m-B-02219.02,Aşezare,sat PIETROSU; comuna COSTEŞTI,În incinta şi în afara fostei ferme zootehnice,"mil. III - II, Epoca bronzului, Cultura Monteoru"
293,BZ-I-m-B-02219.03,Aşezare,sat PIETROSU; comuna COSTEŞTI,În incinta şi în afara fostei ferme zootehnice,"mil. IV - V, Neolitic târziu"
294,BZ-I-s-B-02266,Ruinele Mănăstirii Pinu,sat PINU; comuna BRĂEŞTI,"""La mănăstire”, lângă Izvorului Pinului, la cca 1,5 km V de sat",sec. XVI - XVIII
295,BZ-I-s-B-02267,Situl arheologic de la Poşta Câlnău,sat POŞTA CÂLNĂU; comuna POŞTA CÂLNĂU,"""Malul lui Ştefan Leu”, în colţul de V al satului, pe malul drept al Câlnâului",
296,BZ-I-m-B-02267.01,Aşezare,sat POŞTA CÂLNĂU; comuna POŞTA CÂLNĂU,"""Malul lui Ştefan Leu”, în colţul de V al satului, pe malul drept al Câlnâului","sec. IX - X, Epoca medievală timpurie, Cultura Dridu"
297,BZ-I-m-B-02267.02,Aşezare,sat POŞTA CÂLNĂU; comuna POŞTA CÂLNĂU,"""Malul lui Ştefan Leu”, în colţul de V al satului, pe malul drept al Câlnâului","sec. III - IV p. Chr., Epoca migraţiilor, Cultura Sântana de Mureş - Cerneahov"
298,BZ-I-s-B-02268,Aşezare,sat POŞTA CÂLNĂU; comuna POŞTA CÂLNĂU,"""Movila Boului”, la 5,5 km E de Gara Bobocu","mil. VI - V, Neolitic mijlociu"
299,BZ-I-s-B-02269,Situl arheologic de la Potârnicheşti,sat POTÂRNICHEŞTI; comuna POŞTA CÂLNĂU,"""Movila Moroianu”, la 2,8 km S de sat, la E de culmea paralelă cu DN 2B, la fosta fermă",
300,BZ-I-m-B-02269.01,"Necropolă, punct ""Movila Moroianu”",sat POTÂRNICHEŞTI; comuna POŞTA CÂLNĂU,"""Movila Moroianu”, la 2,8 km S de sat, la E de culmea paralelă cu DN 2B, la fosta fermă","sec. IV p. Chr., Epoca migraţiilor, Cultura Sântana de Mureş - Cerneahov"
301,BZ-I-m-B-02269.02,"Necropolă, punct ""Movila Moroianu”",sat POTÂRNICHEŞTI; comuna POŞTA CÂLNĂU,"""Movila Moroianu”, la 2,8 km S de sat, la E de culmea paralelă cu DN 2B, la fosta fermă","mil. IV, Eneolitic"
302,BZ-I-m-B-02269.03,"Necropolă, punct ""Movila Mititelu”",sat POTÂRNICHEŞTI; comuna POŞTA CÂLNĂU,"""Movila Mititelu”, la E de DN 2B, pe culmea paralelă cu şoseaua Buzău-Focşani, la 1,7 km S de sat","sec. IV p. Chr., Epoca migraţiilor, Cultura Sântana de Mureş - Cerneahov"
303,BZ-I-m-B-02269.04,"Necropolă, punct ""Movila Mititelu”",sat POTÂRNICHEŞTI; comuna POŞTA CÂLNĂU,"""Movila Mititelu”, la E de DN 2B, pe culmea paralelă cu şoseaua Buzău-Focşani, la 1,7 km S de sat","sec. XII - V a. Chr., Hallstatt"
304,BZ-I-m-B-02269.05,"Necropolă, punct ""Movila Mititelu”",sat POTÂRNICHEŞTI; comuna POŞTA CÂLNĂU,"""Movila Mititelu”, la E de DN 2B, pe culmea paralelă cu şoseaua Buzău-Focşani, la 1,7 km S de sat","mil. III - II, Epoca bronzului"
305,BZ-I-m-B-02269.06,"Necropolă, punct ""Movila lui Pătraşcu”",sat POTÂRNICHEŞTI; comuna POŞTA CÂLNĂU,"""Movila lui Pătraşcu”, la 1 km V de Satul Nou","sec. IV p. Chr., Epoca migraţiilor, Cultura Sântana de Mureş - Cerneahov"
306,BZ-I-m-B-02269.07,"Necropolă, punct ""Movila lui Pătraşcu”",sat POTÂRNICHEŞTI; comuna POŞTA CÂLNĂU,"""Movila lui Pătraşcu”, la 1 km V de Satul Nou","sec. XII - V a. Chr., Hallstatt"
307,BZ-I-m-B-02269.08,"Necropolă, punct ""Movila Mare”",sat POTÂRNICHEŞTI; comuna POŞTA CÂLNĂU,"""Movila Mare”, la S de sat, pe culmea de la E de şoseaua Buzău- Focşani","sec. VII - V a. Chr., Hallstatt târziu"
308,BZ-I-s-B-02270,Situl arheologic de la Proşca,sat PROŞCA; comuna NĂENI,"""Dealul Proşca”, ""Vârful Proşca”, spre N până la „La trei izvoare” şi 300 m mai sus de cele trei izvoare",
309,BZ-I-m-B-02270.01,Aşezare,sat PROŞCA; comuna NĂENI,"""Vârful Proşca”, în livada de la Cruce",sec. XVII
310,BZ-I-m-B-02270.02,Necropolă,sat PROŞCA; comuna NĂENI,"""Vârful Proşca”, în livada de la Cruce","sec. IV p. Chr., Epoca migraţiilor"
311,BZ-I-m-B-02270.03,Necropolă,sat PROŞCA; comuna NĂENI,"""Dealul Proşca”, de la ""Bătătura vacii”, spre N, până la trei izvoare şi 300 m mai sus","sec. IV p. Chr., Epoca migraţiilor"
312, BZ-I-m-B-02270.04, Aşezare, sat PROŞCA; comuna NĂENI," ""Dealul Proşca”, de la ""Bătătura vacii”, spre N, până la trei izvoare şi 300 m mai sus"," sec. XII - V a. Chr, Hallstatt"
313,BZ-I-m-B-02270.05,Aşezare,sat PROŞCA; comuna NĂENI,"""Dealul Proşca”, de la ""Bătătura vacii”, spre N, până la trei izvoare şi 300 m mai sus","mil. III - II, Epoca bronzului"
314,BZ-I-s-B-02271,Situl arheologic de la Proşca,sat PROŞCA; comuna NĂENI,"""Valea Proştii”, la S-V de sat, până la confluenţă",
315,BZ-I-m-B-02271.01,Aşezare,sat PROŞCA; comuna NĂENI,"""Valea Proştii”, la S-V de sat, până la confluenţă","sec. IV p. Chr, Epoca migraţiilor"
316,BZ-I-m-B-02271.02,Aşezare,sat PROŞCA; comuna NĂENI,"""Valea Proştii”, la S-V de sat, până la confluenţă","mil. III - II, Epoca bronzului"
317,BZ-I-s-B-02272,"Situl arheologic de la Roşioru, punct ""Movila Roşioru”",sat ROŞIORU; comuna COCHIRLEANCA,"""Movila Roşioru” (""Cochirleanca”), la 400 m sud de sat",
318,BZ-I-m-B-02272.01,Morminte,sat ROŞIORU; comuna COCHIRLEANCA,"""Movila Roşioru” (""Cochirleanca”), la 400 m sud de sat","sec. XVI - XVII, Epoca medievală"
319,BZ-I-m-B-02272.02,Aşezare,sat ROŞIORU; comuna COCHIRLEANCA,"""Movila Roşioru” (""Cochirleanca”), la 400 m sud de sat","sec. IV p. Chr., Epoca migraţiilor, Cultura Sântana de Mureş - Cerneahov"
320,BZ-I-s-B-02273,"Situl arheologic de la Roşioru, punct ""Valea Cochirleanca”",sat ROŞIORU; comuna COCHIRLEANCA,"""Valea Cochirleanca”, cca 1 km E de şoseaua Roşioru-Bălăceanu, în fosta grădină de legume, lângă sondă",
321,BZ-I-m-B-02273.01,Aşezare,sat ROŞIORU; comuna COCHIRLEANCA,"""Valea Cochirleanca”, cca 1 km E de şoseaua Roşioru-Bălăceanu, în fosta grădină de legume, lângă sondă","sec. IV - V p. Chr., Epoca migraţiilor"
322,BZ-I-m-B-02273.02,Necropolă,sat ROŞIORU; comuna COCHIRLEANCA,"""Valea Cochirleanca”, cca 1 km E de şoseaua Roşioru-Bălăceanu, în fosta grădină de legume, lângă sondă","sec. IV - V p. Chr., Epoca migraţiilor"
323,BZ-I-s-B-02274,"Situl arheologic de la Rubla, punct ""Movila Miresii”",sat RUBLA; comuna VALEA RÂMNICULUI,"""Movila Miresii” şi ""Movila cu cimitirul”, în centrul satului",
324,BZ-I-m-B-02274.01,Aşezare,sat RUBLA; comuna VALEA RÂMNICULUI,"""Movila Miresii” şi ""Movila cu cimitirul”, în centrul satului","sec. IV p. Chr., Epoca migraţiilor, Cultura Sântana de Mureş - Cerneahov"
325,BZ-I-m-B-02274.02,Aşezare,sat RUBLA; comuna VALEA RÂMNICULUI,"""Movila Miresii” şi ""Movila cu cimitirul”, în centrul satului","sec. XVII - V a. Chr., Hallstatt"
326,BZ-I-m-B-02274.03,Aşezare,sat RUBLA; comuna VALEA RÂMNICULUI,"""Movila Miresii” şi ""Movila cu cimitirul”, în centrul satului","mil. VI - V, Neolitic"
327,BZ-I-s-B-02275,Situl arheologic de la Rubla,sat RUBLA; comuna VALEA RÂMNICULUI,"Pe movilele de-a lungul şoselei spre Sălcioara, de-o parte şi de alta",
328,BZ-I-m-B-02275.01,Aşezare,sat RUBLA; comuna VALEA RÂMNICULUI,"Pe movilele de-a lungul şoselei spre Sălcioara, de-o parte şi de alta","sec. IV - V p. Chr., Epoca migraţiilor"
329,BZ-I-m-B-02275.02,Necropolă,sat RUBLA; comuna VALEA RÂMNICULUI,"Pe movilele de-a lungul şoselei spre Sălcioara, de-o parte şi de alta","sec. IV - V p. Chr., Epoca migraţiilor"
330,BZ-I-m-B-02275.03,Vestigii,sat RUBLA; comuna VALEA RÂMNICULUI,"Pe movilele de-a lungul şoselei spre Sălcioara, de-o parte şi de alta","sec. XII - V a. Chr, Hallstatt"
331,BZ-I-m-B-02275.04,Aşezare,sat RUBLA; comuna VALEA RÂMNICULUI,"Pe movilele de-a lungul şoselei spre Sălcioara, de-o parte şi de alta","mil. III - II, Epoca bronzului"
332,BZ-I-m-B-02275.05,Necropolă,sat RUBLA; comuna VALEA RÂMNICULUI,"Pe movilele de-a lungul şoselei spre Sălcioara, de-o parte şi de alta","mil. III - II, Epoca bronzului"
333,BZ-I-m-B-02275.06,Aşezare,sat RUBLA; comuna VALEA RÂMNICULUI,"Pe movilele de-a lungul şoselei spre Sălcioara, de-o parte şi de alta","mil. VI - V, Neolitic"
334,BZ-I-m-B-02275.07,Necropolă,sat RUBLA; comuna VALEA RÂMNICULUI,"Pe movilele de-a lungul şoselei spre Sălcioara, de-o parte şi de alta","mil. VI - V, Neolitic"
335,BZ-I-s-B-02276,Situl arheologic de la Săhăteni,sat SĂHĂTENI; comuna SĂHĂTENI,"""Movila Piersicului”, ""Movila Galbenă”, ""Movila Dărăbani”, ""Movila Rotundă”",
336,BZ-I-m-B-02276.01,"Aşezare, punct ""Movila Piersicului”",sat SĂHĂTENI; comuna SĂHĂTENI,"""Movila Piersicului”, la 2,5 km S de sat",sec. XVI - XVIII
337,BZ-I-m-B-02276.02,"Necropolă, punct ""Movila Piersicului”",sat SĂHĂTENI; comuna SĂHĂTENI,"""Movila Piersicului”, la 2,5 km S de sat","sec. XI, Epoca migraţiilor"
338,BZ-I-m-B-02276.03,"Necropolă, punct ""Movila Galbenă”",sat SĂHĂTENI; comuna SĂHĂTENI,"""Movila Galbenă”, la 1,4 km S de calea ferată şi la 1,5 km E de canalul Năianca","sec. XIII - XV, Epoca medievală"
339,BZ-I-m-B-02276.04,"Necropolă, punct ""Movila Dărăbani”",sat SĂHĂTENI; comuna SĂHĂTENI,"""Movila Dărăbani”, la NV de sat, cca 0,5 km","mil. I, Epoca fierului"
340,BZ-I-m-B-02276.05,"Aşezare, punct ""Movila Dărăbani”",sat SĂHĂTENI; comuna SĂHĂTENI,"""Movila Dărăbani”, la NV de sat, cca 0,5 km","mil. IV, Eneolitic"
341,BZ-I-m-B-02276.06,Aşezare,sat SĂHĂTENI; comuna SĂHĂTENI,"La N-NV de sat, pe botul de deal la sediul fostei ferme IAS","de sec. IX, Epoca medievală timpurie, Cultura Dridu"
342,BZ-I-m-B-02276.07,Aşezare,sat SĂHĂTENI; comuna SĂHĂTENI,"La N-NV de sat, pe botul de deal la sediul fostei ferme IAS","de mil. III - II, Epoca bronzului"
343,BZ-I-m-B-02276.08,Aşezare,sat SĂHĂTENI; comuna SĂHĂTENI,"La N de sat, podul peste pârâul Năianca","mil. III - II, Epoca bronzului"
344,BZ-I-m-B-02276.09,"Necropolă, punct ""Movila Rotundă”",sat SĂHĂTENI; comuna SĂHĂTENI,"""Movila Rotundă”, la 1 km S de calea ferată şi 1,3 km E de canalul Năianca","mil. IV, Eneolitic"
345,BZ-I-s-B-02277,Situl arheologic de la Sălcioara,sat SĂLCIOARA; comuna GHERGHEASA,"""Movila Nebunului”, ""Trei Movile”",
346,BZ-I-m-B-02277.01,Aşezare,sat SĂLCIOARA; comuna GHERGHEASA,"""Trei Movile”, în colţul Pădurii Sălcioara, la cca 1 km NV de sat",sec. XVI - XVIII
347,BZ-I-m-B-02277.02,Aşezare,sat SĂLCIOARA; comuna GHERGHEASA,"""Movila Nebunului”, în colţul Pădurii Sălcioara, la 3,5 km NV de sat","sec. XI, Epoca medievală timpurie, Cultura Dridu"
348,BZ-I-m-B-02277.03,Vestigii,sat SĂLCIOARA; comuna GHERGHEASA,"""Trei Movile”, în colţul Pădurii Sălcioara, la cca 1 km NV de sat","sec. III - IV p. Chr., Epoca migraţiilor, Cultura Sântana de Mureş - Cerneahov"
349,BZ-I-m-B-02277.04,Aşezare,sat SĂLCIOARA; comuna GHERGHEASA,"""Movila Nebunului”, în colţul Pădurii Sălcioara, la 3,5 km NV de sat","mil. VI - V, Neolitic"
350,BZ-I-m-B-02277.05,Aşezare,sat SĂLCIOARA; comuna GHERGHEASA,"""Trei Movile”, în colţul Pădurii Sălcioara, la cca 1 km NV de sat","sec. XII - V a. Chr, Hallstatt"
351,BZ-I-m-B-02277.06,Aşezare,sat SĂLCIOARA; comuna GHERGHEASA,"""Trei Movile"", în colţul Pădurii Sălcioara, la cca 1 km NV de sat","mil. V, Neolitic târziu"
352,BZ-I-m-B-02277.07,Aşezare,sat SĂLCIOARA; comuna GHERGHEASA,"""Trei Movile”, în colţul Pădurii Sălcioara, la cca 1 km NV de sat","mil. V, Eneolitic"
353,BZ-I-s-B-02278,Situl arheologic de la Săpoca,sat SĂPOCA; comuna SĂPOCA,"""Cula Săpocii”, pe marginea de S E a dealului",şi
354,BZ-I-m-B-02278.01,Aşezare,sat SĂPOCA; comuna SĂPOCA,"""Cula Săpocii”, pe marginea de S E a dealului","şi sec. III - IV p. Chr., Epoca migraţiilor, Cultura Sântana de Mureş - Cerneahov"
355,BZ-I-m-B-02278.02,Necropolă,sat SĂPOCA; comuna SĂPOCA,"""Cula Săpocii”, pe marginea de S E a dealului","şi sec. III - IV p. Chr., Epoca migraţiilor, Cultura Sântana de Mureş -"
356,BZ-I-m-B-02278.03,Aşezare,sat SĂPOCA; comuna SĂPOCA,"""Cula Săpocii”, pe marginea de S E a dealului","şi mil. III - II, Epoca bronzului, Cultura Monteoru"
357,BZ-I-m-B-02278.04,Necropolă,sat SĂPOCA; comuna SĂPOCA,"""Cula Săpocii”, pe marginea de S E a dealului","şi mil. III - II, Epoca bronzului, Cultura Monteoru"
358,BZ-I-s-A-02279,"Situl arheologic de la Sărata Monteoru, punct ""Dealul Cetăţuia""",sat SĂRATA MONTEORU; comuna MEREI,"""Dealul Cetăţuia” şi ""Poiana Scoruşului”, până la albia râului Sărata",
359,BZ-I-m-A-02279.01,Aşezare,sat SĂRATA MONTEORU; comuna MEREI,"""Dealul Cetăţuia” şi ""Poiana Scoruşului”, până la albia râului Sărata","sec. X - XII, Epoca medievală timpurie"
360,BZ-I-m-A-02279.02,Necropolă de incineraţie,sat SĂRATA MONTEORU; comuna MEREI,"""Dealul Cetăţuia” şi ""Poiana Scoruşului”, până la albia râului Sărata","sec. VI - VII, Epoca migraţiilor"
361,BZ-I-m-A-02279.03,Aşezare,sat SĂRATA MONTEORU; comuna MEREI,"""Dealul Cetăţuia” şi ""Poiana Scoruşului”, până la albia râului Sărata","sec. II - I a. Chr., Latène, Cultura geto - dacică"
362,BZ-I-m-A-02279.04,Aşezare,sat SĂRATA MONTEORU; comuna MEREI,"""Dealul Cetăţuia” şi ""Poiana Scoruşului”, până la albia râului Sărata","sec. XII - IX a. Chr., Hallstatt timpuriu"
363,BZ-I-m-A-02279.05,Aşezare,sat SĂRATA MONTEORU; comuna MEREI,"""Dealul Cetăţuia” şi ""Poiana Scoruşului”, până la albia râului Sărata","mil. III - II, Epoca bronzului, Cultura Monteoru"
364,BZ-I-m-A-02279.06,Necropolă (cimitirele 1 - 4),sat SĂRATA MONTEORU; comuna MEREI,"""Dealul Cetăţuia” , şi ""Poiana Scoruşului”, până la albia râului Sărata","mil. III - II, Epoca bronzului, Cultura Monteoru"
365,BZ-I-m-A-02279.07,Aşezare,sat SĂRATA MONTEORU; comuna MEREI,"""Dealul Cetăţuia” şi ""Poiana Scoruşului”, până la albia râului Sărata","mil. IV, Eneolitic, Cultura Cucuteni, faza B"
366,BZ-I-s-B-02280,"Situl arheologic de la Sărata Monteoru, punct ""Huioabă""",sat SĂRATA MONTEORU; comuna MEREI,"""Huioaba”",
367,BZ-I-m-B-02280.01,Aşezare,sat SĂRATA MONTEORU; comuna MEREI,"""Huioaba”, pe terasa înaltă de pe stânga pârâului Sărata, la poalele Dealului Călugărului","sec. X, Epoca migraţiilor"
368,BZ-I-m-B-02280.02,Aşezare,sat SĂRATA MONTEORU; comuna MEREI,"""Huioaba”, pe malul drept al pârâului Sărata, la casa Brătulescu şi vecinii, pe drumul forestier reamenajat în anii ‘80, la cca 1 km NE de sat","sec. XII - V a. Chr., Hallstatt"
369,BZ-I-s-B-02281,Aşezare,sat SĂSENII NOI; comuna VERNEŞTI,"La VNV de izvorul Oarba, pe drumul Baloşului","sec. V a. Chr - I p. Chr., Latène"
370,BZ-I-s-B-02282,Aşezare,sat SĂSENII NOI; comuna VERNEŞTI,"""Pe Dealul Baloşu”, pe drumul Baloşului","sec. II - I a. Chr., Latène, Cultura geto - dacică"
371,BZ-I-s-B-02283,Situl arheologic de la Săsenii Vechi,sat SĂSENII VECHI; comuna VERNEŞTI,"""Gura Hulei”",
372,BZ-I-m-B-02283.01,Aşezare,sat SĂSENII VECHI; comuna VERNEŞTI,"""Gura Hulei”","sec. X, Epoca medievală timpurie"
373,BZ-I-m-B-02283.02,Aşezare,sat SĂSENII VECHI; comuna VERNEŞTI,"""Gura Hulei”","sec. III - IV p. Chr., Epoca migraţiilor, Cultura Sântana de Mureş -"
374,BZ-I-m-B-02283.03,Aşezare,sat SĂSENII VECHI; comuna VERNEŞTI,"""Gura Hulei”","sec. V a. Chr. - I p. Chr., Latène, Cultura geto - dacică"
375,BZ-I-m-B-02283.04,Aşezare,sat SĂSENII VECHI; comuna VERNEŞTI,"""Gura Hulei”","mil. IV, Eneolitic, Cultura Gumelniţa"
376,BZ-I-m-B-02283.05,Aşezare,sat SĂSENII VECHI; comuna VERNEŞTI,"""Gura Hulei”","mil. VI - V, Neolitic mijlociu, Cultura Boian"
377,BZ-I-s-B-02284,Situl arheologic de la Scăeni,sat SCĂENI; comuna BOZIORU,"""Izvorul Murătoarea”, ""Dealul Tocitorilor"", ""Poduri"" sau ""Grădinile Mari""",
378,BZ-I-m-B-02284.01,"Aşezare, punct ""Izvorul Murătoarea”",sat SCĂENI; comuna BOZIORU,"""Izvorul Murătoarea”",sec. XVIII
379,BZ-I-m-B-02284.02,"Aşezare, punct ""Izvorul Murătoarea”",sat SCĂENI; comuna BOZIORU,"""Izvorul Murătoarea”","sec. V a. Chr. - I p. Chr., Latène"
380,BZ-I-m-B-02284.03,"Aşezare, punct ""Izvorul Murătoarea”",sat SCĂENI; comuna BOZIORU,"""Izvorul Murătoarea”","mil. III - II, Epoca bronzului"
381,BZ-I-m-B-02284.04,"Aşezare, punct ""Dealul Tocitorilor”",sat SCĂENI; comuna BOZIORU,"""Dealul Tocitorilor”, pe drumul care urcă din sat spre şeaua dealului, prin care se trece peste aceasta",mil. I p. Chr.
382,BZ-I-m-B-02284.05,"Aşezare, punct ""Dealul Tocitorilor”",sat SCĂENI; comuna BOZIORU,"""Dealul Tocitorilor”, pe drumul care urcă din sat spre şeaua dealului prin care se trece peste aceasta","mil. III - II, Epoca bronzului"
383,BZ-I-m-B-02284.06,"Aşezare, punct ""Poduri sau Grădinile Mari”",sat SCĂENI; comuna BOZIORU,"""Poduri sau Grădinile Mari”, la SV de sat","mil. I p. Chr., Epoca migraţiilor"
384,BZ-I-m-B-02284.07,"Aşezare, punct ""Poduri sau Grădinile Mari”",sat SCĂENI; comuna BOZIORU,"""Poduri sau Grădinile Mari”, la SV de sat","mil. III - II, Epoca bronzului"
385,BZ-I-m-B-02284.08,"Aşezare, punct ""La Silişte”",sat SCĂENI; comuna BOZIORU,"""La Silişte”, pe dreapta pârâului Murătoarea","mil. III - II, Epoca bronzului"
386,BZ-I-s-B-02285,Aşezare,sat SCORŢOASA; comuna SCORŢOASA,"""Valea Balaurului”, cca 4 km de centrul satului","mil. VI - V, Neolitic, Cultura Boian"
387,BZ-I-s-B-02286,Situl arheologic de la Sibiciu Sus,de sat SIBICIU DE SUS; oraş PĂTÂRLAGELE,"""Dealul Burduşoaia”, pe panta de a acestuia, între şoseaua spre Colţi şi drumul spre Gornet",E
388,BZ-I-m-B-02286.01,Aşezare,sat SIBICIU DE SUS; oraş PĂTÂRLAGELE,"""Dealul Burduşoaia”, pe panta de a acestuia, între şoseaua spre Colţi şi drumul spre Gornet","E sec. VII - VIII, Epoca migraţiilor"
389,BZ-I-m-B-02286.02,Aşezare,sat SIBICIU DE SUS; oraş PĂTÂRLAGELE,"""Dealul Burduşoaia”, pe panta de a acestuia, între şoseaua spre Colţi şi drumul spre Gornet","E sec. VI - VII, Epoca medievală timpurie, Cultura Ipoteşti - Cândeşti"
390,BZ-I-m-B-02286.03,Aşezare,sat SIBICIU DE SUS; oraş PĂTÂRLAGELE,"""Dealul Burduşoaia”, pe panta de a acestuia, între şoseaua spre Colţi şi drumul spre Gornet","E sec. V a. Chr. - I p. Chr., Latène"
391,BZ-I-m-B-02286.04,Aşezare,sat SIBICIU DE SUS; oraş PĂTÂRLAGELE,"""Dealul Burduşoaia”, pe panta de a acestuia, între şoseaua spre Colţi şi drumul spre Gornet","E sec. VI - IV a. Chr., Hallstatt"
392,BZ-I-m-B-02286.05,Aşezare,sat SIBICIU DE SUS; oraş PĂTÂRLAGELE,"""Dealul Burduşoaia”, pe panta de a acestuia, între şoseaua spre Colţi şi drumul spre Gornet","E mil. III - II, Epoca bronzului"
393,BZ-I-s-B-02287,Situl arheologic de la Smeeni,sat SMEENI; comuna SMEENI,"În fosta bază furajeră a CEREANIM SA Smeeni; între Smeeni şi Sălcioara, pe malul drept al Călmăţuiului",
394,BZ-I-m-B-02287.01,Necropolă,sat SMEENI; comuna SMEENI,În fosta bază furajeră a CEREANIM SA Smeeni,"sec. IV p. Chr., Epoca migraţiilor, Cultura Sântana de Mureş - Cerneahov"
395,BZ-I-m-B-02287.02,Necropolă,sat SMEENI; comuna SMEENI,"Între Smeeni şi Sălcioara, pe malul Călmăţuiului","mil. VI - V, Neolitic"
396,BZ-I-s-B-02288,Situl arheologic de la Stâlpu,sat STÂLPU; comuna STÂLPU,"Movila lui Pătraşcu, la 1 km NE de sat",
397,BZ-I-m-B-02288.01,Aşezare,sat STÂLPU; comuna STÂLPU,"Movila lui Pătraşcu, la 1 km NE de sat","sec. X - XI, Epoca medievală timpurie"
398,BZ-I-m-B-02288.02,Necropolă,sat STÂLPU; comuna STÂLPU,"Movila lui Pătraşcu, la 1 km NE de sat",mil. I p. Chr.
399,BZ-I-m-B-02288.03,Aşezare,sat STÂLPU; comuna STÂLPU,"Movila lui Pătraşcu, la 1 km NE de sat","sec. V a. Chr. - I p. Chr., Latène"
400,BZ-I-m-B-02288.04,Necropolă,sat STÂLPU; comuna STÂLPU,"Movila lui Pătraşcu, la 1 km NE de sat","sec. V - III a. Chr., Latène"
401,BZ-I-m-B-02288.05,Aşezare,sat STÂLPU; comuna STÂLPU,"Movila lui Pătraşcu, la 1 km NE de sat","sec. XII - V a. Chr., Hallstatt"
402,BZ-I-m-B-02288.06,Necropolă,sat STÂLPU; comuna STÂLPU,"Movila lui Pătraşcu, la 1 km NE de sat","sec. XII - V a. Chr, Hallstatt"
403,BZ-I-s-B-02289,Situl arheologic de la Sudiţi,sat SUDIŢI; comuna GHERĂSENI,"""La Crucea lui Ştefan”, la hotarul dintre Sudiţi şi Bălai",
404,BZ-I-m-B-02289.01,Aşezare,sat SUDIŢI; comuna GHERĂSENI,"""La Crucea lui Ştefan”, la hotarul dintre Sudiţi şi Bălai","sec. IX - XI, Epoca medievală timpurie, Cultura Dridu"
405,BZ-I-m-B-02289.02,Necropolă,sat SUDIŢI; comuna GHERĂSENI,"""La Crucea lui Ştefan”, la hotarul dintre Sudiţi şi Bălai",sec. VIII - XI
406,BZ-I-m-B-02289.03,Aşezare,sat SUDIŢI; comuna GHERĂSENI,"""La Crucea lui Ştefan”, la hotarul dintre Sudiţi şi Bălai","sec. III - V p. Chr., Epoca migraţiilor"
407,BZ-I-m-B-02289.04,Aşezare,sat SUDIŢI; comuna GHERĂSENI,"""La Crucea lui Ştefan”, la hotarul dintre Sudiţi şi Bălaia","mil. IV, Eneolitic, Cultura Gumelniţa"
408,BZ-I-m-B-02289.05,Aşezare,sat SUDIŢI; comuna GHERĂSENI,"""La Crucea lui Ştefan”, la hotarul dintre Sudiţi şi Bălai","mil. V, Neolitic mijlociu, Cultura Boian"
409,BZ-I-m-B-02289.06,Aşezare,sat SUDIŢI; comuna GHERĂSENI,"""La Crucea lui Ştefan”, la hotarul dintre Sudiţi şi Bălai","mil. VI, Neolitic timpuriu, Cultura ceramicii liniare, aspectul Sudiţi"
410,BZ-I-s-B-02290,"Situl arheologic de la Ştiubei, punct ""Movila Săpată""",sat ŞTIUBEI; comuna RÂMNICELU,"""Movila Săpată”, la 700 m E de intersecţia spre Ştiubei",
411,BZ-I-m-B-02290.01,Necropolă,sat ŞTIUBEI; comuna RÂMNICELU,"""Movila Săpată”, la 700 m E de intersecţia spre Ştiubei","sec. X - XI, Epoca medievală timpurie"
412,BZ-I-m-B-02290.02,Aşezare,sat ŞTIUBEI; comuna RÂMNICELU,"""Movila Săpată”, la 700 m E de intersecţia spre Ştiubei","mil. III - II, Epoca bronzului"
413,BZ-I-m-B-02290.03,Aşezare,sat ŞTIUBEI; comuna RÂMNICELU,"""Movila Săpată”, la 700 m E de intersecţia spre Ştiubei","mil. VI - V, Neolitic"
414,BZ-I-s-B-02291,"Situl arheologic de la Ştiubei, punct ""Movila lui Panait D. Matei”",sat ŞTIUBEI; comuna RÂMNICELU,"""Movila lui Panait D. Matei”, la 1,6 km SSE de sat, la E de şosea",
415,BZ-I-m-B-02291.01,Necropolă,sat ŞTIUBEI; comuna RÂMNICELU,"""Movila lui Panait D. Matei”, la 1,6 km SSE de sat, la E de şosea","sec. XI, Epoca medievală timpurie"
416,BZ-I-m-B-02291.02,Aşezare,sat ŞTIUBEI; comuna RÂMNICELU,"""Movila lui Panait D. Matei”, la 1,6 km SSE de sat, la E de şosea","sec. IV p. Chr., Epoca migraţiilor, Cultura Sântana de Mureş - Cerneahov"
417,BZ-I-m-B-02291.03,Aşezare,sat ŞTIUBEI; comuna RÂMNICELU,"""Movila lui Panait D. Matei”, la 1,6 km SSE de sat, la E de şosea","mil. III - II, Epoca bronzului"
418,BZ-I-m-B-02291.04,Aşezare,sat ŞTIUBEI; comuna RÂMNICELU,"""Movila lui Panait D. Matei”, la 1,6 km SSE de sat, la E de şosea","mil. VI - V, Neolitic"
419,BZ-I-s-B-02292,Aşezare,sat ŞUCHEA; comuna CĂNEŞTI,"""Valea Largă”, pe locul lui Al.Tănase","mil. III - II, Epoca bronzului, Cultura Monteoru"
420, BZ-I-s-B-02293, Situl arheologic de la Târcov, sat TÂRCOV; comuna PÂRSCOV," ""La Piatra cu lilieci”",
421,BZ-I-m-B-02293.01,Aşezare fortificată,sat TÂRCOV; comuna PÂRSCOV,"""La Piatra cu lilieci”","sec. I a. Chr., Latène, Cultura geto - dacică"
422,BZ-I-m-B-02293.02,Aşezare,sat TÂRCOV; comuna PÂRSCOV,"""La Piatra cu lilieci”","mil. III - II, Epoca bronzului"
423,BZ-I-s-B-02294,Situl arheologic de la Udaţi- Lucieni,sat UDAŢI-LUCIENI; comuna SMEENI,"""La Pascoli”",
424,BZ-I-m-B-02294.01,Aşezare,sat UDAŢI-LUCIENI; comuna SMEENI,"""La Pascoli”","sec. IX - X, Epoca medievală timpurie, Cultura Dridu"
425,BZ-I-m-B-02294.02,Aşezare,sat UDAŢI-LUCIENI; comuna SMEENI,"""La Pascoli”","sec. III - IV p. Chr., Epoca migraţiilor, Cultura Sântana de Mureş -"
426,BZ-I-s-B-02295,Situl arheologic de la Ulmeni,sat ULMENI; comuna ULMENI,"""Movila lui Reteşan”, ""La Teişanu”, ""La puţul dealului”, ""Trei movile”, ""La Gheorghiu”, ""Movila Ulmeni”",
427,BZ-I-m-B-02295.01,Aşezare,sat ULMENI; comuna ULMENI,"""La Biserica veche”, cca 1,5 km sud de sat",sec. XVI - XVIII
428,BZ-I-m-B-02295.02,Necropolă,sat ULMENI; comuna ULMENI,"""Movila lui Reteşan”, ""La Teişanu”, ""La puţul dealului”, ""Trei movile”, ""La Gheorghiu”, ""Movila Ulmeni”","sec. VIII - XI, Epoca medievală timpurie"
429,BZ-I-m-B-02295.03,Necropolă,sat ULMENI; comuna ULMENI,"""Movila lui Reteşan”, ""La Teişanu”, ""La puţul dealului”, ""Trei movile”, ""La Gheorghiu”, ""Movila Ulmeni”","sec. IV - VI p. Chr., Epoca migraţiilor"
430, BZ-I-m-B-02295.04, Necropolă, sat ULMENI; comuna ULMENI," ""Movila lui Reteşan”, ""La Teişanu”, ""La puţul dealului”, ""Trei movile”, ""La Gheorghiu”, ""Movila Ulmeni”", sec. II - III p. Chr.
431,BZ-I-m-B-02295.05,Aşezare,sat ULMENI; comuna ULMENI,"""Movila lui Reteşan”, ""La Teişanu”, ""La puţul dealului”, ""Trei movile”, ""La Gheorghiu”, ""Movila Ulmeni”","sec. XII - V a. Chr., Hallstatt"
432,BZ-I-m-B-02295.06,Aşezare,sat ULMENI; comuna ULMENI,"""Movila lui Reteşan”, ""La Teişanu”, ""La puţul dealului”, ""Trei movile”, ""La Gheorghiu”, ""Movila Ulmeni”","mil. III - II, Epoca bronzului"
433,BZ-I-m-B-02295.07,Aşezare,sat ULMENI; comuna ULMENI,"""Movila lui Reteşan”, ""La Teişanu”, ""La puţul dealului”, ""Trei movile”, ""La Gheorghiu”, ""Movila Ulmeni”","mil. V, Eneolitic"
434,BZ-I-s-B-02296,Situl arheologic de la Ursoaia,sat URSOAIA; comuna VIPEREŞTI,"""La movilă”, în vatra satului",
435,BZ-I-m-B-02296.01,Aşezare,sat URSOAIA; comuna VIPEREŞTI,"""La movilă”, în vatra satului",sec. XVI - XVIII
436,BZ-I-m-B-02296.02,Aşezare,sat URSOAIA; comuna VIPEREŞTI,"""La movilă”, în vatra satului","mil. III - II, Epoca bronzului"
437,BZ-I-s-B-02297,Situl arheologic de la Vadu Soreşti,sat VADU SOREŞTI; comuna ZĂRNEŞTI,"""Şumurdoaia”, la SE de localitate",
438,BZ-I-m-B-02297.01,Aşezare,sat VADU SOREŞTI; comuna ZĂRNEŞTI,"""Şumurdoaia”, la SE de localitate","sec. IV - V p. Chr., Epoca migraţiilor"
439,BZ-I-m-B-02297.02,Necropolă,sat VADU SOREŞTI; comuna ZĂRNEŞTI,"""Şumurdoaia”, la SE de localitate","sec. IV - V p. Chr., Epoca migraţiilor"
440,BZ-I-s-B-02298,Situl arheologic de la Vadu Soreşti,sat VADU SOREŞTI; comuna ZĂRNEŞTI,"În luncă, pe drumul spre Petrişoru, în marginea de NE a satului",
441,BZ-I-m-B-02298.01,Aşezare,sat VADU SOREŞTI; comuna ZĂRNEŞTI,"În luncă, pe drumul spre Petrişoru, în marginea de NE a satului","sec. XVI - XVII, Epoca medievală"
442,BZ-I-m-B-02298.02,Necropolă,sat VADU SOREŞTI; comuna ZĂRNEŞTI,"În luncă, pe drumul spre Petrişoru, în marginea de NE a satului","sec. XVI - XVII, Epoca medievală"
443,BZ-I-m-B-02298.03,Aşezare,sat VADU SOREŞTI; comuna ZĂRNEŞTI,"În luncă, pe drumul spre Petrişoru, în marginea de NE a satului","sec. IX - XI, Epoca medievală timpurie"
444,BZ-I-m-B-02298.04,Necropolă,sat VADU SOREŞTI; comuna ZĂRNEŞTI,"În luncă, pe drumul spre Petrişoru, în marginea de NE a satului","sec. IX - XI, Epoca medievală timpurie"
445,BZ-I-m-B-02298.05,Aşezare,sat VADU SOREŞTI; comuna ZĂRNEŞTI,"În luncă, pe drumul spre Petrişoru, în marginea de NE a satului",sec. III - IV p. Chr.
446,BZ-I-m-B-02298.06,Necropolă,sat VADU SOREŞTI; comuna ZĂRNEŞTI,"În luncă, pe drumul spre Petrişor, în marginea de NE a satului",sec. III - IV p. Chr.
447,BZ-I-m-B-02298.07,Aşezare,sat VADU SOREŞTI; comuna ZĂRNEŞTI,"În luncă, pe drumul spre Petrişoru, în marginea de NE a satului","mil. VI - V, Neolitic"
448,BZ-I-m-B-02298.08,Necropolă,sat VADU SOREŞTI; comuna ZĂRNEŞTI,"În luncă, pe drumul spre Petrişoru, în marginea de NE a satului","mil. VI - V, Neolitic"
449,BZ-I-s-B-02299,Necropolă,sat VADU SOREŞTI; comuna ZĂRNEŞTI,"""Dealul Şumurdoaia”, la NE de sat, peste pârâu","sec. IV - V p. Chr., Epoca migraţiilor"
450,BZ-I-s-B-02300,Situl arheologic de la Valea Lupului,sat VALEA LUPULUI; oraş PĂTÂRLAGELE,"""Vârful şi Culmea Chichilău”, ""Pe platoul Podei”",
451,BZ-I-m-B-02300.01,Aşezare,sat VALEA LUPULUI; oraş PĂTÂRLAGELE,"""Pe platoul Podei”, în latura de NV a satului, la V de şoseaua Buzău- Braşov",sec. XVIII - XIX
452,BZ-I-m-B-02300.02,Aşezare,sat VALEA LUPULUI; oraş PĂTÂRLAGELE,"""Pe platoul Podei”, în latura de NV a satului, la V de şoseaua Buzău- Braşov","sec. VIII - XII, Epoca medievală timpurie"
453,BZ-I-m-B-02300.03,Aşezare,sat VALEA LUPULUI; oraş PĂTÂRLAGELE,"""Pe platoul Podei”, în latura de NV a satului, la V de şoseaua Buzău- Braşov","sec. IV p. Chr., Epoca migraţiilor"
454,BZ-I-m-B-02300.04,Aşezare,sat VALEA LUPULUI; oraş PĂTÂRLAGELE,"""Vârful şi Culmea Chichilău”, în latura de NV a satului şi la poalele acestuia","sec. II a. Chr. - sec. I p. Chr., Latène, Cultura geto - dacică"
455,BZ-I-m-B-02300.05,Aşezare,sat VALEA LUPULUI; oraş PĂTÂRLAGELE,"""Vârful şi Culmea Chichilău”, în latura de NV a satului şi la poalele acestuia","sec. XII - V a. Chr., Hallstatt"
456,BZ-I-m-B-02300.06,Aşezare,sat VALEA LUPULUI; oraş PĂTÂRLAGELE,"""Vârful şi Culmea Chichilău”, în latura de NV a satului şi la poalele acestuia","mil. III - II, Epoca bronzului"
457,BZ-I-m-B-02300.07,Aşezare,sat VALEA LUPULUI; oraş PĂTÂRLAGELE,"""Vârful şi Culmea Chichilău”, în latura de NV a satului şi la poalele acestuia","mil. VI - V, Neolitic"
458,BZ-I-s-B-02301,Situl arheologic de la Valea Puţului,sat VALEA PUŢULUI MEREI; comuna MEREI,"""Hula Pităresei”, la S de sat",
459,BZ-I-m-B-02301.01,Aşezare,sat VALEA PUŢULUI MEREI; comuna MEREI,"""Hula Pităresei”, la S de sat","sec. IV p. Chr., Epoca migraţiilor"
460,BZ-I-m-B-02301.02,Necropolă,sat VALEA PUŢULUI MEREI; comuna MEREI,"""Hula Pităresei”, la S de sat","sec. IV p. Chr, Epoca migraţiilor"
461,BZ-I-s-B-02302,Situl arheologic de la Valea Râmnicului,sat VALEA RÂMNICULUI; comuna VALEA RÂMNICULUI,"""Movila Lungă”, ""Movila Mare”, ""Movila cu vie”",
462,BZ-I-m-B-02302.01,Necropolă,sat VALEA RÂMNICULUI; comuna VALEA RÂMNICULUI,"""Movila Mare”, la cca 1,5 km S de sat, la E de drumul spre Heliade Rădulescu","sec. IV - V p. Chr., Epoca migraţiilor"
463,BZ-I-m-B-02302.02,Aşezare,sat VALEA RÂMNICULUI; comuna VALEA RÂMNICULUI,"În marginea de S a satului, peste calea ferată, la 270 m E de şoseaua Valea Râmnicului - Rubla","sec. III - V p. Chr., Epoca migraţiilor"
464,BZ-I-m-B-02302.03,Vestigii,sat VALEA RÂMNICULUI; comuna VALEA RÂMNICULUI,"""Movila Lungă”, ""Movila cu vie”, S de sat, pe şoseaua Rm. Sărat- Ziduri, la km 6+200, la 600 m E de intersecţia cu drumul spre Heliade Rădulescu","la sec. III - IV p. Chr., Epoca migraţiilor"
465,BZ-I-m-B-02302.04,Aşezare,sat VALEA RÂMNICULUI; comuna VALEA RÂMNICULUI,În marginea de N a satului,"sec. IV - III a. Chr., Latène A-B, Cultura geto - dacică"
466,BZ-I-m-B-02302.05,Aşezare,sat VALEA RÂMNICULUI; comuna VALEA RÂMNICULUI,"În marginea de S a satului, peste calea ferată, la 270 m E de şoseaua Valea Râmnicului - Rubla","sec. XII - V a. Chr., Hallstatt"
467,BZ-I-m-B-02302.06,Aşezare,sat VALEA RÂMNICULUI; comuna VALEA RÂMNICULUI,"În marginea de S a satului, peste calea ferată, la 270 m E de şoseaua Valea Râmnicului - Rubla","mil. II, Epoca bronzului târziu"
468,BZ-I-s-B-02303,Situl arheologic de la Valea Viei,sat VALEA VIEI; oraş PĂTÂRLAGELE,"""La Biserică”, ""La Dedu”, în gospodăriile din jurul bisericii şi pe panta de peste gârlă",
469,BZ-I-m-B-02303.01,Aşezare,sat VALEA VIEI; oraş PĂTÂRLAGELE,"""La Biserică”, în gospodăriile din jur şi pe panta de peste gârlă","sec. VI - VII, Epoca migraţiilor"
470,BZ-I-m-B-02303.02,Necropolă,sat VALEA VIEI; oraş PĂTÂRLAGELE,"""La Dedu”, în marginea de E a satului, sub dealul înalt","mil. III - II, Epoca bronzului"
471,BZ-I-s-B-02304,Aşezare,sat VALEA VIEI; oraş PĂTÂRLAGELE,"""Vârful Stânii”, pe platoul dealului","sec. II a. Chr. - I p. Chr., Latène, Cultura geto - dacică"
472,BZ-I-s-B-02305,Situl arheologic de la Văcăreasca,sat VĂCĂREASCA; comuna GLODEANU- SILIŞTEA,"""La Silişte”, la S de sat, în jurul lacului, pe Valea Cotorcii",
473,BZ-I-m-B-02305.01,Aşezare,sat VĂCĂREASCA; comuna GLODEANU- SILIŞTEA,"""La Silişte”, la S de sat, în jurul lacului, pe Valea Cotorcii",sec. XVI - XVIII
474,BZ-I-m-B-02305.02,Aşezare,sat VĂCĂREASCA; comuna GLODEANU- SILIŞTEA,"""La Silişte”, la S de sat, în jurul lacului, pe Valea Cotorcii","sec. IV p. Chr., Epoca migraţiilor"
475,BZ-I-m-B-02305.03,Necropolă,sat VĂCĂREASCA; comuna GLODEANU- SILIŞTEA,"""La Silişte”, la S de sat, în jurul lacului, pe Valea Cotorcii","sec. IV p. Chr., Epoca migraţiilor"
476,BZ-I-m-B-02305.04,Aşezare,sat VĂCĂREASCA; comuna GLODEANU- SILIŞTEA,"""La Silişte”, la S de sat, în jurul lacului, pe Valea Cotorcii","sec. V a. Chr. - I p. Chr., Latène, Cultura geto - dacică"
477,BZ-I-m-B-02305.05,Aşezare,sat VĂCĂREASCA; comuna GLODEANU- SILIŞTEA,"""La Silişte”, la S de sat, în jurul lacului, pe Valea Cotorcii","mil. V, Neolitic mijlociu"
478,BZ-I-s-B-02306,Situl arheologic de la Ziduri,sat ZIDURI; comuna ZIDURI,"""Orjăneasca Mare”, ""Mijlocie” şi ""Mică”, la cca. 2 - 3 km N de sat",
479,BZ-I-m-B-02306.01,Necropolă,sat ZIDURI; comuna ZIDURI,"""Orjăneasca Mare”, ""Mijlocie” şi ""Mică”, la 2-3 km N de sat","sec. XI - XIII, Epoca medievală timpurie"
480,BZ-I-m-B-02306.02,Necropolă,sat ZIDURI; comuna ZIDURI,"""Orjăneasca Mare”, ""Mijlocie” şi ""Mică”, la 2-3 km N de sat","sec. XI, Epoca migraţiilor"
481,BZ-I-m-B-02306.03,Necropolă,sat ZIDURI; comuna ZIDURI,"""Orjăneasca Mare”, ""Mijlocie” şi ""Mică”, la 2-3 km N de sat",sec. II - IV p. Chr.
482,BZ-I-m-B-02306.04,Necropolă,sat ZIDURI; comuna ZIDURI,"""Orjăneasca Mare”, ""Mijlocie” şi ""Mică”, la 2-3 km N de sat",mil. I
483,BZ-I-m-B-02306.05,Necropolă,sat ZIDURI; comuna ZIDURI,"""Orjăneasca Mare”, ""Mijlocie” şi ""Mică”, la 2-3 km N de sat","mil. III - II, Epoca bronzului"
484,BZ-I-m-B-02306.06,Necropolă,sat ZIDURI; comuna ZIDURI,"""Orjăneasca Mare”, ""Mijlocie” şi ""Mică”, la 2-3 km N de sat","mil. IV, Eneolitic"
485,BZ-I-s-B-02307,Aşezare,sat ZOIŢA; comuna ZIDURI,"""Movila Zoiţa”, la cca 1 km SV de sat","mil. III - II, Epoca bronzului, Cultura Monteoru"
486,BZ-I-s-B-02308,Aşezare,sat ZOREŞTI; comuna VERNEŞTI,În faţa casei Anica Văduva în marginea de S a satului,"sec. III - IV p. Chr., Epoca migraţiilor"
487,BZ-I-s-B-02309,Situl arheologic de la Zoreşti,sat ZOREŞTI; comuna VERNEŞTI,"""La Popeasca"", ""La Hrubă”",
488,BZ-I-m-B-02309.01,Crama Veche,sat ZOREŞTI; comuna VERNEŞTI,"""La Popeasca”, în marginea de V fostului sat Valea Teancului, peste Valea Produleasa de la crama veche",a sec. XVIII - XIX
489,BZ-I-m-B-02309.02,Aşezare,sat ZOREŞTI; comuna VERNEŞTI,"""La Hrubă”, la V de sat, pe Valea Produleasa, spre Parmac",sec. XVI - XIX
490,BZ-I-m-B-02309.03,Conductă din olane,sat ZOREŞTI; comuna VERNEŞTI,"""La Hrubă”, la V de sat, pe Valea Produleasa, spre Parmac",sec. XVI - XIX
491,BZ-I-s-B-02310,"Situl arheologic de la Zoreşti, punct ""Cătunul Nisip""",sat ZOREŞTI; comuna VERNEŞTI,"""Cătunul Nisip”, la intrarea în sat",
492,BZ-I-m-B-02310.01,Necropolă,sat ZOREŞTI; comuna VERNEŞTI,"""Cătunul Nisip”, la intrarea în sat","sec. IV - V p. Chr., Epoca migraţiilor"
493,BZ-I-m-B-02310.02,Aşezare,sat ZOREŞTI; comuna VERNEŞTI,"""Cătunul Nisip”, la intrarea în sat","mil. III - II, Epoca bronzului"
494,BZ-I-s-B-02311,Aşezare,sat ZOREŞTI; comuna VERNEŞTI,"""Vârful Ţigănoaia”, la V de sat peste Valea Ghenoiului","sec. II a. Chr. - sec. I p. Chr., Latène, Cultura geto - dacică"
495,BZ-II-m-B-02312,Podul de cale ferată peste râul Buzău,municipiul BUZĂU,"La cca 1,5 km de municipiul Buzău",1872
496,BZ-II-a-B-02347,Ansamblul conacului Marghiloman,municipiul BUZĂU,"Ansamblu delimitat de „zidul lui Marghiloman”, construcţie desfăşurată pe străzile: Luceafărului (din dreptul imobilului cu nr. 33C), Horticolei, fosta stradă a Florilor, parţial pe partea dreaptă a străzii Plantelor (de la imobilul nr. 6 până la intrarea în Complexul de servicii pentru persoane vârstnice), tot parţial pe partea stângă a străzii Plantelor (cu începere de la limita imobilului cu nr. 2), apoi continuat în unghi drept, în stânga, paralel cu fostele grajduri, până în apropierea cartierului Dorobanţi extindere; partea de nord-vest de strada care separă ansamblul Conacului Marghiloman de cartierul Dorobanţi extindere",sec. XIX cu în
497,BZ-II-m-B-02347.01,Vila Albatros,municipiul BUZĂU,În incinta Ansamblului conacului Marghiloman,sec. XIX
498,BZ-II-m-B-02347.02,Clădiri anexe,municipiul BUZĂU,"În incinta Ansamblului conacului Marghiloman, str. Plantelor nr. 8A",sec. XIX
499,BZ-II-m-B-02313,Fosta uzină electrică,municipiul BUZĂU,"Str. Averescu, Mareşal 3",1926
500,BZ-II-a-A-02321,"Ansamblul bisericii ""Naşterea Maicii Domnului""",municipiul BUZĂU,Str. Băieşu Ion 1,1649
501,BZ-II-m-A-02321.01,"Biserica ""Naşterea Maicii Domnului"" - Neguţători",municipiul BUZĂU,Str. Băieşu Ion 1,1649
502,BZ-II-m-A-02321.02,Turn clopotniţă,municipiul BUZĂU,Str. Băieşu Ion 1,1837
503,BZ-II-m-B-02314,Hotel Coroana,municipiul BUZĂU,Bd. Bălcescu Nicolae 1,1926 – 1928
504,BZ-II-m-A-02315,Tribunalul judeţean,municipiul BUZĂU,Bd. Bălcescu Nicolae 8,1908 - 1912
505,BZ-II-m-B-02316,Şcoala generală nr. 1,municipiul BUZĂU,Bd. Bălcescu Nicolae 28,1896
506,BZ-II-m-B-20957,Fostul Spital I. C. Brătianu,municipiul BUZĂU,Bd. Bălcescu Nicolae 40,sf. sec. XIX
507,BZ-II-m-B-02317,Muzeul Judeţean Buzău,municipiul BUZĂU,Bd. Bălcescu Nicolae 50,1931 – 1937
508,BZ-II-m-B-02318,Casă,municipiul BUZĂU,Str. Bistriţei 7,sf. sec. XIX
509,BZ-II-m-A-02319,"Biserica ""Buna Vestire”",municipiul BUZĂU,Str. Bistriţei 53,sec. XVI
510,BZ-II-a-A-02320,"Ansamblul bisericii ""Adormirea Maicii Domnului” - Broşteni",municipiul BUZĂU,Str. Broşteni 15,1709
511,BZ-II-m-A-02320.01,"Biserica ""Adormirea Maicii Domnului” - Broşteni",municipiul BUZĂU,Str. Broşteni 15,1709
512,BZ-II-m-A-02320.02,Turn clopotniţă,municipiul BUZĂU,Str. Broşteni 15,1914
513,BZ-II-a-B-02322,"Ansamblul ""Str.Cuza Vodă""",municipiul BUZĂU,Str. Cuza Vodă,sec. XIX
514,BZ-II-a-A-02324,Ansamblul Episcopiei Buzăului,municipiul BUZĂU,Aleea Episcopiei 2-3,sec. XVII - XIX
515,BZ-II-m-A-02324.01,"Biserica ""Adormirea Maicii Domnului""",municipiul BUZĂU,Aleea Episcopiei 2-3,"1649, sec. XVII"
516,BZ-II-m-A-02324.02,Paraclis,municipiul BUZĂU,Aleea Episcopiei 2-3,1841
517,BZ-II-m-A-02324.03,Palatul Episcopal,municipiul BUZĂU,Aleea Episcopiei 2-3,"1709, sec. XVII, sec. XX"
518,BZ-II-m-A-02324.04,Seminarul vechi,municipiul BUZĂU,Aleea Episcopiei 2-3,1838
519,BZ-II-m-A-02324.05,Cancelarie,municipiul BUZĂU,Aleea Episcopiei 2-3,1819 – 1839
520,BZ-II-m-A-02324.06,Turn clopotniţă,municipiul BUZĂU,Aleea Episcopiei 2-3,sec. XVIII - XIX
521,BZ-II-m-A-02324.07,Zid de incintă,municipiul BUZĂU,Aleea Episcopiei 2-3,sec. XVIII - XIX
522,BZ-II-m-B-02327,Casă,municipiul BUZĂU,Bd. Gării 14,sf. sec. XIX
523,BZ-II-m-B-02328,Casă,municipiul BUZĂU,Bd. Gării 15,cca. 1900
524,BZ-II-m-B-02329,Grădiniţa nr. 6,municipiul BUZĂU,Bd. Gării 19,1915
525,BZ-II-m-B-02330,Casă,municipiul BUZĂU,Bd. Gării 21,1896
526,BZ-II-m-B-02326,"Colegiul Naţional ""B.P. Hasdeu”",municipiul BUZĂU,Str. Gării 1,1886 – 1889
527,BZ-II-m-B-02331,Casă,municipiul BUZĂU,Str. Griviţei 1,sf. sec. XIX
528,BZ-II-m-B-02332,Casă,municipiul BUZĂU,Str. Griviţei 9,sf. sec. XIX
529,BZ-II-m-B-02333,"Liceul Pedagogic ""Spiru Haret”",municipiul BUZĂU,Str. Haret Spiru 6,1925
530,BZ-II-m-B-02334,"Colegiul Naţional ""Mihai Eminescu”",municipiul BUZĂU,Str. Independenţei 22,1925 – 1931
531,BZ-II-m-B-02335,"Biserica ""Sf. Nicolae”",municipiul BUZĂU,"Str. Leului 12, Cartier Dorobanţi 1",1826
532,BZ-II-a-B-02336,"Ansamblul ""Str. Alexandru Marghiloman""",municipiul BUZĂU,"Str. Marghiloman Alexandru, între str. Cuza Vodă şi str. Tăbăcari",sec. XIX
533,BZ-II-m-B-02337,Han,municipiul BUZĂU,Str. Marghiloman Alexandru 2,sec. XIX
534,BZ-II-m-B-02338,Han,municipiul BUZĂU,Str. Marghiloman Alexandru 15-17,sec. XIX
535,BZ-II-m-B-02339,Templul comunităţii evreieşti,municipiul BUZĂU,Str. Marghiloman Alexandru 29,sec. XIX
536,BZ-II-m-B-02340,"Casa Seceleanu, azi Inspectoratul şcolar judeţean Buzău",municipiul BUZĂU,Str. Marghiloman Alexandru 30,1890
537,BZ-II-a-B-02341,"Ansamblul ""Str. Ostrovului""",municipiul BUZĂU,"Str. Ostrovului, între str. Unirii şi str. Independenţei",sec. XIX
538,BZ-II-m-B-20459,"Biserica ""Sf. Îngeri”",municipiul BUZĂU,Str. Ostrovului 10,1619
539,BZ-II-m-B-02343,Casă,municipiul BUZĂU,Str. Ostrovului 29,1912
540,BZ-II-m-B-02344,Casă,municipiul BUZĂU,Str. Panduri 3,înc. sec. XX
541,BZ-II-m-B-02345,Casă,municipiul BUZĂU,Str. Panduri 9,1912
542,BZ-II-m-B-02346,Casă,municipiul BUZĂU,Str. Patriei 78,sec. XIX
543,BZ-II-m-B-02348,Spitalul Gârlaşi (clădirea veche),municipiul BUZĂU,Str. Plevnei 26,"sec. XVIII, ref., 1905 - 1907"
544,BZ-II-m-B-02349,"Biserica ""Sf. Împăraţi Constantin şi Elena”",municipiul BUZĂU,Str. Primăverii 3,1780
545,BZ-II-m-A-02350,"Casă, azi Colecţia de etnografie artă populară a Muzeului Buzău",şi municipiul BUZĂU,Str. Războieni 8,sec. XVIII
546,BZ-II-m-A-02351,"Biblioteca judeţeană ""Vasile Voiculescu”",municipiul BUZĂU,Str. Unirii 140,1914
547,BZ-II-m-A-02323,Primăria municipiului Buzău,municipiul BUZĂU,Str. Unirii 163,1899 – 1903
548,BZ-II-a-A-02352,Ansamblul rupestru de la Aluniş,sat ALUNIŞ; comuna COLŢI,40,sec. XVI
549,BZ-II-m-A-02352.01,"Biserica rupestră ""Tăierea Capului Sf. Ioan Botezătorul”",sat ALUNIŞ; comuna COLŢI,40,mijl.sec. XVI - mijl.sec. XVII
550,BZ-II-m-A-02352.02,Chilii,sat ALUNIŞ; comuna COLŢI,40,sec. XVI - XIX
551,BZ-II-m-B-02354,Casa Ştefan Popa,sat BALTA ALBĂ; comuna BALTA ALBĂ,154,1925
552,BZ-II-m-B-02357,"Biserica ""Înălţarea Domnului”",sat BĂBENI; comuna TOPLICENI,134,sec. XVIII
553,BZ-II-m-A-02356,"Biserica ""Adormirea Maicii Domnului” şi ""Sf. Nicolae"" - Drăgheşti",sat BĂBENI; comuna TOPLICENI,435,1747
554,BZ-II-a-B-02427,"Ansamblul bisericii ""Adormirea Maicii Domnului”",sat BĂLĂNEŞTI; comuna COZIENI,Punct Mărculeşti,1834
555,BZ-II-m-B-02427.01,"Biserica ""Adormirea Maicii Domnului” - Mărculeşti",sat BĂLĂNEŞTI; comuna COZIENI,Punct Mărculeşti,1834
556,BZ-II-m-B-02427.02,Clopotniţă,sat BĂLĂNEŞTI; comuna COZIENI,Punct Mărculeşti,1841
557,BZ-II-m-B-02358,"Biserica de lemn ""Sf. Voievozi”",sat BĂLĂNEŞTI; comuna COZIENI,165,1841
558,BZ-II-a-A-20156,Mănăstirea “Poiana Mărului”,sat BĂLTĂGARI; comuna BISOCA,"98, la 4 km de satul Bisoca, pe DJ 204C",sec. XVIII
559,BZ-II-m-A-20156.01,Biserica de lemn “Naşterea Domnului”,Maicii sat BĂLTĂGARI; comuna BISOCA,"98, la 4 km de satul Bisoca, pe DJ 204C",1777
560,BZ-II-m-A-20156.02,Biserica de lemn “Duminica tuturor sfinţilor”,sat BĂLTĂGARI; comuna BISOCA,"98, la 4 km de satul Bisoca, pe DJ 204C",1812
561,BZ-II-m-A-02360,"Biserica ""Sf. Nicolae”",sat BÂSCENII DE JOS; comuna CALVINI,58,1775
562,BZ-II-m-B-02359,Casa Săseanu,sat BÂSCENII DE JOS; comuna CALVINI,Str. Principală 55,1906
563,BZ-II-m-B-02361,Casa Bocănescu,sat BÂSCENII DE SUS; comuna CALVINI,Str. Principală 282,sf. sec. XIX
564,BZ-II-m-B-02362,Schela Arbănaşi,sat BERCA; comuna BERCA,Beceni,1903
565,BZ-II-a-A-02363,Fosta mănăstire Berca,sat BERCA; comuna BERCA,130,sec. XVII - XIX
566,BZ-II-m-A-02363.01,"Biserica ""Sf. Arhangheli Mihail Gavril”",şi sat BERCA; comuna BERCA,130,1694
567,BZ-II-m-A-02363.02,Ruine case egumeneşti,sat BERCA; comuna BERCA,130,sec. XVII - XIX
568,BZ-II-m-A-02363.03,Chilii (ruine),sat BERCA; comuna BERCA,130,sec. XVII - XIX
569,BZ-II-m-A-02363.04,Turn clopotniţă (ruine),sat BERCA; comuna BERCA,130,sec. XVII - XIX
570,BZ-II-m-A-02363.05,Zid de incintă (ruină),sat BERCA; comuna BERCA,130,sec. XVII - XIX
571,BZ-II-m-B-02364,Casa Dumitru Pâslaru,sat BOLDU; comuna BOLDU,277,1900
572,BZ-II-a-B-02370,"Ansamblul bisericii ""Sf. Voievozi”",sat BOZIORU; comuna BOZIORU,"140, ""Râu""",1784
573,BZ-II-m-B-02370.01,"Biserica de lemn ""Sf. Voievozi”",sat BOZIORU; comuna BOZIORU,"140, ""Râu""",1784
574,BZ-II-m-B-02370.02,Clopotniţă,sat BOZIORU; comuna BOZIORU,"140, ""Râu""",1784
575,BZ-II-a-B-02365,"Ansamblul bisericii ""Naşterea Maicii Domnului”",sat BOZIORU; comuna BOZIORU,"229, Bozioru de Sus",sec. XVIII
576,BZ-II-m-B-02365.01,"Biserica de lemn ""Naşterea Maicii Domnului”",sat BOZIORU; comuna BOZIORU,"229, Bozioru de Sus","cca. 1700, 1774"
577,BZ-II-m-B-02365.02,Clopotniţă,sat BOZIORU; comuna BOZIORU,"229, Bozioru de Sus","cca. 1700, 1774"
578,BZ-II-a-B-02371,"Ansamblul bisericii ""Înălţarea Domnului”",sat BUDA CRĂCIUNEŞTI; comuna CISLĂU,,1793
579,BZ-II-m-B-02371.01,"Biserica de lemn ""Înălţarea Domnului”",sat BUDA CRĂCIUNEŞTI; comuna CISLĂU,,1793
580,BZ-II-m-B-02371.02,Clopotniţă,sat BUDA CRĂCIUNEŞTI; comuna CISLĂU,,1793
581,BZ-II-m-B-02372,Casa Nicolai Chioreanu,sat BUDEŞTI; comuna CHILIILE,În vatra satului,1860
582,BZ-II-m-B-02373,"Biserica de lemn ""Sf. Gheorghe”",sat BUDEŞTI; comuna CHILIILE,,1884
583,BZ-II-m-B-02374,Conacul Procopie Casota,sat CASOTA; comuna GLODEANU-SILIŞTEA,58,1872
584,BZ-II-m-B-02377,Casa Nicolae Popescu,sat CĂTINA; comuna CĂTINA,,1900
585,BZ-II-a-B-02376,Gospodăria Constantin Păsăroiu,sat CĂTINA; comuna CĂTINA,175,1910
586,BZ-II-m-B-02376.01,Casa Constantin Păsăroiu,sat CĂTINA; comuna CĂTINA,175,1910
587,BZ-II-m-B-02376.02,Poartă,sat CĂTINA; comuna CĂTINA,175,1910
588,BZ-II-m-B-02376.03,Grajd,sat CĂTINA; comuna CĂTINA,175,1910
589,BZ-II-m-B-02375,Moară de apă,sat CĂTINA; comuna CĂTINA,316,sf. sec. XIX
590,BZ-II-a-B-02378,"Ansamblul bisericii ""Sf. Dimitrie”",sat CÂMPULUNGEANCA; comuna MĂRGĂRITEŞTI,26,sf. sec. XVIII - înc. sec. XIX
591,BZ-II-m-B-02378.01,"Biserica de lemn ""Sf. Dimitrie”",sat CÂMPULUNGEANCA; comuna MĂRGĂRITEŞTI,26,sf. sec. XVIII - înc. sec. XIX
592,BZ-II-m-B-02378.02,Clopotniţă,sat CÂMPULUNGEANCA; comuna,26,1812 – 1816
593,BZ-II-m-A-02379,"Biserica veche ""Adormirea Maicii Domnului”",sat CÂNDEŞTI; comuna VERNEŞTI,În cimitir,1650
594,BZ-II-m-B-02380,"Biserica ""Sf. Voievozi”",sat CÂNDEŞTI; comuna VERNEŞTI,,1824
595,BZ-II-a-B-02381,Ansamblul conaculului Cândeştilor,sat CÂNDEŞTI; comuna VERNEŞTI,112,sec. XVII
596,BZ-II-m-B-02381.01,Conac,sat CÂNDEŞTI; comuna VERNEŞTI,112,sec. XVII
597,BZ-II-m-B-02381.02,Pivniţă,sat CÂNDEŞTI; comuna VERNEŞTI,112,sec. XVII
598,BZ-II-m-B-02381.03,Fermă,sat CÂNDEŞTI; comuna VERNEŞTI,112,sec. XVIII
599,BZ-II-m-B-02382,Casa Constantin Tănase,sat CHILIILE; comuna CHILIILE,vatra satului,1870 – 1875
600,BZ-II-m-A-02383,Casa cu blazoane,sat CHIOJDU; comuna CHIOJDU,"245, în spatele şcolii",sec. XVIII
601,BZ-II-m-B-02384,Casa Vasile Codescu,sat CHIOJDU; comuna CHIOJDU,351,sec. XVIII
602,BZ-II-a-B-02385,Gospodăria Traian Drăgulin,sat CHIOJDU; comuna CHIOJDU,413,sf. sec. XIX
603,BZ-II-m-B-02385.01,Casă,sat CHIOJDU; comuna CHIOJDU,413,sf. sec. XIX
604,BZ-II-m-B-02385.02,Poartă,sat CHIOJDU; comuna CHIOJDU,413,sf. sec. XIX
605,BZ-II-m-B-02385.03,Zid,sat CHIOJDU; comuna CHIOJDU,413,sf. sec. XIX
606,BZ-II-m-B-02499,"Biserica de lemn ""Sf. Pantelimon”",sat CIOBĂNOAIA; comuna MEREI,75,sec. XVIII
607,BZ-II-a-B-02386,"Ansamblul bisericii ""Naşterea Maicii Domnului”",sat CISLĂU; comuna CISLĂU,Str. Culturii 46,1749
608,BZ-II-m-B-02386.01,"Biserica ""Naşterea Maicii Domnului”",sat CISLĂU; comuna CISLĂU,Str. Culturii 46,1749
609,BZ-II-m-B-02386.02,Clopotniţă,sat CISLĂU; comuna CISLĂU,Str. Culturii 46,1749
610,BZ-II-a-B-02387,"Fostul schit Nifon, azi Spital",sat CIUTA; comuna MĂGURA,În pădurea Măgura,sec. XIX
611,BZ-II-m-B-02387.01,"Biserica ""Izvorul Tămăduirii""",sat CIUTA; comuna MĂGURA,,1845
612,BZ-II-m-B-02387.02,Chilii,sat CIUTA; comuna MĂGURA,,1845
613,BZ-II-m-B-02387.03,Turn clopotniţă,sat CIUTA; comuna MĂGURA,,1845
614,BZ-II-m-B-02387.04,Fosta şcoală D. Romano,sat CIUTA; comuna MĂGURA,,sec. XIX
615,BZ-II-a-A-02388,"Ansamblul bisericii ""Intrarea Biserică a Maicii Domnului”",în sat CIUTA; comuna MĂGURA,Şos. Ardealului 23,1762
616,BZ-II-m-A-02388.01,"Biserica ""Intrarea în Biserică Maicii Domnului”",a sat CIUTA; comuna MĂGURA,Şos. Ardealului 23,1762
617,BZ-II-m-A-02388.02,Clopotniţă,sat CIUTA; comuna MĂGURA,Şos. Ardealului 23,1762
618,BZ-II-a-B-02389,"Ansamblul bisericii ""Înălţarea Domnului”",sat COCA- ANTIMIREŞTI; comuna VINTILĂ VODĂ,89,1804
619,BZ-II-m-B-02389.01,"Biserica de lemn ""Înălţarea Domnului”",sat COCA- ANTIMIREŞTI; comuna VINTILĂ VODĂ,89,1804
620,BZ-II-m-B-02389.02,Clopotniţă,sat COCA- ANTIMIREŞTI; comuna VINTILĂ VODĂ,89,1804
621,BZ-II-a-B-02390,"Ansamblul bisericii ""Sf. Teodor Tiron”, ""Sf. Nicolae""",sat COCÂRCENI; comuna COZIENI,30,1819
622,BZ-II-m-B-02390.01,"Biserica de lemn ""Sf. Teodor Tiron”, ""Sf. Nicolae""",sat COCÂRCENI; comuna COZIENI,30,1819
623,BZ-II-m-B-02390.02,Clopotniţă,sat COCÂRCENI; comuna COZIENI,30,1819
624,BZ-II-m-B-02391,"Biserica de lemn ""Adormirea Maicii Domnului”",sat COŢATCU; comuna PODGORIA,"330, ""Tigoiu""",1858
625,BZ-II-m-B-02392,"Biserica de lemn ""Adormirea Maicii Domnului”",sat DĂNULEŞTI; comuna BUDA,,1762
626,BZ-II-m-B-02393,Moara Palcău,sat DÂLMA; comuna SCORŢOASA,25,1900
627,BZ-II-a-A-02394,Fostul schit Deduleşti,sat DEDULEŞTI; comuna TOPLICENI,438,1620
628,BZ-II-m-A-02394.01,"Biserica ""Pogorârea Sf. Duh” turn fortificat",cu sat DEDULEŞTI; comuna TOPLICENI,438,1620
629,BZ-II-m-A-02394.02,Turn fortificat,sat DEDULEŞTI; comuna TOPLICENI,438,1620
630,BZ-II-a-A-02395,"Ansamblul bisericii ""Sf. Arhangheli”",sat FÂNTÂNELE; comuna MĂRGĂRITEŞTI,150,1777
631,BZ-II-m-A-02395.01,"Biserica de lemn ""Sf. Arhangheli”",sat FÂNTÂNELE; comuna MĂRGĂRITEŞTI,150,1777
632,BZ-II-m-A-02395.02,Clopotniţă,sat FÂNTÂNELE; comuna MĂRGĂRITEŞTI,150,1777
633,BZ-II-m-B-02396,Conacul Marghiloman,sat FUNDENI; comuna ZĂRNEŞTI,"Bd Marghiloman 108, în centrul satului",sf. sec. XIX - înc. sec. XX
634,BZ-II-a-A-02397,Fosta mănăstire Găvanele,sat GĂVANELE; comuna BOZIORU,67,1803
635,BZ-II-m-A-02397.01,"Biserica de lemn ""Adormirea Maicii Domnului”",sat GĂVANELE; comuna BOZIORU,67,1803
636,BZ-II-m-A-02397.02,Clopotniţă,sat GĂVANELE; comuna BOZIORU,67,1803
637,BZ-II-a-B-02398,"Ansamblul bisericii ""Sf. Nicolae”",sat GĂVĂNEŞTI; comuna SĂGEATA,209,1844 – 1847
638,BZ-II-m-B-02398.01,"Biserica ""Sf. Nicolae”",sat GĂVĂNEŞTI; comuna SĂGEATA,209,1844 - 1847
639,BZ-II-m-B-02398.02,Clopotniţă,sat GĂVĂNEŞTI; comuna SĂGEATA,209,1844 - 1877
640,BZ-II-m-B-02398.03,Zid de incintă,sat GĂVĂNEŞTI; comuna SĂGEATA,209,1844 – 1847
641,BZ-II-m-B-02399,"Biserica de lemn ""Sf. Gheorghe”",sat GORNET; oraş PĂTÂRLAGELE,,sec. XVIII
642,BZ-II-m-B-02400,Ruine biserică,sat GRĂJDANA; comuna TISĂU,cartier Lunceni - sat desfiinţat,sec. XVII
643,BZ-II-a-A-02401,Fosta mănăstire Grebănu,sat GREBĂNU; comuna GREBĂNU,,1843
644,BZ-II-m-A-02401.01,"Biserica ""Sf. Nicolae”",sat GREBĂNU; comuna GREBĂNU,,1843
645,BZ-II-m-A-02401.02,Turn clopotniţă,sat GREBĂNU; comuna GREBĂNU,,1843
646,BZ-II-m-A-02401.03,Zid de incintă,sat GREBĂNU; comuna GREBĂNU,,1843
647,BZ-II-m-B-02402,Casa Gheorghe Horhocea,sat GREBĂNU; comuna GREBĂNU,129,sf. sec. XIX
648,BZ-II-m-B-02403,Casa Dinu Tinca,sat GREBĂNU; comuna GREBĂNU,157,1915
649,BZ-II-m-B-02404,Casa Ruxandra Grama,sat GREBĂNU; comuna GREBĂNU,209,1915
650,BZ-II-m-B-02405,Casa Matei Ungureanu,sat GREBĂNU; comuna GREBĂNU,218,1920
651,BZ-II-m-B-02406,Casa Stana Coman,sat GURA BĂDICULUI; comuna MÂNZĂLEŞTI,55,înc. sec. XX
652,BZ-II-a-A-02407,Fosta mănăstire Bradu,sat HALEŞ; comuna TISĂU,,sec. XVI - XVII
653,BZ-II-m-A-02407.01,"Biserica ""Sf. Dumitru”",sat HALEŞ; comuna TISĂU,,1632
654,BZ-II-m-A-02407.02,Ruine casă domnească,sat HALEŞ; comuna TISĂU,,sec. XVI - XVII
655,BZ-II-m-A-02407.03,Zid de incintă cu turnuri,sat HALEŞ; comuna TISĂU,,sec. XVI - XVII
656,BZ-II-m-A-02407.04,Chilii,sat HALEŞ; comuna TISĂU,,sec. XVI - XVII
657,BZ-II-m-B-02408,"Biserica ""Schimbarea la Faţă”",sat HALEŞ; comuna TISĂU,"""Muchia Cetăţuia”",sec. XVIII - XIX
658,BZ-II-a-B-02409,Mănăstirea Ciolanu,sat HALEŞ; comuna TISĂU,"""Dealul Ciolanu”",sec. XVII - XIX
659,BZ-II-m-B-02409.01,"Biserica veche ""Sf. Gheorghe”",sat HALEŞ; comuna TISĂU,"""Dealul Ciolanu”",sec. XVI
660,BZ-II-m-B-02409.02,"Biserica ""Sf. Apostoli Petru şi Pavel”",sat HALEŞ; comuna TISĂU,"""Dealul Ciolanu”",1828
661,BZ-II-m-B-02409.03,Locuinţe monahale,sat HALEŞ; comuna TISĂU,"""Dealul Ciolanu”",sec. XIX
662,BZ-II-m-B-02410,"Biserica ""Sf. Voievozi”",sat HOMEŞTI; comuna GREABĂNU,,1822
663,BZ-II-a-B-02411,"Ansamblul bisericii ""Adormirea Maicii Domnului”",sat IVĂNEŢU; comuna BRĂEŞTI,,1800 – 1820
664,BZ-II-m-B-02411.01,"Biserica de lemn ""Adormirea Maicii Domnului”",sat IVĂNEŢU; comuna BRĂEŞTI,,1800 - 1820
665,BZ-II-m-B-02411.02,Clopotniţă,sat IVĂNEŢU; comuna BRĂEŞTI,,1800 - 1820
666,BZ-II-m-B-02366,Casa Mâncu,sat IZVOARELE; comuna BOZIORU,1,1924
667,BZ-II-m-B-02369,Casa Nicolai State,sat IZVOARELE; comuna BOZIORU,4,1923
668,BZ-II-m-B-02368,Casa Stere Bălăjel,sat IZVOARELE; comuna BOZIORU,38,1924
669,BZ-II-m-B-02412,"Biserica ""Sf. Nicolae”",sat IZVORANU; comuna TISĂU,,sec. XVI
670,BZ-II-m-B-02413,Pivniţa brâncovenească,sat IZVORU DULCE; comuna MEREI,"""Pe Musceleanu”, în vii",sf. sec. XVII
671,BZ-II-a-B-02414,"Ansamblul bisericii ""Sf. Troiţă”",sat IZVORU DULCE; comuna MEREI,259,1813
672,BZ-II-m-B-02414.01,"Biserica ""Sf. Troiţă”",sat IZVORU DULCE; comuna MEREI,"259, cartier Valea Botei",1813
673,BZ-II-m-B-02414.02,Clopotniţă,sat IZVORU DULCE; comuna MEREI,"259, cartier Valea Botei",1813
674,BZ-II-m-B-02416,Casa Radu Cristea,sat JGHEAB; comuna MÂNZĂLEŞTI,,înc. sec. XX
675,BZ-II-m-B-02417,"Biserica ""Sf. Ilie”",sat LARGU; comuna LARGU,,1817
676,BZ-II-a-B-02418,Mănăstirea Barbu,sat LEICULEŞTI; comuna TISĂU,,1668
677,BZ-II-m-B-02418.01,"Biserica ""Sf. Arhanghel Mihail”",sat LEICULEŞTI; comuna TISĂU,,1668
678,BZ-II-m-B-02418.02,Stăreţie,sat LEICULEŞTI; comuna TISĂU,,1668
679,BZ-II-m-B-02418.03,Arhondaric,sat LEICULEŞTI; comuna TISĂU,,sec. XIX
680,BZ-II-m-B-02418.04,Turn clopotniţă,sat LEICULEŞTI; comuna TISĂU,,sec. XIX
681,BZ-II-m-B-02421,Casa Constantin Roşioru,sat LOPĂTARI; comuna LOPĂTARI,,înc. sec. XX
682,BZ-II-m-B-02420,Casa Gh. Crăciun,sat LOPĂTARI; comuna LOPĂTARI,86,înc. sec. XX
683,BZ-II-m-B-02419,Casa Ionică Stemate,sat LOPĂTARI; comuna LOPĂTARI,166,înc. sec. XX
684,BZ-II-a-B-02422,"Ansamblul bisericii ""Sf. Nicolae”",sat LUNCA FRUMOASĂ; comuna PÂRSCOV,179,1884
685,BZ-II-m-B-02422.01,"Biserica de lemn ""Sf. Nicolae”",sat LUNCA FRUMOASĂ; comuna PÂRSCOV,179,1884
686,BZ-II-m-B-02422.02,Clopotniţă,sat LUNCA FRUMOASĂ; comuna PÂRSCOV,179,1884
687,BZ-II-a-A-02423,"Ansamblul bisericii ""Sf. Împăraţi”",sat aparţinător LUNCA PRIPORULUI; oraş NEHOIU,,înc. sec. XIX
688,BZ-II-m-A-02423.01,"Biserica de lemn ""Sf. Împăraţi”",sat aparţinător LUNCA PRIPORULUI; oraş NEHOIU,,înc. sec. XIX
689,BZ-II-m-A-02423.02,Clopotniţă,sat aparţinător LUNCA PRIPORULUI; oraş NEHOIU,,înc. sec. XIX
690,BZ-II-m-B-02425,Casa Olimpia Cristocea,sat MĂGURA; comuna MĂGURA,40,1923
691,BZ-II-m-B-02424,Casa Melania Niculescu,sat MĂGURA; comuna MĂGURA,209,1924
692,BZ-II-a-A-02448,Mănăstirea Răteşti,sat MĂNĂSTIREA RĂTEŞTI; comuna BERCA,,sec. XVII - XIX
693,BZ-II-m-A-02448.06,Case monahale,sat MĂNĂSTIREA RĂTEŞTI; comuna BERCA,"13-28, 32-33, 36, 37, în incinta ansamblului",1844
694,BZ-II-m-A-02448.03,Stăreţie,sat MĂNĂSTIREA RĂTEŞTI; comuna BERCA,41,sec. XVII - XIX
695,BZ-II-m-A-02448.05,Colecţia muzeală,sat MĂNĂSTIREA RĂTEŞTI; comuna BERCA,56,sec. XVII - XIX
696,BZ-II-m-A-02448.01,"Biserica ""Sf. Treime”",sat MĂNĂSTIREA RĂTEŞTI; comuna BERCA,67,1844
697,BZ-II-m-A-02448.02,"Biserica ""Sf. Lazăr”",sat MĂNĂSTIREA RĂTEŞTI; comuna BERCA,68,1825
698,BZ-II-m-A-02448.04,Turn clopotniţă,sat MĂNĂSTIREA RĂTEŞTI; comuna BERCA,69,1865
699,BZ-II-m-B-02426,Conacul Albanopol,sat MĂRĂCINENI; comuna MĂRĂCINENI,Str. Centrală 214,"sec. XVIII, transf. sec. XX"
700,BZ-II-m-B-02428,"Biserica ""Sf. Voievozi”",sat MĂRUNŢIŞU; PĂTÂRLAGELE,oraş,sec. XIX
701,BZ-II-a-B-02429,"Ansamblul bisericii ""Sf. Împăraţi”",sat MĂTEŞTI; comuna SĂPOCA,"174, ”La moară”",1692
702,BZ-II-m-B-02429.01,"Biserica ""Sf. Împăraţi”",sat MĂTEŞTI; comuna SĂPOCA,"174, ”La moară”",1692
703,BZ-II-m-B-02429.02,Clopotniţă,sat MĂTEŞTI; comuna SĂPOCA,"174, ”La moară”",1692
704,BZ-II-a-A-02432,Ansamblul schiturilor rupestre din M-ţii Bozioru,sat NUCU; comuna BOZIORU,,sec. XVI - XVIII
705,BZ-II-m-A-02432.01,Schitul rupestru Fundătura,sat NUCU; comuna BOZIORU,,sec. XVI - XIX
706,BZ-II-m-A-02432.02,"Schitul rupestru ""Agatonul Vechi""",sat NUCU; comuna BOZIORU,,sec. XVI - XVIII
707,BZ-II-m-A-02432.03,Fundul Peşterii,sat NUCU; comuna BOZIORU,,sec. XVII - XVIII
708,BZ-II-m-A-02432.04,Văgăuna II,sat NUCU; comuna BOZIORU,,sec. XVI - XIX
709,BZ-II-m-A-02432.05,Văgăuna I,sat NUCU; comuna BOZIORU,,sec. XVI - XIX
710,BZ-II-m-A-02432.06,Piatra Îngăurită,sat NUCU; comuna BOZIORU,,sec. XVI - XIX
711,BZ-II-m-A-02432.07,Peştera lui Dionisie,sat NUCU; comuna BOZIORU,,sec. XVI - XIX
712,BZ-II-m-A-02432.08,Piatra lui Iosif,sat NUCU; comuna BOZIORU,,sec. XVI - XIX
713,BZ-II-m-A-02432.09,Bucătăria,sat NUCU; comuna BOZIORU,,sec. XVI - XIX
714,BZ-II-m-A-02432.10,Schitul rupestru Piatra Şoimului,I sat NUCU; comuna BOZIORU,,sec. XVI - XIX
715,BZ-II-m-A-02432.11,Schitul rupestru Agatonul Nou,sat NUCU; comuna BOZIORU,,sec. XVI - XIX
716,BZ-II-m-A-02432.12,Schitul rupestru Piatra Şoimului,II sat NUCU; comuna BOZIORU,,sec. XVI - XIX
717,BZ-II-a-B-02433,"Ansamblul bisericii ""Intrarea Biserică a Maicii Domnului”",în sat NUCU; comuna BOZIORU,,1765
718,BZ-II-m-B-02433.01,"Biserica de lemn ""Intrarea în Biserică a Maicii Domnului”",sat NUCU; comuna BOZIORU,,1765
719,BZ-II-m-B-02433.02,Clopotniţă,sat NUCU; comuna BOZIORU,,1765
720,BZ-II-m-B-02431,"Ruinele mănăstirii ""Sf. Gheorghe”",sat NUCU; comuna BOZIORU,16,sec. XVII
721,BZ-II-m-B-02434,"Biserica de lemn ""Sf. Gheorghe”",sat ODĂILE; comuna ODĂILE,"""La Mănăstire”",1826
722,BZ-II-m-B-02435,Casa Cleopatra Melidoneanu,sat PĂNĂTĂU; comuna PĂNĂTĂU,,înc. sec. XX
723,BZ-II-m-B-02436,Casă (ruine),sat PÂRSCOV; comuna PÂRSCOV,În incinta ocolului silvic Pârscov,sec. XVII
724,BZ-II-m-B-02438,Casa cu fânar,sat PÂRSCOV; comuna PÂRSCOV,96,1920
725,BZ-II-m-B-02437,Casa Gheorghe Tocileanu,sat PÂRSCOV; comuna PÂRSCOV,102,1920
726,BZ-II-m-B-02439,"Biserica de lemn ""Sf. Dumitru”",sat PETRĂCHEŞTI; comuna VINTILĂ VODĂ,2,sec. XIX
727,BZ-II-a-B-02440,"Ansamblul bisericii ""Sf. Voievozi”",sat PIETRARU; comuna COZIENI,59,1849
728,BZ-II-m-B-02440.01,"Biserica de lemn ""Sf. Voievozi”",sat PIETRARU; comuna COZIENI,59,1849
729,BZ-II-m-B-02440.02,Clopotniţă,sat PIETRARU; comuna COZIENI,59,1849
730,BZ-II-m-B-02441,Cişmea din piatră,sat PIETROASELE; comuna PIETROASELE,Vis-a-vis de nr. 283,1892
731,BZ-II-m-B-02442,"Staţiunea de Cercetare, Dezvoltare pentru Viticultură vinificaţie Pietroasele (clădirile vechi - sediul administrativ- cercetări, crama veche)",sat PIETROASELE; şi comuna PIETROASELE,441,1893
732,BZ-II-m-B-02443,"Biserica de lemn ""Adormirea Maicii Domnului” a mănăstirii Găvanu",sat PLAVĂŢU; comuna MÂNZĂLEŞTI,"58, Găvanu, în pădure",1828
733,BZ-II-m-B-02444,Casa Alexandru N. Teodorescu,sat PLEŞEŞTI; comuna PODGORIA,106,înc. sec. XIX
734,BZ-II-m-B-02445,Hanul Vechi,sat POIENI; oraş PĂTÂRLAGELE,118,1870 - 1875
735,BZ-II-m-B-02446,"Ruinele Bisericii ""Sf. Ioan Damaschin”",sat POŞTA; comuna TOPLICENI,,1709
736,BZ-II-a-B-02447,"Ansamblul bisericii ""Sf. Treime”",sat PROŞCA; comuna NĂENI,,înc. sec. XIX
737,BZ-II-m-B-02447.01,"Biserica ""Sf. Treime”",sat PROŞCA; comuna NĂENI,,înc. sec. XIX
738,BZ-II-m-B-02447.02,Clopotniţă,sat PROŞCA; comuna NĂENI,,înc. sec. XIX
739,BZ-II-m-B-02449,Casa Mănăilă,sat RÂMNICELU; comuna RÂMNICELU,,1920
740,BZ-II-m-B-02450,Casa Dan Stan,sat RÂMNICELU; comuna RÂMNICELU,,1915
741,BZ-II-s-B-02451,Sit urban Râmnicu Sărat,municipiul RÂMNICU SĂRAT,"Perimetrul cuprins între str. Brâncoveanu C., Primăverii, Dezrobirii, Milcov, Vladimirescu T., Mărgăritarului, incluzând str. Victoriei şi str. Avântului cu ambele fronturi de clădiri",sec. XIX
742,BZ-II-m-B-02452,Casa Moşescu,municipiul RÂMNICU SĂRAT,Str. Amurgului 1-A,1794
743,BZ-II-m-A-02453,Primăria Oraşului,municipiul RÂMNICU SĂRAT,Str. Bălcescu Nicolae 1,1898
744,BZ-II-m-A-02454,"Biserica ""Naşterea Maicii Domnului”",municipiul RÂMNICU SĂRAT,Str. Brâncoveanu Constantin 59,1784
745,BZ-II-m-B-02455,Casa sopranei Florica Cristoforeanu,municipiul RÂMNICU SĂRAT,Str. Cuza Alexandru Ioan 18,1895
746,BZ-II-m-B-02456,Casa,municipiul RÂMNICU SĂRAT,Str. Drăgăicii 5,sf. sec. XIX
747,BZ-II-m-A-02457,"Biserica ""Sf. Voievozi” - Câţa",municipiul RÂMNICU SĂRAT,Str. Eminescu Mihai 1,1765
748,BZ-II-a-A-02458,"Ansamblul bisericii ""Sf. Dumitru” - Bagdat",municipiul RÂMNICU SĂRAT,Str. Fundătura Bujorului 1,"1707, 1870 - 1871"
749,BZ-II-m-A-02458.01,"Biserica ""Sf. Dumitru” - Bagdat",municipiul RÂMNICU SĂRAT,Str. Fundătura Bujorului 1,"1707, 1870 - 1871"
750,BZ-II-m-A-02458.02,Clopotniţă,municipiul RÂMNICU SĂRAT,Str. Fundătura Bujorului 1,"1707, 1870 - 1871"
751,BZ-II-m-A-02459,Gara Nouă,municipiul RÂMNICU SĂRAT,Piaţa Gării 1,1893 – 1898
752,BZ-II-m-B-02460,Casă,municipiul RÂMNICU SĂRAT,Str. Ipătescu Ana 29,1908
753,BZ-II-m-B-02461,Casa Zamfir,municipiul RÂMNICU SĂRAT,Str. Matei Basarab 91,1897
754,BZ-II-m-B-02462,Fostul penitenciar,municipiul RÂMNICU SĂRAT,Str. Mihalache Ion 53,sf. sec. XIX
755,BZ-II-a-A-02463,Fosta mânăstire Râmnicu Sărat,municipiul RÂMNICU SĂRAT,Str. Primăverii 4,sec. XVII - XIX
756,BZ-II-m-A-02463.01,"Biserica ""Adormirea Maicii Domnului”",municipiul RÂMNICU SĂRAT,Str. Primăverii 4,1697
757,BZ-II-m-A-02463.02,Casa domnească,municipiul RÂMNICU SĂRAT,Str. Primăverii 4,sec. XVII - XIX
758,BZ-II-m-A-02463.03,"Stăreţie, azi Muzeul Municipal",municipiul RÂMNICU SĂRAT,Str. Primăverii 4,sec. XIX
759,BZ-II-m-A-02463.04,"Chilii, azi Muzeul Municipal",municipiul RÂMNICU SĂRAT,Str. Primăverii 4,sec. XVII - XIX
760,BZ-II-m-A-02463.05,Turnuri,municipiul RÂMNICU SĂRAT,Str. Primăverii 4,sec. XVII - XIX
761,BZ-II-m-A-02463.06,Zid de incintă,municipiul RÂMNICU SĂRAT,Str. Primăverii 4,sec. XVII - XIX
762,BZ-II-m-A-02463.07,Ruine chilii,municipiul RÂMNICU SĂRAT,Str. Primăverii 4,sec. XVII
763,BZ-II-m-B-02464,Biblioteca Municipală,municipiul RÂMNICU SĂRAT,Str. Principele Ferdinand 37,1910
764,BZ-II-m-B-02465,"Gara veche, azi anexă a Liceului Agricol",municipiul RÂMNICU SĂRAT,Şos. Puieşti 2,1881
765,BZ-II-m-B-02466,Casă,municipiul RÂMNICU SĂRAT,Str. Unirii 23-A,1920
766,BZ-II-m-B-02467,Banca Comercială Română,municipiul RÂMNICU SĂRAT,Str. Vladimirescu Tudor 10,1926 – 1928
767,BZ-II-m-B-02468,Clubul Copiilor,municipiul RÂMNICU SĂRAT,Str. Vladimirescu Tudor 11,înc. sec. XX
768,BZ-II-m-B-02469,"Liceul ""Alexandru Vlahuţă”",municipiul RÂMNICU SĂRAT,Str. Vladimirescu Tudor 13,înc. sec. XX
769,BZ-II-m-B-21058,Casa Iorgu Antonescu,municipiul RÂMNICU SĂRAT,Str. Vladimirescu Tudor 24,1913
770,BZ-II-m-B-02470,"Biserica de lemn ""Naşterea Maicii Domnului”",sat RÂPILE; comuna PĂNĂTĂU,,1838
771,BZ-II-a-B-02471,"Ansamblul bisericii ""Sf. Vasile”",sat RUGINOASA; comuna BRĂEŞTI,,1858
772,BZ-II-m-B-02471.01,"Biserica de lemn ""Sf. Vasile”",sat RUGINOASA; comuna BRĂEŞTI,,1858
773,BZ-II-m-B-02471.02,Clopotniţă,sat RUGINOASA; comuna BRĂEŞTI,,1858
774,BZ-II-m-B-02472,Conacul D. Hariton,sat SĂHĂTENI; comuna SĂHĂTENI,"Str. Principală 176, în centrul satului",1930
775,BZ-II-m-B-02473,Pepiniera Istriţa,sat SĂHĂTENI; comuna SĂHĂTENI,Str. Principală 195,sf. sec. XIX
776,BZ-II-m-B-02474,"Biserica ""Sf. Nicolae”",sat SĂLCIOARA; comuna SMEENI,,1926
777,BZ-II-a-B-02475,"Ansamblul ""Băile Monteoru""",sat SĂRATA MONTEORU; comuna MEREI,,1895
778,BZ-II-m-B-02476,Mina de petrol,sat SĂRATA MONTEORU; comuna MEREI,,1874
779,BZ-II-m-B-02475.01,Vila Monteoru,sat SĂRATA MONTEORU; comuna MEREI,66,1903
780,BZ-II-m-B-02475.02,Bazinele Vechi,sat SĂRATA MONTEORU; comuna MEREI,295bis,1888 – 1895
781,BZ-II-m-B-02477,Casa Maria Bratosin,sat SĂRULEŞTI; comuna SĂRULEŞTI,48,1910
782,BZ-II-m-B-02478,Casa Alexandrina Murgoci,sat SĂRULEŞTI; comuna SĂRULEŞTI,112,1910
783,BZ-II-a-B-02479,"Ansamblul bisericii ""Sf. Ioan”",sat SĂSENII NOI; comuna VERNEŞTI,,1841
784,BZ-II-m-B-02479.01,"Biserica ""Sf. Ioan”",sat SĂSENII NOI; comuna VERNEŞTI,,1841
785,BZ-II-m-B-02479.02,Zid de incintă,sat SĂSENII NOI; comuna VERNEŞTI,,1841
786,BZ-II-m-B-02481,"Biserica ""Naşterea Maicii Domnului”",sat SIBICIUL DE SUS; oraş PĂTÂRLAGELE,,1794
787,BZ-II-a-A-02483,"Ansamblul bisericii ""Sf. Dumitru”, ""Sf. Împăraţi”",sat STÂLPU; comuna STÂLPU,774,1699
788,BZ-II-m-A-02483.01,"Biserica ""Sf. Dumitru” şi ""Sf. Împăraţi”",sat STÂLPU; comuna STÂLPU,774,1699
789,BZ-II-m-A-02483.02,Turn clopotniţă,sat STÂLPU; comuna STÂLPU,774,1699
790,BZ-II-m-A-02483.03,Zid de incintă,sat STÂLPU; comuna STÂLPU,774,1699
791,BZ-II-m-B-02482,Conacul Dr. C. Angelescu,sat STÂLPU; comuna STÂLPU,Str. Principală 776,sf. sec. XIX
792,BZ-II-m-B-02484,"Biserica ""Cuvioasa Paraschiva”",sat TEGA; comuna PĂNĂTĂU,,1876
793,BZ-II-m-A-02485,"Biserica ""Sf. Arhangheli Mihail Gavril'' a mănăstirii Cârnu",şi sat TEGA; comuna PĂNĂTĂU,"155, Mânăstirea Cârnu",1545
794,BZ-II-m-B-02486,Conacul Garoflid,sat ŢINTEŞTI; comuna ŢINTEŞTI,"""La fermă”",sf. sec. XIX
795,BZ-II-a-B-02487,"Ansamblul bisericii ""Intrarea Biserică a Maicii Domnului”",în sat VALEA CĂTINII; comuna CĂTINA,,sec. XVI
796,BZ-II-m-B-02487.01,"Biserica de lemn ""Intrarea în Biserică a Maicii Domnului”",sat VALEA CĂTINII; comuna CĂTINA,,cca.1600
797,BZ-II-m-B-02487.02,Clopotniţă,sat VALEA CĂTINII; comuna CĂTINA,,
798,BZ-II-m-B-02488,"Biserica de lemn ""Sf. Dumitru”",sat VALEA MUSCELULUI; oraş PĂTÂRLAGELE,,1666
799,BZ-II-a-B-02430,"Ansamblul bisericii ""Adormirea Maicii Domnului”",sat aparţinător VALEA NEHOIAŞULUI; oraş NEHOIU,,1700 – 1710
800,BZ-II-m-B-02430.01,"Biserica de lemn ""Adormirea Maicii Domnului”",sat aparţinător VALEA NEHOIAŞULUI; oraş NEHOIU,,1700 - 1710
801, BZ-II-m-B-02430.02, Clopotniţă, sat aparţinător VALEA NEHOIAŞULUI; oraş NEHOIU,, 1700 - 1710
802,BZ-II-m-B-02489,"Biserica de lemn ""Intrarea în Biserică a Maicii Domnului”",sat VALEA ŞCHIOPULUI; comuna PARDOŞI,4,1784
803,BZ-II-m-B-02490,Conacul D. D. Maican,sat VARLAAM; comuna GURA TEGHII,,sf. sec. XIX
804,BZ-II-m-B-02491,"Biserica de lemn ""Sf. Nicolae” ""Schimbarea la Faţă""",şi sat VĂVĂLUCILE; comuna BOZIORU,15,1832
805,BZ-II-m-B-02492,"Biserica ""Sf. Împăraţi Constantin şi Elena”",sat VÂLCELE; comuna ULMENI,,sec. XIX
806,BZ-II-a-A-02493,"Ansamblul bisericii ""Buna Vestire”",sat VERNEŞTI; comuna VERNEŞTI,503,1714 – 1715
807,BZ-II-m-A-02493.01,"Biserica ""Buna Vestire”",sat VERNEŞTI; comuna VERNEŞTI,503,1714 - 1715
808,BZ-II-m-A-02493.02,Zid de incintă,sat VERNEŞTI; comuna VERNEŞTI,503,1714 – 1715
809,BZ-II-s-B-02495,Ruinele mănăstirii lui Vintilă,Vodă sat VINTILĂ VODĂ; comuna VINTILĂ VODĂ,"la podul peste Slănic, marginea de NV a satului",1532
810,BZ-II-m-B-02498,Casa Ştefan Muşat,sat VINTILĂ VODĂ; comuna VINTILĂ VODĂ,217,1900
811,BZ-II-a-B-02494,Fosta mănăstire din Vintilă Vodă,sat VINTILĂ VODĂ; comuna VINTILĂ VODĂ,"355, cătun Răghinari",sec. XVIII - XIX
812,BZ-II-m-B-02494.01,"Biserica ""Sf. Nicolae”",sat VINTILĂ VODĂ; comuna VINTILĂ VODĂ,"355, cătun Răghinari",sec. XVIII - XIX
813,BZ-II-m-B-02494.02,Ruine casă parohială,sat VINTILĂ VODĂ; comuna VINTILĂ VODĂ,"355, cătun Răghinari",1844
814,BZ-II-m-B-02494.03,Clopotniţă,sat VINTILĂ VODĂ; comuna VINTILĂ VODĂ,"355, cătun Răghinari",sec. XVIII - XIX
815,BZ-II-m-B-02494.04,Incintă fortificată,sat VINTILĂ VODĂ; comuna VINTILĂ VODĂ,"355, cătun Răghinari",sec. XVIII - XIX
816,BZ-III-s-B-02500,Parcul Crâng,municipiul BUZĂU,În partea de V a oraşului,sf. sec. XIX
817,BZ-III-m-B-02501,Crucea Dorobanţului,sat MĂNĂSTIREA RĂTEŞTI; comuna BERCA,"""Poiana Şoimului”",sec. XIX
818,BZ-III-m-B-02503,Bustul lui Alexandru Vlahuţă,municipiul RÂMNICU SĂRAT,Str. Vladimirescu Tudor 17,1925
819,BZ-IV-a-B-02504,Monumentul funerar al fostului primar Petre Stănescu,municipiul BUZĂU,Cimitirul Dumbrava,1958 – 1976
820,BZ-IV-m-B- 02504.01,"Statuia ""Rugăciune”",municipiul BUZĂU,Cimitirul Dumbrava,sec. XX
821,BZ-IV-m-B-02505,Monumentul funerar Nicolae Seceleanu,municipiul BUZĂU,Cimitirul Dumbrava,1911
822,BZ-IV-m-B-02506,Statuia compozitorului George Enescu,municipiul BUZĂU,Parcul Tineretului,1974
823,BZ-IV-m-B-02507,"Monumentul ""Răscoala ţăranilor din 1907”",municipiul BUZĂU,Piaţa Dacia,1967
824,BZ-IV-m-B-02508,Bustul lui B.P. Haşdeu,municipiul BUZĂU,"Bd. Gării 1, în faţa liceului",1958
825,BZ-IV-m-B-02509,Restaurantul lui I. L. Caragiale,municipiul BUZĂU,Piaţa Gării 2,1894 – 1895
826,BZ-IV-m-B-02510,Casa Hortensia Papadat- Bengescu,municipiul BUZĂU,Str. Independenţei 53,1900
827,BZ-IV-m-B-02511,Crucea conacului Marghiloman,municipiul BUZĂU,"Str. Luceafărului, în incinta ansamblului conacului Marghiloman, la cca. 60 m de lac 20 m de zidul lui Marghiloman",1777 şi
828,BZ-IV-m-B-02512,Casa Săraru,municipiul BUZĂU,Str. Plevnei 1,1930
829,BZ-IV-m-B-02513,Casa Vladimir Maximilian şi Nicolae Leonard,municipiul BUZĂU,Str. Tenor Leonard 2,sf. sec. XIX
830,BZ-IV-m-B-02514,Casa pictorului Ion Andreescu,municipiul BUZĂU,Str. Vladimirescu Tudor 23,mijl. sec. XIX
831,BZ-IV-m-B-02515,Cruce de piatră,sat BĂLTENI; comuna C. A. ROSETTI,La 2 km V de sat,1830
832,BZ-IV-m-B-02516,Cruce de piatră,sat BĂLTENI; comuna C. A. ROSETTI,"Cca. 2 km NE de sat, lângă punctul trigonometric",înc. sec. XIX
833,BZ-IV-m-B-02517,Cruce de piatră,sat BREAZA; comuna BREAZA,"""Bătrânele”, în vii",1740
834,BZ-IV-m-B-02518,Cruce de piatră,sat CHIOJDU; comuna CHIOJDU,În curtea bisericii,1712
835,BZ-IV-m-B-02519,Statuia eroului Neacşu,sat CISLĂU; comuna CISLĂU,DN 10,1911
836,BZ-IV-m-B-02520,Fântâna lui Mihai Viteazul,sat CIUTA; comuna MĂGURA,DN 10 km 33+400,1975
837,BZ-IV-m-B-02523,Cruce de piatră,sat DEALUL VIEI; comuna MEREI,"""Gura Sărăţii”",sec. XVIII
838,BZ-IV-m-B-02524,Cruce de piatră,sat FLORICA; comuna FLORICA,"334, în curtea lui Ştefan Dinel",sec. XVIII
839, BZ-IV-m-B-02522, Cruce de piatră, sat GLODEANU- SILIŞTEA; comuna GLODEANU-SILIŞTEA," Pe DJ 102H, la ieşirea din satul Glodeanu-Siliştea", 1870
840,BZ-IV-m-B-02525,Cruce de piatră,sat GRECEANCA; comuna BREAZA,Vis-a-vis de şcoală,1676
841,BZ-IV-m-B-02526,Crucea Manafului,sat GRECEANCA; comuna BREAZA,"""Drumul Mare”, la 1 km S de sat, vii",în 1846
842,BZ-IV-m-B-02527,Cruce de piatră,sat GRECEANCA; comuna BREAZA,"107, în curtea lui R. Silea",sec. XVIII
843,BZ-IV-m-B-02528,Cruce de piatră,sat GRECEANCA; comuna BREAZA,"307, în curtea lui Dedu Ion",1706
844,BZ-IV-a-B-21069,Cimitirul eroilor,sat GURA SIRIULUI; comuna SIRIU,deasupra DN 10 Buzău-Brașov,1936-1938
845,BZ-IV-m-B- 21069.01,Monumentul eroilor - Statuia ostașului,sat GURA SIRIULUI; comuna SIRIU,deasupra DN 10 Buzău-Brașov,1936-1938
846,BZ-IV-m-B- 21069.02,"Monumente funerare, 34 cruci de piatră și osuarul",sat GURA SIRIULUI; comuna SIRIU,deasupra DN 10 Buzău-Brașov,1936-1938
847,BZ-IV-m-B-02529,Cruce de piatră,sat IZVORU DULCE; comuna MEREI,Lângă drumul spre moară,1808
848,BZ-IV-m-B-02530,Cruce de piatră,sat JOSENI; comuna BERCA,"La ieşirea din sat, pe culme",sec. XVIII
849,BZ-IV-m-B-02532,Cruce de piatră,sat LUNCA; oraş PĂTÂRLAGELE,În grădina lui C. Ruptureanu,sec. XIX
850,BZ-IV-m-B-02533,Cruce de piatră,sat MOVILA BANULUI; comuna MOVILA BANULUI,"Str. Principală 60, în curtea lui Ioniţă Florea",1803
851,BZ-IV-m-B-02534,Cruce de piatră,sat OGRĂZILE; comuna MEREI,La intersecţia drumului Atârnaţi- Merei cu drumul spre Ogrăzile,1834
852,BZ-IV-m-B-02535,Crucea Curganului,sat PADINA; comuna PADINA,Pe vechiul drum al Buzăului,1836
853,BZ-IV-m-B-02536,Cruce de piatră,sat PĂNĂTĂU; comuna PĂNĂTĂU,În faţa bisericii,1790
854,BZ-IV-m-B-02537,Casa Memorială Vasile Voiculescu,sat PÂRSCOV; comuna PÂRSCOV,363,înc. sec. XX
855,BZ-IV-m-B-02547,Crucea lui Stan Avram şi Ion Lemnaru,sat PIETROASA MICĂ; comuna PIETROASELE,"Punct Urgoaia, pe DC 147",1841
856,BZ-IV-m-B-02548,Crucea Frumoasă,sat PIETROASA MICĂ; comuna PIETROASELE,"Punct Urgoaia, pe DC 147",sec. XIX
857,BZ-IV-m-B-02538,Cruce de piatră,sat PIETROASELE; comuna PIETROASELE,"""Valea de la Fântâna”, lângă biserică",sec. XVIII
858,BZ-IV-m-B-02539,Cruce de piatră,sat PLĂIŞOR; comuna PĂNĂTĂU,În faţa bisericii,1793
859,BZ-IV-m-B-02540,Cruce de piatră,sat PLĂIŞOR; comuna PĂNĂTĂU,"""La muchea Priporului”",1825
860,BZ-IV-m-B-02541,Casa arh. Petre Antonescu,municipiul RÂMNICU SĂRAT,Str. Cuza Alexandru Ioan 36-C,1890
861,BZ-IV-m-B-02542,Crucea de la Runci,sat RUNCU; comuna PÂRSCOV,La V de sat,1792
862,BZ-IV-m-A-02543,Crucea dintre vii,sat SĂSENII NOI; comuna VERNEŞTI,"Între vii, la cca. 60 m de biserica Ioan Blagoslovul",Sf. 1724
863,BZ-IV-m-B-02544,Cruce de piatră,sat SIBICIU DE JOS; comuna PĂNĂTĂU,În faţa cimitirului,1791
864,BZ-IV-m-B-02545,Cruce de piatră,sat SIBICIU DE JOS; comuna PĂNĂTĂU,În grădina lui N. Toma,1842
865,BZ-IV-m-B-02546,Cruce de piatră,sat SMÂRDAN; comuna BRĂDEANU,La cca 1 km de sat Lipănescu,sec. XVIII
866,BZ-IV-m-B-02549,Cruce de piatră,sat VALEA PUŢULUI; comuna MEREI,"Pe Dealul Viilor, la marginea de S",sec. XIX
867,BZ-IV-m-B-02550,Cruce de piatră,sat VALEA PUŢULUI; comuna MEREI,"""Spre fântână""",sec. XIX
868,BZ-IV-m-B-02551,Crucea lui Parlat,sat ZĂRNEŞTII DE SLĂNIC; comuna CERNĂTEŞTI,"""Lunca Puţului”, între Cernăteşti Zărneştii de Slănic",şi sec. XIX
869,BZ-IV-m-B-02552,Cruce de piatră,sat ZOREŞTI; comuna VERNEŞTI,"Pe DJ 205, în vii, vis-a-vis de imobilul cu nr. 463",sec. XIX
