Nr. crt.,Cod LMI,Denumire,Localitate,Adresă,Datare
2,IS-I-s-B-03505,"Situl arheologic de la Iaşi, punct ""Crucea lui Ferenţ""",municipiul IAŞI,"""Crucea lui Ferentz” în dreptul şoselei Nicolina nr. 5",
3,IS-I-m-B-03505.01,Aşezare,municipiul IAŞI,"""Crucea lui Ferentz” în dreptul şoselei Nicolina nr. 5","sec. XI - XIII, Epoca medieval timpurie"
4,IS-I-m-B-03505.02,Aşezare,municipiul IAŞI,"""Crucea lui Ferentz” în dreptul şoselei Nicolina nr. 5","sec. IX - X, Epoca medieval timpurie, cultura Dridu"
5,IS-I-m-B-03505.03,Aşezare,municipiul IAŞI,"""Crucea lui Ferentz” în dreptul şoselei Nicolina nr. 5 Nicolina nr. 5","sec. VI - VII, Epoca migraţiilor"
7,IS-I-s-B-03506,"Situl arheologic de la Iaşi, punct ""Splaiul Bahluiului""",municipiul IAŞI,"""Splaiul Bahluiului” pe tot sectorul cuprins între Podu Trancu şi Podu Roş","Eneolitic, cultura Cucuteni, faza A3"
8,IS-I-s-B-03507,"Situl arheologic de la Iaşi, punct ""Gârla Breazu""",municipiul IAŞI,"""Gârla Breazu” în partea de N a pădurii Breazu, pe panta de SV a dealului, în via Institutului Agronomic",
9,IS-I-m-B-03507.01,Aşezare,municipiul IAŞI,"""Gârla Breazu” în partea de N a pădurii Breazu, pe panta de SV a dealului, în via Institutului Agronomic","sec. XVI - XVII, Epoca medievală"
10,IS-I-m-B-03507.02,Aşezare,municipiul IAŞI,"""Gârla Breazu” în partea de N a pădurii Breazu, pe panta de SV a dealului, în via Institutului Agronomic","sec. XIV - XV, Epoca medievală"
11,IS-I-m-B-03507.03,Aşezare,municipiul IAŞI,"""Gârla Breazu” în partea de N a pădurii Breazu, pe panta de SV a dealului, în via Institutului Agronomic","sec. II - I a. Chr., Latène"
12,IS-I-s-B-03508,"Situl arheologic de la Iaşi, punct ""Hlincea""",municipiul IAŞI,"""Hlincea”, în marginea de S a mun. Iaşi, ambele maluri ale pârâului Nicolina, între Mănăstirea Cetăţuia, sat Hlincea şi fostul Târguşor Nicolina","pe sec. VIII - XVIII, Epoca medievală"
13,IS-I-s-B-03509,"Situl arheologic de la Iaşi, punct "" Str. C. Negri""",municipiul IAŞI,"Str. Negri Costache 37-39, intersecţia str. Negri, Costache cu str. Armeană, pe terenul actualei parcări","sec. XVI - XVIII, Epoca medievală"
14,IS-I-s-B-03510,"Situl arheologic din incinta ""S.C. IPROCHIM S.A."" şi ""GOLIA S.A.""",municipiul IAŞI,"Str. Negri Costache 48, în incinta S.C. IPROCHIM S.A. şi GOLIA S.A.",
15,IS-I-m-B-03510.01,"Ansamblu de curte domnească ""Sf. Sava”",municipiul IAŞI,"Str. Negri Costache 48, în incinta S.C. IPROCHIM S.A. şi GOLIA S.A. IPROCHIM S.A. şi GOLIA S.A.","sec. XV - XVII, Epoca medievală medievală"
17,IS-I-s-B-03511,"Situl arheologic din incinta Liceului ""Vasile Alecsandri""",municipiul IAŞI,"Str. Negri Costache 50, în incinta Liceului ""Vasile Alecsandri""","sec. XV - XVI, Epoca medievală"
18,IS-I-s-A-03512,"Situl arheologic de la Iaşi, punct ""Bd. Ştefan cel Mare şi Sfânt""",municipiul IAŞI,"Bd. Ştefan cel Mare şi Sfânt, frontul de între magazinul Materna şi blocul Cooperaţiei","V, sec. XIV - XVII, Epoca medievală"
19,IS-I-s-B-03513,"Situl arheologic de la Albeşti, punct “Moara lui Chilcoş""",sat ALBEŞTI; comuna BRĂEŞTI,"“La Moara lui Chilcoş"", la 400 m S de sat, între izvorul Gârla Morii şi pârâul Albeşti",
20,IS-I-m-B-03513.01,Aşezare,sat ALBEŞTI; comuna BRĂEŞTI,"“La Moara lui Chilcoş"", la 400 m S de sat, între izvorul Gârla Morii şi pârâul Albeşti","sec. XVI – XVIII, Epoca medievală"
21,IS-I-m-B-03513.02,Aşezare,sat ALBEŞTI; comuna BRĂEŞTI,"“La Moara lui Chilcoş"", la 400 m S de sat, între izvorul Gârla Morii şi pârâul Albeşti","sec. XIV – XV, Epoca medievală"
22,IS-I-s-B-03514,"Situl arheologic de la Alexandru Ioan Cuza, punct ""La Movilă""",sat ALEXANDRU I. CUZA; comuna ALEXANDRU I. CUZA,"""La Movilă"", la 2 km V de sat, pe malul al Siretului, o movilă",stâng
23,IS-I-s-B-03515,"Situl arheologic de la Alexandru Ioan Cuza, punct ""Ţarina de Jos""",sat ALEXANDRU I. CUZA; comuna ALEXANDRU I. CUZA,"""Ţarina de Jos"", la cca. 300 m SE de sat, confluenţa pârâului Ţiganca (în stânga) Siretul",la cu
24,IS-I-m-B-03515.01,Aşezare,sat ALEXANDRU I. CUZA; comuna ALEXANDRU I. CUZA,"""Ţarina de Jos"", la cca. 300 m SE de sat, confluenţa pârâului Ţiganca (în stânga) Siretul","la sec. XVII - XVIII, Epoca cu medievală"
25,IS-I-m-B-03515.02,Aşezare,sat ALEXANDRU I. CUZA; comuna ALEXANDRU I. CUZA I. CUZA; comuna,"""Ţarina de Jos"", la cca. 300 m SE de sat, confluenţa pârâului Ţiganca (în stânga) Siretul confluenţa pârâului Ţiganca (în stânga)","la sec. XV, Epoca cu medievală cu daco-romană"
27,IS-I-m-B-03515.04,Aşezare,sat ALEXANDRU I. CUZA; comuna ALEXANDRU I. CUZA,"""Ţarina de Jos"", la cca. 300 m SE de sat, confluenţa pârâului Ţiganca (în stânga) Siretul","la sec. II - I a. Chr., Latène, cu cultura geto-dacică"
28,IS-I-s-B-03516,Situl arheologic de la Andrieşeni,sat ANDRIEŞENI; comuna ANDRIEŞENI,"""Vatra satului"", în perimetrul şcolii generale",
29,IS-I-m-B-03516.01,Aşezare,sat ANDRIEŞENI; comuna ANDRIEŞENI,"""Vatra satului"", în perimetrul şcolii generale","sec. XVII - XVIII, Epoca medievală"
30,IS-I-m-B-03516.02,Aşezare,sat ANDRIEŞENI; comuna ANDRIEŞENI,"""Vatra satului"", în perimetrul şcolii generale","sec. III - IV p.Chr., Epoca migraţiilor"
31,IS-I-m-B-03516.03,Aşezare,sat ANDRIEŞENI; comuna ANDRIEŞENI,"""Vatra satului"", în perimetrul şcolii generale",Hallstatt
32,IS-I-m-B-03516.04,Aşezare,sat ANDRIEŞENI; comuna ANDRIEŞENI,"""Vatra satului"", în perimetrul şcolii generale","Epoca bronzului târziu, cultura Noua"
33,IS-I-m-B-03516.05,Aşezare,sat ANDRIEŞENI; comuna ANDRIEŞENI,"""Vatra satului"", în perimetrul şcolii generale","Eneolitic, cultura Precucuteni, faza III"
34, IS-I-m-B-03516.06, Aşezare, sat ANDRIEŞENI; comuna ANDRIEŞENI," ""Vatra satului"", în perimetrul şcolii generale"," Neolitic, cultura Criş"
35,IS-I-s-A-03517,"Situl arheologic de la Aroneanu, punct din ""Vatra satului""",sat ARONEANU; comuna ARONEANU,"""Vatra satului"", în jurul Bisericii ""Sf. Nicolae - Aroneanu"" şi grădinile înconjurătoare","sec. XVI – XVIII, Epoca medievală"
36,IS-I-s-B-03518,"Situl arheologic de la Avântu, punct ""Prosia""",sat AVÂNTU; comuna ROMÂNEŞTI,"""Prosia"", la cca. 500 m S de sat, pe partea stângă a CF Leţcani - Movileni",
37,IS-I-s-B-03518.01,Aşezare,sat AVÂNTU; comuna ROMÂNEŞTI comuna ROMÂNEŞTI,"""Prosia"", la cca. 500 m S de sat, pe partea stângă a CF Leţcani - Movileni stângă a CF Leţcani - Movileni",Epoca medievală
39,IS-I-m-B-03518.03,Aşezare,sat AVÂNTU; comuna ROMÂNEŞTI,"""Prosia"", la cca. 500 m S de sat, pe partea stângă a CF Leţcani - Movileni","sec. IV p.Chr, Epoca daco-romană"
40,IS-I-m-B-03518.04,Aşezare,sat AVÂNTU; comuna ROMÂNEŞTI,"""Prosia"", la cca. 500 m S de sat, pe partea stângă a CF Leţcani - Movileni",Hallstatt
41,IS-I-m-B-03518.05,Aşezare,sat AVÂNTU; comuna ROMÂNEŞTI,"""Prosia"", la cca. 500 m S de sat, pe partea stângă a CF Leţcani - Movileni","Epoca bronzului târziu, cultura Noua"
42,IS-I-m-B-03518.06,Aşezare,sat AVÂNTU; comuna ROMÂNEŞTI,"""Prosia"", la cca. 500 m S de sat, pe partea stângă a CF Leţcani - Movileni","Neolitic, cultura Starčevo – Criş"
43,IS-I-s-B-03519,Aşezare,sat BALŞ; comuna BALŞ,"""Valea Parului"", la cca. 1,5 km V de satul Balş şi la 3,5 km E de satul Băiceni","Neolitic, cultura Starčevo – Criş"
44,IS-I-s-B-03520,"Situl arheologic de la Băiceni, punct ""Bogdăneasa""",sat BĂICENI; comuna CUCUTENI,"""Bogdăneasa"", în vatra satului, la 1 km de Şcoala Generală",VNV
45,IS-I-m-B-03520.01,Aşezare,sat BĂICENI; comuna CUCUTENI,"""Bogdăneasa"", în vatra satului, la 1 km de Şcoala Generală","VNV sec. XVIII, Epoca medievală"
46,IS-I-m-B-03520.02,Aşezare,sat BĂICENI; comuna CUCUTENI,"""Bogdăneasa"", în vatra satului, la 1 km de Şcoala Generală","VNV sec. VIII – XI, Epoca medieval timpurie"
47,IS-I-m-B-03520.03,Aşezare,sat BĂICENI; comuna CUCUTENI,"""Bogdăneasa"", în vatra satului, la 1 km de Şcoala Generală","VNV sec. IV - III a. Chr., Latène"
48,IS-I-s-A-03521,"Situl arheologic de la Băiceni, punct ""Cetăţuia""",sat BĂICENI; comuna CUCUTENI,"""Cetăţuia"", pe platoul Laiu, la marginea a satului, la cca. 400 m de şcoală",de V
49,IS-I-m-A-03521.01,Aşezare,sat BĂICENI; comuna CUCUTENI,"""Cetăţuia"", pe platoul Laiu, la marginea a satului, la cca. 400 m de şcoală",de V sec. III p. Chr.
50,IS-I-m-A-03521.02,Aşezare,sat BĂICENI; comuna CUCUTENI CUCUTENI,"""Cetăţuia"", pe platoul Laiu, la marginea a satului, la cca. 400 m de şcoală a satului, la cca. 400 m de şcoală",de V Geto-dacică Horodiştea-Erbiceni
52,IS-I-m-A-03521.04,Aşezare,sat BĂICENI; comuna CUCUTENI,"""Cetăţuia"", pe platoul Laiu, la marginea a satului, la cca. 400 m de şcoală","de V Eneolitic, cultura Cucuteni, faza B"
53,IS-I-m-A-03521.05,Aşezare,sat BĂICENI; comuna CUCUTENI,"""Cetăţuia"", pe platoul Laiu, la marginea a satului, la cca. 400 m de şcoală","de V Eneolitic, cultura Cucuteni, faza AB"
54,IS-I-m-A-03521.06,Aşezare,sat BĂICENI; comuna CUCUTENI,"""Cetăţuia"", pe platoul Laiu, la marginea a satului, la cca. 400 m de şcoală","de V Eneolitic, cultura Cucuteni, faza A"
55,IS-I-s-B-03522,"Situl arheologic de la Băiceni, punct ""Dâmbul lui Pletosu""",sat BĂICENI; comuna CUCUTENI,"""Dâmbul lui Pletosu"", la cca. 200 m NNV sat, pe vârful unui mamelon aflat pe malul drept al pârâului Recea",de
56,IS-I-m-B-03522.01,Aşezare,sat BĂICENI; comuna CUCUTENI,"""Dâmbul lui Pletosu"", la cca. 200 m NNV sat, pe vârful unui mamelon aflat pe malul drept al pârâului Recea","de sec. XVI - XVII, Epoca medievală"
57,IS-I-m-B-03522.02,Aşezare,sat BĂICENI; comuna CUCUTENI,"""Dâmbul lui Pletosu"", la cca. 200 m NNV sat, pe vârful unui mamelon aflat pe malul drept al pârâului Recea","de sec. IX - X, Epoca medieval timpurie"
58,IS-I-m-B-03522.03,Aşezare,sat BĂICENI; comuna CUCUTENI,"""Dâmbul lui Pletosu"", la cca. 200 m NNV sat, pe vârful unui mamelon aflat pe malul drept al pârâului Recea","de sec. IV p.Chr, Epoca post-romană"
59,IS-I-m-B-03522.04,Aşezare,sat BĂICENI; comuna CUCUTENI,"""Dâmbul lui Pletosu"", la cca. 200 m NNV sat, pe vârful unui mamelon aflat pe malul drept al pârâului Recea","de sec. I - II p.Chr., Epoca daco-romană"
60,IS-I-m-B-03522.05,"Aşezare Băiceni, punct ""Dâmbul",sat BĂICENI; comuna CUCUTENI CUCUTENI,"""Dâmbul lui Pletosu"", la cca. 200 m NNV sat, pe vârful unui mamelon aflat pe malul drept al pârâului Recea","de Eneolitic, cultura Cucuteni, faza A Cucuteni, faza AB"
62,IS-I-s-B-03524,"Situl arheologic de la Băiceni, punct ""Grădina lui Pascal""",sat BĂICENI; comuna CUCUTENI,"""Grădina lui Pascal"", pe malul stâng al pârâului Recea, în partea de ENE a satului",
63,IS-I-m-B-03524.01,Aşezare,sat BĂICENI; comuna CUCUTENI,"""Grădina lui Pascal"", pe malul stâng al pârâului Recea, în partea de ENE a satului","sec. XVII – XVIII, Epoca medievală"
64,IS-I-m-B-03524.02,Aşezare,sat BĂICENI; comuna CUCUTENI,"""Grădina lui Pascal"", pe malul stâng al pârâului Recea, în partea de ENE a satului","sec. IX - X, Epoca medieval timpurie"
65,IS-I-m-B-03524.03,Aşezare,sat BĂICENI; comuna CUCUTENI,"""Grădina lui Pascal"", pe malul stâng al pârâului Recea, în partea de ENE a satului","sf. sec. VIII p. Chr., Epoca medieval timpurie"
66,IS-I-s-B-03525,"Situl arheologic de la Băiceni, punct ""Mlada""",sat BĂICENI; comuna CUCUTENI,"""Mlada"", la 1,5 km SV de sat, la marginea S a platoului Laiu",de
67,IS-I-m-B-03525.01,Aşezare,sat BĂICENI; comuna CUCUTENI,"""Mlada"", la 1,5 km SV de sat, la marginea S a platoului Laiu","de sec. III - I a. Chr., Latène"
68,IS-I-m-B-03525.02,Aşezare,sat BĂICENI; comuna CUCUTENI,"""Mlada"", la 1,5 km SV de sat, la marginea S a platoului Laiu","de sec. IV - III a. Chr., Latène"
69,IS-I-s-B-03526,"Situl arheologic de la Băiceni, punct ""Silişte""",sat BĂICENI; comuna CUCUTENI,"""Silişte"", la cca. 500 m N-NV de sat, pe drept al pârâului Recea",malul
70,IS-I-m-B-03526.01,Aşezare,sat BĂICENI; comuna CUCUTENI,"""Silişte"", la cca. 500 m N-NV de sat, pe drept al pârâului Recea","malul sec. XIV - XVII, Epoca medievală"
71,IS-I-m-B-03526.02,Aşezare,sat BĂICENI; comuna CUCUTENI,"""Silişte"", la cca. 500 m N-NV de sat, pe drept al pârâului Recea","malul sec. VIII – X, Epoca medieval timpurie"
72,IS-I-m-B-03526.03,Aşezare,sat BĂICENI; comuna CUCUTENI CUCUTENI,"""Silişte"", la cca. 500 m N-NV de sat, pe drept al pârâului Recea drept al pârâului Recea","malul sec. IV p.Chr, Epoca daco-romană romană"
74,IS-I-s-B-03527,"Situl arheologic de la Bălţaţi, punct ""Dealul Mândra""",sat BĂLŢAŢI; comuna BĂLŢAŢI,"""Dealul Mândra"", la 1,5 km NE de sat",
75,IS-I-m-B-03527.01,Aşezare,sat BĂLŢAŢI; comuna BĂLŢAŢI,"""Dealul Mândra"", la 1,5 km NE de sat","Epoca bronzului târziu, cultura Noua"
76,IS-I-m-B-03527.02,Aşezare,sat BĂLŢAŢI; comuna BĂLŢAŢI,"""Dealul Mândra"", la 1,5 km NE de sat","Eneolitic, cultura Cucuteni, faza A"
77,IS-I-s-B-03528,"Situl arheologic de la Bălţaţi, punct ""Podeţ""",sat BĂLŢAŢI; comuna BĂLŢAŢI,"""La Podeţ"", la cca. 1 km S de sat, pe terasa inferioară a râului Bahlueţ, lângă podeţul CF", de
78,IS-I-m-B-03528.01,Aşezare,sat BĂLŢAŢI; comuna BĂLŢAŢI,"""La Podeţ"", la cca. 1 km S de sat, pe terasa inferioară a râului Bahlueţ, lângă podeţul CF","sec. XVII – XVIII, Epoca de medievală"
79,IS-I-m-B-03528.02,Aşezare,sat BĂLŢAŢI; comuna BĂLŢAŢI,"""La Podeţ"", la cca. 1 km S de sat, pe terasa inferioară a râului Bahlueţ, lângă podeţul CF","sec. XV – XVI, Epoca de medievală"
80,IS-I-m-B-03528.03,Aşezare,sat BĂLŢAŢI; comuna BĂLŢAŢI,"""La Podeţ"", la cca. 1 km S de sat, pe terasa inferioară a râului Bahlueţ, lângă podeţul CF","sec. XII – XIII, Epoca de medieval timpurie"
81,IS-I-m-B-03528.04,Aşezare,sat BĂLŢAŢI; comuna BĂLŢAŢI,"""La Podeţ"", la cca. 1 km S de sat, pe terasa inferioară a râului Bahlueţ, lângă podeţul CF","sec. VIlI – IX, Epoca de medieval timpurie"
82,IS-I-m-B-03528.05,Aşezare,sat BĂLŢAŢI; comuna BĂLŢAŢI BĂLŢAŢI,"""La Podeţ"", la cca. 1 km S de sat, pe terasa inferioară a râului Bahlueţ, lângă podeţul CF inferioară a râului Bahlueţ, lângă podeţul","sec. IV p.Chr, Epoca de daco-romană de"
84,IS-I-m-B-03528.07,Aşezare,sat BĂLŢAŢI; comuna BĂLŢAŢI,"""La Podeţ"", la cca. 1 km S de sat, pe terasa inferioară a râului Bahlueţ, lângă podeţul CF","Epoca bronzului târziu, de cultura Noua"
85,IS-I-m-B-03528.08,Aşezare,sat BĂLŢAŢI; comuna BĂLŢAŢI,"""La Podeţ"", la cca. 1 km S de sat, pe terasa inferioară a râului Bahlueţ, lângă podeţul CF","Neolitic, cultura de Starčevo – Criş"
86,IS-I-s-B-03529,"Situl arheologic de la Bălţaţi, punct ""Cantoanele CFR""",sat BĂLŢAŢI; comuna BĂLŢAŢI,Zona cantoanelor CFR 38-39,
87,IS-I-m-B-03529.01,Aşezare,sat BĂLŢAŢI; comuna BĂLŢAŢI,Zona cantoanelor CFR 38-39,"sec. XI - XIII, Epoca medieval timpurie"
88, IS-I-m-B-03529.02, Aşezare, sat BĂLŢAŢI; comuna BĂLŢAŢI, Zona cantoanelor CFR 38-39," sec. X – XI, Epoca medieval timpurie"
89,IS-I-m-B-03529.03,Aşezare,sat BĂLŢAŢI; comuna BĂLŢAŢI,Zona cantoanelor CFR 38-39,"sec. VIII – IX, Epoca medieval timpurie"
90,IS-I-m-B-03529.04,Aşezare,sat BĂLŢAŢI; comuna BĂLŢAŢI,Zona cantoanelor CFR 38-39,"sec. VI - VII, Epoca medieval timpurie"
91,IS-I-m-B-03529.05,Aşezare,sat BĂLŢAŢI; comuna BĂLŢAŢI,Zona cantoanelor CFR 38-39,"sec. IV p.Chr, Epoca daco-romană"
92,IS-I-m-B-03529.06,Aşezare,sat BĂLŢAŢI; comuna BĂLŢAŢI,Zona cantoanelor CFR 38-39,Hallstatt mijlociu
93,IS-I-m-B-03529.07,Aşezare,sat BĂLŢAŢI; comuna BĂLŢAŢI BĂLŢAŢI,Zona cantoanelor CFR 38-39,"Epoca bronzului târziu, cultura Noua Cucuteni, faza B"
95,IS-I-m-B-03529.09,Aşezare,sat BĂLŢAŢI; comuna BĂLŢAŢI,Zona cantoanelor CFR 38-39,"Eneolitic, cultura Cucuteni, faza AB"
96,IS-I-m-B-03529.10,Aşezare,sat BĂLŢAŢI; comuna BĂLŢAŢI,Zona cantoanelor CFR 38-39,"Eneolitic, cultura Cucuteni, faza A"
97,IS-I-m-B-03529.11,Aşezare,sat BĂLŢAŢI; comuna BĂLŢAŢI,Zona cantoanelor CFR 38-39,"Neolitic, cultura Starčevo – Criş"
98,IS-I-s-B-03530,"Situl arheologic de la Bărbăteşti, punct ""Tarlaua Grajd""",sat BĂRBĂTEŞTI; comuna CUCUTENI,"""Tarlaua Grajd"", la marginea de E a satului, lângă garajul fostului CAP, pe malul stâng al pârâului Pietrosul",
99,IS-I-m-B-03530.01,Vatra medievală a satului Bărbăteşti,sat BĂRBĂTEŞTI; comuna CUCUTENI,"""Tarlaua Grajd"", la marginea de E a satului, lângă garajul fostului CAP, pe malul stâng al pârâului Pietrosul","sec. XV, Epoca medievală"
100,IS-I-m-B-03530.02,Aşezare,sat BĂRBĂTEŞTI; comuna CUCUTENI,"""Tarlaua Grajd"", la marginea de E a satului, lângă garajul fostului CAP, pe malul stâng al pârâului Pietrosul","sec. IV p.Chr, Epoca daco-romană"
101,IS-I-m-B-03530.03,Aşezare,sat BĂRBĂTEŞTI; comuna CUCUTENI,"""Tarlaua Grajd"", la marginea de E a satului, lângă garajul fostului CAP, pe malul stâng al pârâului Pietrosul","sec. II – III p.Chr., Epoca romană"
102,IS-I-m-B-03530.04,Aşezare,sat BĂRBĂTEŞTI; comuna CUCUTENI,"""Tarlaua Grajd"", la marginea de E a satului, lângă garajul fostului CAP, pe malul stâng al pârâului Pietrosul","sec. V - IV a. Chr., Hallstatt"
103,IS-I-m-B-03530.05,Aşezare,sat BĂRBĂTEŞTI; comuna CUCUTENI comuna CUCUTENI,"""Tarlaua Grajd"", la marginea de E a satului, lângă garajul fostului CAP, pe malul stâng al pârâului Pietrosul satului, lângă garajul fostului CAP, pe malul",Latène Cucuteni
105,IS-I-s-B-03531,"Situl arheologic de la Bâcu, punct ""Doschina""",sat BÂCU; comuna IPATELE,"""Doschina"", la cca. 1 km NE de sat, între pârâul Stavnic şi drumul spre sat Cioca Boca, com. Şcheia", -
106,IS-I-s-B-03531.01,Aşezare,sat BÂCU; comuna IPATELE,"""Doschina"", la cca. 1 km NE de sat, între pârâul Stavnic şi drumul spre sat Cioca Boca, com. Şcheia","sec. III - IV p.Chr., Epoca - daco-romană"
107,IS-I-m-B-03531.02,Aşezare,sat BÂCU; comuna IPATELE,"""Doschina"", la cca. 1 km NE de sat, între pârâul Stavnic şi drumul spre sat Cioca Boca, com. Şcheia","Latène, cultura geto- - dacică"
108,IS-I-s-B-03532,"Situl arheologic de la Bâcu, punct ""Beci""",sat BÂCU; comuna IPATELE,"""Pe Beci"", la 500 m E de sat, pe malul stâng al pârâului Stavnic şi pe dreapta drumului spre satul Frenciugi, com. Şcheia",
109,IS-I-m-B-03532.01,Aşezare,sat BÂCU; comuna IPATELE,"""Pe Beci"", la 500 m E de sat, pe malul stâng al pârâului Stavnic şi pe dreapta drumului spre satul Frenciugi, com. Şcheia","sec. XVI - XVII, Epoca medievală"
110,IS-I-m-B-03532.02,Aşezare,sat BÂCU; comuna IPATELE,"""Pe Beci"", la 500 m E de sat, pe malul stâng al pârâului Stavnic şi pe dreapta drumului spre satul Frenciugi, com. Şcheia","sec. V - VI, Epoca migraţiilor"
111,IS-I-m-B-03532.03,Aşezare,sat BÂCU; comuna IPATELE,"""Pe Beci"", la 500 m E de sat, pe malul stâng al pârâului Stavnic şi pe dreapta drumului spre satul Frenciugi, com. Şcheia","sec. IV p.Chr, Epoca daco-romană"
112,IS-I-m-B-03532.04,Aşezare,sat BÂCU; comuna IPATELE IPATELE,"""Pe Beci"", la 500 m E de sat, pe malul stâng al pârâului Stavnic şi pe dreapta drumului spre satul Frenciugi, com. Şcheia al pârâului Stavnic şi pe dreapta drumului","sec. II – III p.Chr., Latène târziu cultura Noua"
114,IS-I-s-B-03533,"Situl arheologic de la Bârleşti, punct ""La Curtea Boierească""",sat BÂRLEŞTI; comuna ERBICENI,"""La Curtea Boierească"", în vatra satului",
115,IS-I-m-B-03533.01,Aşezare,sat BÂRLEŞTI; comuna ERBICENI,"""La Curtea Boierească"", în vatra satului","sec. XVI - XVII, Epoca medievală"
116,IS-I-m-B-03533.02,Aşezare,sat BÂRLEŞTI; comuna ERBICENI,"""La Curtea Boierească"", în vatra satului","sec. IV p.Chr, Epoca daco-romană"
117,IS-I-m-B-03533.03,Aşezare,sat BÂRLEŞTI; comuna ERBICENI,"""La Curtea Boierească"", în vatra satului","sec. III - I a. Chr., Latène"
118,IS-I-m-B-03533.04,Aşezare,sat BÂRLEŞTI; comuna ERBICENI,"""La Curtea Boierească"", în vatra satului","Epoca bronzului târziu, cultura Noua"
119,IS-I-m-B-03533.05,Aşezare,sat BÂRLEŞTI; comuna ERBICENI,"""La Curtea Boierească"", în vatra satului","Eneolitic, cultura Cucuteni, faza B"
120,IS-I-s-B-03534,"Situl arheologic de la Bârleşti, punct ""Pepinieră""",sat BÂRLEŞTI; comuna ERBICENI,"""La Pepinieră"", la 1 km SE de sat, la poalele Dealului Ţintei",
121, IS-I-m-B-03534.01, Aşezare, sat BÂRLEŞTI; comuna ERBICENI," ""La Pepinieră"", la 1 km SE de sat, la poalele Dealului Ţintei"," sec. XI - XIII, Epoca medieval timpurie"
122,IS-I-m-B-03534.02,Aşezare,sat BÂRLEŞTI; comuna ERBICENI,"""La Pepinieră"", la 1 km SE de sat, la poalele Dealului Ţintei","sec. IV p.Chr, Epoca daco-romană"
123,IS-I-m-B-03534.03,Aşezare,sat BÂRLEŞTI; comuna ERBICENI,"""La Pepinieră"", la 1 km SE de sat, la poalele Dealului Ţintei","Eneolitic final, cultura Horodiştea – Erbiceni"
124,IS-I-m-B-03534.04,Aşezare,sat BÂRLEŞTI; comuna ERBICENI comuna ERBICENI,"""La Pepinieră"", la 1 km SE de sat, la poalele Dealului Ţintei Dealului Ţintei","Eneolitic, cultura Cucuteni Precucuteni"
126,IS-I-m-B-03534.06,Aşezare,sat BÂRLEŞTI; comuna ERBICENI,"""La Pepinieră"", la 1 km SE de sat, la poalele Dealului Ţintei","Epoca bronzului târziu, cultura Noua"
127,IS-I-s-B-03535,"Situl arheologic de la Belceşti, punct ""Dealul Ruşilor""",sat BELCEŞTI; comuna BELCEŞTI,"""Dealul Ruşilor"" sau ""La Imaş"", marginea E a satului",de
128,IS-I-m-B-03535.01,Aşezare,sat BELCEŞTI; comuna BELCEŞTI,"""Dealul Ruşilor"" sau ""La Imaş"", la marginea de E a satului","sec. XVII - XVIII, Epoca medievală"
129,IS-I-m-B-03535.02,Aşezare,sat BELCEŞTI; comuna BELCEŞTI,"""Dealul Ruşilor"" sau ""La Imaş"", la marginea de E a satului","sec. XI – XII, Epoca medieval timpurie"
130,IS-I-m-B-03535.03,Aşezare,sat BELCEŞTI; comuna BELCEŞTI,"""Dealul Ruşilor"" sau ""La Imaş"", la marginea de E a satului","sec. IV p.Chr, Epoca daco-romană"
131,IS-I-m-B-03535.04,Aşezare,sat BELCEŞTI; comuna BELCEŞTI,"""Dealul Ruşilor"" sau ""La Imaş"", la marginea de E a satului","Neolitic, cultura Starčevo – Criş"
132,IS-I-s-B-03536,"Situl arheologic de la Belceşti, punct ""Săraturi""",sat BELCEŞTI; comuna BELCEŞTI,"""La Săraturi"", la cca. 3 km SE de sat, pe Dealul Scarchilor, în Valea Morii, pe podiş",
133, IS-I-m-B-03536.01, Aşezare, sat BELCEŞTI; comuna BELCEŞTI," ""La Săraturi"", la cca. 3 km SE de sat, pe Dealul Scarchilor, în Valea Morii, pe podiş"," sec. XVII - XVIII, Epoca medievală"
134,IS-I-m-B-03536.02,Aşezare,sat BELCEŞTI; comuna BELCEŞTI,"""La Săraturi"", la cca. 3 km SE de sat, pe Dealul Scarchilor, în Valea Morii, pe podiş","sec. XVI, Epoca medievală"
135,IS-I-m-B-03536.03,Aşezare,sat BELCEŞTI; comuna BELCEŞTI,"""La Săraturi"", la cca. 3 km SE de sat, pe Dealul Scarchilor, în Valea Morii, pe podiş","sec. XV, Epoca medievală"
136,IS-I-m-B-03536.04,Aşezare,sat BELCEŞTI; comuna BELCEŞTI comuna BELCEŞTI,"""La Săraturi"", la cca. 3 km SE de sat, pe Dealul Scarchilor, în Valea Morii, pe podiş Dealul Scarchilor, în Valea Morii, pe podiş","sec. XI – XII, Epoca medieval timpurie medieval timpurie"
138,IS-I-m-B-03536.06,Aşezare,sat BELCEŞTI; comuna BELCEŞTI,"""La Săraturi"", la cca. 3 km SE de sat, pe Dealul Scarchilor, în Valea Morii, pe podiş","sec. II – III p.Chr., Epoca romană"
139,IS-I-m-B-03536.07,Aşezare,sat BELCEŞTI; comuna BELCEŞTI,"""La Săraturi"", la cca. 3 km SE de sat, pe Dealul Scarchilor, în Valea Morii, pe podiş","Epoca bronzului târziu, cultura Noua"
140,IS-I-s-B-03537,"Situl arheologic de la Belceşti, punct ""Coasta Hucului""",sat BELCEŞTI; comuna BELCEŞTI,"""Coasta Hucului"", la marginea de SV a satului, pe partea dreaptă a barajului dintre iazurile Plopi şi Huc, pe o lungime de 1", km
141,IS-I-m-B-03537.01,Aşezare,sat BELCEŞTI; comuna BELCEŞTI,"""Coasta Hucului"", la marginea de SV a satului, pe partea dreaptă a barajului dintre iazurile Plopi şi Huc, pe o lungime de 1","sec. XV, Epoca medievală km"
142,IS-I-m-B-03537.02,Aşezare,sat BELCEŞTI; comuna BELCEŞTI,"""Coasta Hucului"", la marginea de SV a satului, pe partea dreaptă a barajului dintre iazurile Plopi şi Huc, pe o lungime de 1","sec. XIV – XV, Epoca medievală km"
143,IS-I-m-B-03537.03,Aşezare,sat BELCEŞTI; comuna BELCEŞTI,"""Coasta Hucului"", la marginea de SV a satului, pe partea dreaptă a barajului dintre iazurile Plopi şi Huc, pe o lungime de 1","sec. XI – XII, Epoca medieval timpurie km"
144,IS-I-m-B-03537.04,Aşezare,sat BELCEŞTI; comuna BELCEŞTI,"""Coasta Hucului"", la marginea de SV a satului, pe partea dreaptă a barajului dintre iazurile Plopi şi Huc, pe o lungime de 1","sec. X – XI, Epoca medieval timpurie km"
145,IS-I-s-B-03538,"Situl arheologic de la Belceşti, punct ""Dealul Hucului la Sondă""",sat BELCEŞTI; comuna BELCEŞTI,"""Dealul Hucului la Sondă"", la cca. 2,5 km de sat, pe interfluviul dintre râul Bahlui pârâul Huc",SSE şi
146,IS-I-m-B-03538.01,Aşezare,sat BELCEŞTI; comuna BELCEŞTI comuna BELCEŞTI,"""Dealul Hucului la Sondă"", la cca. 2,5 km de sat, pe interfluviul dintre râul Bahlui pârâul Huc de sat, pe interfluviul dintre râul Bahlui","SSE sec. XI - XII, Epoca şi medieval timpurie şi"
148,IS-I-m-B-03538.03,Aşezare,sat BELCEŞTI; comuna BELCEŞTI,"""Dealul Hucului la Sondă"", la cca. 2,5 km de sat, pe interfluviul dintre râul Bahlui pârâul Huc","SSE Epoca bronzului târziu, şi cultura Noua"
149,IS-I-m-B-03538.04,Aşezare,sat BELCEŞTI; comuna BELCEŞTI,"""Dealul Hucului la Sondă"", la cca. 2,5 km de sat, pe interfluviul dintre râul Bahlui pârâul Huc","SSE Eneolitic, cultura şi Cucuteni"
150,IS-I-m-B-03538.05,Aşezare,sat BELCEŞTI; comuna BELCEŞTI,"""Dealul Hucului la Sondă"", la cca. 2,5 km de sat, pe interfluviul dintre râul Bahlui pârâul Huc","SSE Eneolitic, cultura şi Precucuteni"
151,IS-I-m-B-03538.06,Aşezare,sat BELCEŞTI; comuna BELCEŞTI,"""Dealul Hucului la Sondă"", la cca. 2,5 km de sat, pe interfluviul dintre râul Bahlui pârâul Huc","SSE Neolitic, cultura şi Starčevo – Criş"
152,IS-I-s-B-03539,Situl arheologic de la Blăgeşti,localitatea BLĂGEŞTI; municipiul PAŞCANI,"la 2 km NNV de sat, în cotul râului, pe malul stâng",
153,IS-I-m-B-03539.01,Aşezare,localitatea BLĂGEŞTI; municipiul PAŞCANI,"la 2 km NNV de sat, în cotul râului, pe malul stâng",Epoca medievală
154,IS-I-m-B-03539.02,Aşezare,localitatea BLĂGEŞTI; municipiul PAŞCANI,"la 2 km NNV de sat, în cotul râului, pe malul stâng","Eneolitic, cultura Cucuteni, faza A"
155,IS-I-s-B-03540,"Situl arheologic de la Boatca, punct ""Cetatea Mare"" Boroseşti",sat BOATCA; comuna DAGÂŢA comuna SCÂNTEIA,"""Cetatea Mare"" (""Cetatea Gârbeşti""), la 3 km NNE de sat, la graniţa cu com. Ţibana vestice ale Dealului Cujbă","cca. Eneolitic, cultura Cucuteni, faza A"
157,IS-I-m-B-03541.01,Aşezare,sat BOROSEŞTI; comuna SCÂNTEIA,"""Cujbă"", la cca. 1 km N de sat, pe pantele vestice ale Dealului Cujbă","sec. XIII, Epoca medieval timpurie"
158,IS-I-m-B-03541.02,Aşezare,sat BOROSEŞTI; comuna SCÂNTEIA,"""Cujbă"", la cca. 1 km N de sat, pe pantele vestice ale Dealului Cujbă","sec. XI – XII, Epoca medieval timpurie"
159,IS-I-m-B-03541.03,Aşezare,sat BOROSEŞTI; comuna SCÂNTEIA,"""Cujbă"", la cca. 1 km N de sat, pe pantele vestice ale Dealului Cujbă","Eneolitic final, cultura Horodiştea – Erbiceni"
160,IS-I-s-B-03542,"Situl arheologic de la Boroseşti, punct ""Pe Lesa""",sat BOROSEŞTI; comuna SCÂNTEIA,"""Pe Lesa"" (Dealul Boroseşti), la cca. 500 de sat, pe versantul sudic al Dealului Boroseştilor",m V
161,IS-I-m-B-03542.01,Aşezare,sat BOROSEŞTI; comuna SCÂNTEIA,"""Pe Lesa"" (Dealul Boroseşti), la cca. 500 de sat, pe versantul sudic al Dealului Boroseştilor","m V sec. XVII - XVIII, Epoca medievală"
162,IS-I-m-B-03542.02,Aşezare,sat BOROSEŞTI; comuna SCÂNTEIA,"""Pe Lesa"" (Dealul Boroseşti), la cca. 500 de sat, pe versantul sudic al Dealului Boroseştilor","m V sec. IV p.Chr. şi VI, Epoca medieval timpurie"
163,IS-I-m-B-03542.03,Necropolă,sat BOROSEŞTI; comuna SCÂNTEIA,"""Pe Lesa"" (Dealul Boroseşti), la cca. 500 de sat, pe versantul sudic al Dealului Boroseştilor","m V sec. III - I a. Chr., Latène târziu, cultura Poieneşti -Lukaşevka"
164,IS-I-m-B-03542.04,Aşezare,sat BOROSEŞTI; comuna SCÂNTEIA,"""Pe Lesa"" (Dealul Boroseşti), la cca. 500 de sat, pe versantul sudic al Dealului Boroseştilor","m V sec. III - I a. Chr., Latène"
165,IS-I-m-B-03542.05,Aşezare,sat BOROSEŞTI; comuna SCÂNTEIA comuna SCÂNTEIA,"""Pe Lesa"" (Dealul Boroseşti), la cca. 500 de sat, pe versantul sudic al Dealului Boroseştilor de sat, pe versantul sudic al Dealului","m V sec. IV - III a. Chr., Latène Horodiştea – Erbiceni"
167,IS-I-s-B-03543,Situl arheologic de la Boureni,sat BOURENI; comuna BALŞ,"""Movila Căpăţână"", la cca. 500 m S de sat",
168,IS-I-m-B-03543.01,Aşezare,sat BOURENI; comuna BALŞ,"""Movila Căpăţână"", la cca. 500 m S de sat",Latène
169,IS-I-m-B-03543.02,Aşezare,sat BOURENI; comuna BALŞ,"""Movila Căpăţână"", la cca. 500 m S de sat","Eneolitic, cultura Cucuteni, faza B"
170,IS-I-m-B-03543.03,Aşezare,sat BOURENI; comuna BALŞ,"""Movila Căpăţână"", la cca. 500 m S de sat","Eneolitic, cultura Cucuteni, faza A"
171,IS-I-s-B-03544,"Situl arheologic de la Brădiceşti, punct ""Odaie""",sat BRĂDICEŞTI; comuna DOLHEŞTI,"""La Odaie"", la cca. 700 m SV de sat",
172,IS-I-m-B-03544.01,Aşezare,sat BRĂDICEŞTI; comuna DOLHEŞTI,"""La Odaie"", la cca. 700 m SV de sat","sec. XV - XVI, Epoca medievală"
173,IS-I-m-B-03544.02,Aşezare,sat BRĂDICEŞTI; comuna DOLHEŞTI,"""La Odaie"", la cca. 700 m SV de sat","sec. XI – XII, Epoca medieval timpurie"
174,IS-I-m-B-03544.03,Aşezare,sat BRĂDICEŞTI; comuna DOLHEŞTI,"""La Odaie"", la cca. 700 m SV de sat","sec. IV p.Chr, Epoca daco-romană"
175,IS-I-m-B-03544.04,Aşezare,sat BRĂDICEŞTI; comuna DOLHEŞTI,"""La Odaie"", la cca. 700 m SV de sat","sec. II - III p.Chr., Epoca romană"
176,IS-I-m-B-03544.05,Aşezare,sat BRĂDICEŞTI; comuna DOLHEŞTI,"""La Odaie"", la cca. 700 m SV de sat","sec. V - I a. Chr., Latène"
177,IS-I-m-B-03544.06,Aşezare,sat BRĂDICEŞTI; comuna DOLHEŞTI,"""La Odaie"", la cca. 700 m SV de sat","sec. VI - V a. Chr., Hallstatt final"
178,IS-I-m-B-03544.07,Aşezare,sat BRĂDICEŞTI; comuna DOLHEŞTI comuna DOLHEŞTI,"""La Odaie"", la cca. 700 m SV de sat","Hallstatt, grupul Cozia Starčevo – Criş"
180,IS-I-s-B-03545,"Situl arheologic de la Brătuleni, punct ""Râpă""",sat BRĂTULENI; comuna MIROSLAVA,"""La Râpă"", la cca. 1 km N de sat",
181,IS-I-m-B-03545.01,Aşezare,sat BRĂTULENI; comuna MIROSLAVA,"""La Râpă"", la cca. 1 km N de sat","sec. XV şi XVII, Epoca medievală"
182,IS-I-m-B-03545.02,Aşezare,sat BRĂTULENI; comuna MIROSLAVA,"""La Râpă"", la cca. 1 km N de sat","sec. VI – VII, Epoca migraţiilor"
183,IS-I-m-B-03545.03,Aşezare,sat BRĂTULENI; comuna MIROSLAVA,"""La Râpă"", la cca. 1 km N de sat","sec. IV p.Chr, Epoca daco-romană"
184,IS-I-m-B-03545.04,Aşezare,sat BRĂTULENI; comuna MIROSLAVA,"""La Râpă"", la cca. 1 km N de sat","Eneolitic final, cultura Horodiştea – Erbiceni"
185,IS-I-m-B-03545.05,Aşezare,sat BRĂTULENI; comuna MIROSLAVA,"""La Râpă"", la cca. 1 km N de sat","Eneolitic, cultura Cucuteni"
186,IS-I-s-B-03546,Aşezare,sat BREAZU; comuna REDIU,"""Dealul Breazu"" (""La Salcâmi""), la cca. 300 m NE de sat, pe panta sudică a dealului Breazu","Eneolitic final, cultura Horodiştea – Erbiceni"
187,IS-I-s-B-03547,Situl arheologic de la Buhalniţa,sat BUHALNIŢA; comuna CEPLENIŢA,"""Cetăţuia"", la S şi V de sat, la N de pârâul Buhalniţa",
188,IS-I-m-B-03547.01,Aşezare,sat BUHALNIŢA; comuna CEPLENIŢA,"""Cetăţuia"", la S şi V de sat, la N de pârâul Buhalniţa","sec. XV - XVII, Epoca medievală"
189,IS-I-m-B-03547.02,Aşezare,sat BUHALNIŢA; comuna CEPLENIŢA,"""Cetăţuia"", la S şi V de sat, la N de pârâul Buhalniţa","sec. XI – XIII, Epoca medieval timpurie"
190,IS-I-m-B-03547.03,Aşezare,sat BUHALNIŢA; comuna CEPLENIŢA,"""Cetăţuia"", la S şi V de sat, la N de pârâul Buhalniţa","sec. VIII – IX, Epoca migraţiilor"
191,IS-I-m-B-03547.04,Aşezare,sat BUHALNIŢA; comuna CEPLENIŢA comuna CEPLENIŢA,"""Cetăţuia"", la S şi V de sat, la N de pârâul Buhalniţa Buhalniţa","sec. II - III p.Chr., Epoca romană dacică"
193,IS-I-m-B-03547.06,Necropola birituală,sat BUHALNIŢA; comuna CEPLENIŢA,"""Cetăţuia"", la S şi V de sat, la N de pârâul Buhalniţa","sec. IV - III a. Chr. şi sec. I a. Chr - sec. I p. Chr, Latène"
194,IS-I-s-B-03548,"Situl arheologic de la Cârniceni, punct ""Cimitirul Vechi""",sat CÂRNICENI; comuna ŢIGĂNAŞI,"""Cimitirul Vechi"", la marginea de E a satului",
195,IS-I-m-B-03548.01,Aşezare,sat CÂRNICENI; comuna ŢIGĂNAŞI,"""Cimitirul Vechi"", la marginea de E a satului","sec. XVII - XVIII, Epoca medievală"
196,IS-I-m-B-03548.02,Aşezare,sat CÂRNICENI; comuna ŢIGĂNAŞI,"""Cimitirul Vechi"", la marginea de E a satului","sec. XIV – XV, Epoca medievală"
197,IS-I-m-B-03548.03,Aşezare,sat CÂRNICENI; comuna ŢIGĂNAŞI,"""Cimitirul Vechi"", la marginea de E a satului","sec. VI – VIII, Epoca migraţiilor"
198,IS-I-m-B-03548.04,Aşezare,sat CÂRNICENI; comuna ŢIGĂNAŞI,"""Cimitirul Vechi"", la marginea de E a satului","sec. V – VI, Epoca migraţiilor"
199,IS-I-m-B-03548.05,Aşezare,sat CÂRNICENI; comuna ŢIGĂNAŞI,"""Cimitirul Vechi"", la marginea de E a satului","sec. IV p.Chr, Epoca daco-romană"
200, IS-I-m-B-03548.06, Aşezare, sat CÂRNICENI; comuna ŢIGĂNAŞI," ""Cimitirul Vechi"", la marginea de E a satului"," sec. III - IV p.Chr., Epoca daco-romană"
201,IS-I-m-B-03548.07,Aşezare,sat CÂRNICENI; comuna ŢIGĂNAŞI,"""Cimitirul Vechi"", la marginea de E a satului","Eneolitic final, cultura Horodiştea – Erbiceni"
202,IS-I-m-B-03548.08,Aşezare,sat CÂRNICENI; comuna ŢIGĂNAŞI,"""Cimitirul Vechi"", la marginea de E a satului","Eneolitic, cultura Cucuteni, faza B"
203,IS-I-s-B-03549,"Situl arheologic de la Cârniceni, punct ""Holm 1""",sat CÂRNICENI; comuna ŢIGĂNAŞI comuna ŢIGĂNAŞI,"""Holm 1"", la 200 m N de sat, pe partea stângă a şoselei spre Probota stângă a şoselei spre Probota",
205,IS-I-m-B-03549.02,Aşezare,sat CÂRNICENI; comuna ŢIGĂNAŞI,"""Holm 1"", la 200 m N de sat, pe partea stângă a şoselei spre Probota","Eneolitic final, cultura Horodiştea – Erbiceni"
206,IS-I-m-B-03549.03,Aşezare,sat CÂRNICENI; comuna ŢIGĂNAŞI,"""Holm 1"", la 200 m N de sat, pe partea stângă a şoselei spre Probota","Eneolitic, cultura Cucuteni, faza B2"
207,IS-I-m-B-03549.04,Aşezare,sat CÂRNICENI; comuna ŢIGĂNAŞI,"""Holm 1"", la 200 m N de sat, pe partea stângă a şoselei spre Probota","Eneolitic, cultura Precucuteni"
208,IS-I-m-B-03549.05,Aşezare,sat CÂRNICENI; comuna ŢIGĂNAŞI,"""Holm 1"", la 200 m N de sat, pe partea stângă a şoselei spre Probota",Epipaleolitic
209,IS-I-m-B-03549.06,Aşezare,sat CÂRNICENI; comuna ŢIGĂNAŞI,"""Holm 1"", la 200 m N de sat, pe partea stângă a şoselei spre Probota","Paleolitic superior, gravettian"
210,IS-I-s-B-03550,"Situl arheologic de la Cârniceni, punct ""Holm II""",sat CÂRNICENI; comuna ŢIGĂNAŞI,"""Holm II"", la 1 km N de sat, la limita cu comuna Probota",
211,IS-I-m-B-03550.01,Aşezare,sat CÂRNICENI; comuna ŢIGĂNAŞI,"""Holm II"", la 1 km N de sat, la limita cu comuna Probota","sec. VIII - X, Epoca medieval timpurie, cultura Dridu"
212,IS-I-m-B-03550.02,Aşezare,sat CÂRNICENI; comuna ŢIGĂNAŞI,"""Holm II"", la 1 km N de sat, la limita cu comuna Probota","sec. VI - VII, Epoca medieval timpurie, cultura Costişa - Botoşana"
213,IS-I-m-B-03550.03,Aşezare,sat CÂRNICENI; comuna ŢIGĂNAŞI,"""Holm II"", la 1 km N de sat, la limita cu comuna Probota","sec. III - I a. Chr., Latène, cultura geto- dacică"
214,IS-I-m-B-03550.04,Aşezare,sat CÂRNICENI; comuna ŢIGĂNAŞI comuna ŢIGĂNAŞI,"""Holm II"", la 1 km N de sat, la limita cu comuna Probota comuna Probota","Hallstatt timpuriu Cucuteni, faza B"
216,IS-I-m-B-03550.06,Aşezare,sat CÂRNICENI; comuna ŢIGĂNAŞI,"""Holm II"", la 1 km N de sat, la limita cu comuna Probota","Eneolitic, cultura Precucuteni, faza III"
217,IS-I-m-B-03550.07,Aşezare,sat CÂRNICENI; comuna ŢIGĂNAŞI,"""Holm II"", la 1 km N de sat, la limita cu comuna Probota","Eneolitic, cultura Precucuteni, faza II"
218,IS-I-m-B-03551,Valul lui Traian,sat CÂRNICENI; comuna ŢIGĂNAŞI,"la 3 km E de sat, cu direcţia NNE spre com. Victori",Epoca migraţiilor
219,IS-I-s-B-03552,"Situl arheologic de la Chilişoaia, punct ""Fundătura""",sat CHILIŞOAIA; comuna DUMEŞTI,"""Fundătura"", la 200 m S de sat, pe versantul de E al Dealului Chilişoaia",
220,IS-I-m-B-03552.01,Aşezare,sat CHILIŞOAIA; comuna DUMEŞTI,"""Fundătura"", la 200 m S de sat, pe versantul de E al Dealului Chilişoaia","sec. XIV - XV, Epoca medievală"
221,IS-I-m-B-03552.02,Aşezare,sat CHILIŞOAIA; comuna DUMEŞTI,"""Fundătura"", la 200 m S de sat, pe versantul de E al Dealului Chilişoaia","sec. VII – VIII, Epoca migraţiilor"
222,IS-I-m-B-03552.03,Aşezare,sat CHILIŞOAIA; comuna DUMEŞTI,"""Fundătura"", la 200 m S de sat, pe versantul de E al Dealului Chilişoaia","sec. IV p.Chr, Epoca daco-romană"
223,IS-I-s-B-03553,"Situl arheologic de la Chilişoaia, punct ""Siliştea""",sat CHILIŞOAIA; comuna DUMEŞTI,"""Siliştea"", în marginea de NV a satului, în punctul ""Groapa popii"" de pe teritoriul comunei Popeşti (sat Hărpăşeşti)",până
224,IS-I-m-B-03553.01,Aşezare,sat CHILIŞOAIA; comuna DUMEŞTI,"""Siliştea"", în marginea de NV a satului, în punctul ""Groapa popii"" de pe teritoriul comunei Popeşti (sat Hărpăşeşti)","până sec. XIV - XV, Epoca medievală"
225,IS-I-m-B-03553.02,Aşezare,sat CHILIŞOAIA; comuna DUMEŞTI comuna DUMEŞTI,"""Siliştea"", în marginea de NV a satului, în punctul ""Groapa popii"" de pe teritoriul comunei Popeşti (sat Hărpăşeşti) în punctul ""Groapa popii"" de pe teritoriul","până sec. XI - XII, Epoca medieval timpurie medieval timpurie"
227,IS-I-m-B-03553.04,Aşezare,sat CHILIŞOAIA; comuna DUMEŞTI,"""Siliştea"", în marginea de NV a satului, în punctul ""Groapa popii"" de pe teritoriul comunei Popeşti (sat Hărpăşeşti)","până sec. VII - VIII, Epoca migraţiilor"
228,IS-I-m-B-03553.05,Aşezare,sat CHILIŞOAIA; comuna DUMEŞTI,"""Siliştea"", în marginea de NV a satului, în punctul ""Groapa popii"" de pe teritoriul comunei Popeşti (sat Hărpăşeşti)","până sec. IV - V, Epoca migraţiilor"
229,IS-I-s-B-03554,"Situl arheologic de la Chipereşti, punct ""Ţăruş""",sat CHIPEREŞTI; comuna ŢUŢORA,"""La Ţăruş"", la marginea de SE a satului, spatele Şcolii Generale, la 400 m SSE de podul mare de peste Jijia",în
230,IS-I-m-B-03554.01,Aşezare,sat CHIPEREŞTI; comuna ŢUŢORA,"""La Ţăruş"", la marginea de SE a satului, spatele Şcolii Generale, la 400 m SSE de podul mare de peste Jijia","în sec. XVII, Epoca medievală"
231,IS-I-m-B-03554.02,Aşezare,sat CHIPEREŞTI; comuna ŢUŢORA,"""La Ţăruş"", la marginea de SE a satului, spatele Şcolii Generale, la 400 m SSE de podul mare de peste Jijia","în sec. VIlI –X, Epoca medieval timpurie, cultura Dridu"
232,IS-I-m-B-03554.03,Aşezare,sat CHIPEREŞTI; comuna ŢUŢORA,"""La Ţăruş"", la marginea de SE a satului, spatele Şcolii Generale, la 400 m SSE de podul mare de peste Jijia",în Latène târziu
233,IS-I-m-B-03554.04,Aşezare,sat CHIPEREŞTI; comuna ŢUŢORA,"""La Ţăruş"", la marginea de SE a satului, spatele Şcolii Generale, la 400 m SSE de podul mare de peste Jijia","în Eneolitic final, cultura Horodiştea – Erbiceni"
234,IS-I-m-B-03554.05,"Aşezare Ciurea, punct ""Botul",sat CHIPEREŞTI; comuna ŢUŢORA CIUREA,"""La Ţăruş"", la marginea de SE a satului, spatele Şcolii Generale, la 400 m SSE de podul mare de peste Jijia Ciurea şi cca. 200 m E de cartierul Lunca","în Eneolitic, cultura Precucuteni, faza III"
236,IS-I-m-B-03555.01,Aşezare,sat CIUREA; comuna CIUREA,"""Botul Cihanului"", la 1,5 km SE de Gara Ciurea şi cca. 200 m E de cartierul Lunca Ciurei","CFR sec. XVII - XVIII, Epoca medievală"
237,IS-I-m-B-03555.02,Aşezare,sat CIUREA; comuna CIUREA,"""Botul Cihanului"", la 1,5 km SE de Gara Ciurea şi cca. 200 m E de cartierul Lunca Ciurei","CFR sec. X – XI, Epoca medieval timpurie"
238,IS-I-m-B-03555.03,Aşezare,sat CIUREA; comuna CIUREA,"""Botul Cihanului"", la 1,5 km SE de Gara Ciurea şi cca. 200 m E de cartierul Lunca Ciurei","CFR sec. VI – VIlI, Epoca migraţiilor"
239,IS-I-m-B-03555.04,Aşezare,sat CIUREA; comuna CIUREA,"""Botul Cihanului"", la 1,5 km SE de Gara Ciurea şi cca. 200 m E de cartierul Lunca Ciurei",CFR sec. III - I a. Chr.
240,IS-I-s-B-03556,"Situl arheologic de la Cogeasca, punct ""Moară"" (""Dealul Ruşilor"")",sat COGEASCA; comuna LEŢCANI,"""La Moară"" (""Dealul Ruşilor""), la 1,5 km sat",E de
241,IS-I-m-B-03556.01,Aşezare,sat COGEASCA; comuna LEŢCANI,"""La Moară"" (""Dealul Ruşilor""), la 1,5 km sat","E de sec. XVII - XVIII, Epoca medievală"
242,IS-I-m-B-03556.02,Aşezare,sat COGEASCA; comuna LEŢCANI,"""La Moară"" (""Dealul Ruşilor""), la 1,5 km sat","E de sec. XI – XII, Epoca medieval timpurie"
243,IS-I-m-B-03556.03,Aşezare,sat COGEASCA; comuna LEŢCANI,"""La Moară"" (""Dealul Ruşilor""), la 1,5 km sat","E de sec. X – XI, Epoca medieval timpurie"
244,IS-I-m-B-03556.04,Aşezare,sat COGEASCA; comuna LEŢCANI comuna LEŢCANI,"""La Moară"" (""Dealul Ruşilor""), la 1,5 km sat sat","E de sec. V, Epoca migraţiilor daco-romană"
246,IS-I-m-B-03556.06,Aşezare,sat COGEASCA; comuna LEŢCANI,"""La Moară"" (""Dealul Ruşilor""), la 1,5 km sat",E de Hallstatt
247,IS-I-m-B-03556.07,Aşezare,sat COGEASCA; comuna LEŢCANI,"""La Moară"" (""Dealul Ruşilor""), la 1,5 km sat",E de Latène II
248,IS-I-m-B-03556.08,Aşezare,sat COGEASCA; comuna LEŢCANI,"""La Moară"" (""Dealul Ruşilor""), la 1,5 km sat","E de Epoca bronzului târziu, cultura Noua"
249,IS-I-s-B-03557,"Situl arheologic de la Comarna, punct ""Pădurea Musteaţă""",sat COMARNA; comuna COMARNA,"""Pădurea Musteaţă"", la cca. 1,5 km VNV sat, în dreptul cantonului silvic",de
250,IS-I-m-B-03557.01,Aşezare,sat COMARNA; comuna COMARNA,"""Pădurea Musteaţă"", la cca. 1,5 km VNV sat, în dreptul cantonului silvic",de Epoca medievală
251,IS-I-m-B-03557.02,Aşezare,sat COMARNA; comuna COMARNA,"""Pădurea Musteaţă"", la cca. 1,5 km VNV sat, în dreptul cantonului silvic","de sec. VIlI - X, Epoca medieval timpurie"
252,IS-I-m-B-03557.03,Cetate,sat COMARNA; comuna COMARNA,"""Pădurea Musteaţă"", la cca. 1,5 km VNV sat, în dreptul cantonului silvic",de Latène
253,IS-I-m-B-03557.04,Aşezare,sat COMARNA; comuna COMARNA,"""Pădurea Musteaţă"", la cca. 1,5 km VNV sat, în dreptul cantonului silvic","de Eneolitic, cultura Cucuteni, faza B"
254,IS-I-s-B-03558,"Situl arheologic de la Conteşti, ""Dealul Obştei""",sat CONŢEŞTI; comuna VALEA SEACĂ,"""Dealul Obştei"", la 200 m SE de sat, pe stânga drumului Lespezi - Valea Seaca",
255,IS-I-m-B-03558.01,Aşezare,sat CONŢEŞTI; comuna VALEA SEACĂ,"""Dealul Obştei"", la 200 m SE de sat, pe stânga drumului Lespezi - Valea Seaca","sec. IV p.Chr, Epoca daco-romană"
256,IS-I-m-B-03558.02,Aşezare,sat CONŢEŞTI; comuna VALEA,"""Dealul Obştei"", la 200 m SE de sat, pe stânga drumului Lespezi - Valea Seaca","sec. II – III p.Chr., Epoca romană"
257,IS-I-s-B-03559,"Situl arheologic de la Conteşti, punct ""Ţintirim""",sat CONŢEŞTI; comuna VALEA SEACĂ,"""Ţintirim"", la 500 m E de sat, pe stânga pârâului Conţeasca",
258,IS-I-m-B-03559.01,Aşezare,sat CONŢEŞTI; comuna VALEA SEACĂ,"""Ţintirim"", la 500 m E de sat, pe stânga pârâului Conţeasca","sec. XVI - XVII, Epoca medievală"
259,IS-I-m-B-03559.02,Aşezare,sat CONŢEŞTI; comuna VALEA SEACĂ,"""Ţintirim"", la 500 m E de sat, pe stânga pârâului Conţeasca","sec. XIV – XV, Epoca medievală"
260,IS-I-m-B-03559.03,Aşezare,sat CONŢEŞTI; comuna VALEA SEACĂ,"""Ţintirim"", la 500 m E de sat, pe stânga pârâului Conţeasca","sec. V – VI, Epoca migraţiilor"
261,IS-I-m-B-03559.04,Aşezare,sat CONŢEŞTI; comuna VALEA SEACĂ,"""Ţintirim"", la 500 m E de sat, pe stânga pârâului Conţeasca","sec. IV p.Chr, Epoca daco-romană"
262,IS-I-s-B-03560,"Situl arheologic de la Costeşti, punct ""Cier""",sat COSTEŞTI; comuna COSTEŞTI,"""Cier"", la 200 m de marginea de E a satului, pe Dealul Coasta Mănăstirii","Eneolitic, Cultura , Cucuteni, Faza A"
263,IS-I-s-A-03562,"Ruinele bisericii catolice ""Sf. Maria""",sat COTNARI; comuna COTNARI,În vatra satului,"sec. XV, Epoca medievală"
264,IS-I-s-A-03563,"Situl arheologic ""Cetatea de la Cotnari""",sat COTNARI; comuna COTNARI,"""Dealul Cătălina"", la marginea de NV a satului",
265,IS-I-m-A-03563.01,Cetatea de la Cotnari,sat COTNARI; comuna COTNARI,"""Dealul Cătălina"", la marginea de NV a satului, la marginea de NV a satului","sec. II - III p.Chr., Epoca romană"
266,IS-I-m-A-03563.02,Cetatea de la Cotnari Cotnari,sat COTNARI; comuna COTNARI comuna COTNARI,"""Dealul Cătălina"", la marginea de NV a satului, la marginea de NV a satului","înc. sec. IV a. Chr., Hallstatt medievală"
268,IS-I-s-B-03565,"Situl arheologic de la Cotu Morii, punct ""Popi""",sat COTU MORII; comuna POPRICANI,"""La Popi"", la 1,5 km V-SV de sat, pe stânga drumului spre satul Popricani şi pe malul stâng al pârâului Ciric, flancat la E de Dealul Roznovanu",
269,IS-I-m-B-03565.01,Aşezare,sat COTU MORII; comuna POPRICANI,"""La Popi"", la 1,5 km V-SV de sat, pe stânga drumului spre satul Popricani şi pe malul stâng al pârâului Ciric, flancat la E de Dealul Roznovanu","sec. VIlI - X, Epoca medieval timpurie"
270,IS-I-m-B-03565.02,Aşezare,sat COTU MORII; comuna POPRICANI,"""La Popi"", la 1,5 km V-SV de sat, pe stânga drumului spre satul Popricani şi pe malul stâng al pârâului Ciric, flancat la E de Dealul Roznovanu","sec. IV p.Chr, Epoca daco-romană"
271,IS-I-m-B-03565.03,Aşezare,sat COTU MORII; comuna POPRICANI,"""La Popi"", la 1,5 km V-SV de sat, pe stânga drumului spre satul Popricani şi pe malul stâng al pârâului Ciric, flancat la E de Dealul Roznovanu",Latène
272,IS-I-m-B-03565.04,Aşezare,sat COTU MORII; comuna POPRICANI,"""La Popi"", la 1,5 km V-SV de sat, pe stânga drumului spre satul Popricani şi pe malul stâng al pârâului Ciric, flancat la E de Dealul Roznovanu","Eneolitic, cultura Cucuteni, faza AB sau B"
273,IS-I-s-B-03566,"Situl arheologic de la Covasna, punct ""Curmătura"" (""În Cier"")",sat COVASNA; comuna COSTULENI,"""Curmătura"" (""În Cier""), la 150 m S de sat",
274,IS-I-m-B-03566.01,Aşezare,sat COVASNA; comuna COSTULENI comuna COSTULENI,"""Curmătura"" (""În Cier""), la 150 m S de sat","sec. XVII - XVIII, Epoca medievală medieval timpurie,"
276,IS-I-m-B-03566.03,Aşezare,sat COVASNA; comuna COSTULENI,"""Curmătura"" (""În Cier""), la 150 m S de sat","sec. II - III p.Chr., Epoca romană"
277,IS-I-m-B-03566.04,Aşezare,sat COVASNA; comuna COSTULENI,"""Curmătura"" (""În Cier""), la 150 m S de sat",Hallstatt
278,IS-I-m-B-03566.05,Aşezare,sat COVASNA; comuna COSTULENI,"""Curmătura"" (""În Cier""), la 150 m S de sat","sec. IV - II a. Chr., Latène"
279,IS-I-s-B-03567,"Situl arheologic de la Cristeşti, punct ""Cioate""",sat CRISTEŞTI; comuna CRISTEŞTI,"""Cioate"", între pârâul Cioate şi şos. Cristeşti - Homiţa, în dreptul fostului sat Hereşti, lângă tunelul CF",
280,IS-I-m-B-03567.01,Aşezare,sat CRISTEŞTI; comuna CRISTEŞTI,"""Cioate"", între pârâul Cioate şi şos. Cristeşti - Homiţa, în dreptul fostului sat Hereşti, lângă tunelul CF","sec. XIV - XV, Epoca medievală"
281,IS-I-m-B-03567.02,Aşezare,sat CRISTEŞTI; comuna CRISTEŞTI,"""Cioate"", între pârâul Cioate şi şos. Cristeşti - Homiţa, în dreptul fostului sat Hereşti, lângă tunelul CF","sec. IV - II a. Chr., Latène, cultura geto- dacică"
282,IS-I-s-B-03561,Situl arheologic de la Criveşti,sat CRIVEŞTI; comuna STRUNGA,"""Pietrăria din Valea Hainei"", la 1 ,5 km sat, pe pantele E ale Dealului Pietrăriei",SE de
283,IS-I-m-B-03561.01,Aşezare,sat CRIVEŞTI; comuna STRUNGA,"""Pietrăria din Valea Hainei"", la 1 ,5 km sat, pe pantele E ale Dealului Pietrăriei",SE de Epoca romană
284,IS-I-m-B-03561.02,Aşezare,sat CRIVEŞTI; comuna STRUNGA,"""Pietrăria din Valea Hainei"", la 1 ,5 km sat, pe pantele E ale Dealului Pietrăriei","SE de sec. II-III p.Chr, Epoca romană"
285,IS-I-m-B-03561.03,Aşezare,sat CRIVEŞTI; comuna STRUNGA comuna STRUNGA,"""Pietrăria din Valea Hainei"", la 1 ,5 km sat, pe pantele E ale Dealului Pietrăriei sat, pe pantele E ale Dealului Pietrăriei","SE de Epoca bronzului târziu, cultura Noua Cucuteni, faza A"
287,IS-I-m-B-03561.05,Aşezare,sat CRIVEŞTI; comuna STRUNGA,"""Pietrăria din Valea Hainei"", la 1 ,5 km sat, pe pantele E ale Dealului Pietrăriei","SE de Neolitic timpuriu, cultura Starcevo-Criş"
288,IS-I-s-B-03568,Aşezarea fortificată de la Criveşti,sat CRIVEŞTI; comuna STRUNGA,"""La Cetate"", la marginea de SV a satului (cca. 200 m), pe un picior al podişului Dealul Cetăţii","Latène, cultura geto- dacică"
289,IS-I-s-B-03569,"Situl arheologic de la Criveşti, punct ""Hârtop""",sat CRIVEŞTI; comuna STRUNGA (fosta comună Vânători),"""La Hârtop"" (spre Budăi), la 300 m V de pe dreapta drumului spre satul Movileni, com. Heleşteni","sat,"
290,IS-I-m-B-03569.01,Aşezare,sat CRIVEŞTI; comuna STRUNGA (fosta comună Vânători),"""La Hârtop"" (spre Budăi), la 300 m V de pe dreapta drumului spre satul Movileni, com. Heleşteni","sat, sec. X, Epoca medieval timpurie, cultura Dridu"
291,IS-I-m-B-03569.02,Aşezare,sat CRIVEŞTI; comuna STRUNGA (fosta comună Vânători),"""La Hârtop"" (spre Budăi), la 300 m V de pe dreapta drumului spre satul Movileni, com. Heleşteni","sat, sec. VI – VII, Epoca migraţiilor"
292,IS-I-m-B-03569.03,Aşezare,sat CRIVEŞTI; comuna STRUNGA (fosta comună Vânători),"""La Hârtop"" (spre Budăi), la 300 m V de pe dreapta drumului spre satul Movileni, com. Heleşteni","sat, sec. IV p.Chr, Epoca daco-romană"
293,IS-I-m-B-03569.04,Aşezare,sat CRIVEŞTI; comuna STRUNGA (fosta comună Vânători) comuna STRUNGA,"""La Hârtop"" (spre Budăi), la 300 m V de pe dreapta drumului spre satul Movileni, com. Heleşteni pe dreapta drumului spre satul Movileni,","sat, sec. II – III p.Chr., Epoca romană cultura Noua"
295,IS-I-m-B-03569.06,Aşezare,sat CRIVEŞTI; comuna STRUNGA (fosta comună Vânători),"""La Hârtop"" (spre Budăi), la 300 m V de pe dreapta drumului spre satul Movileni, com. Heleşteni","sat, Eneolitic final, cultura Horodiştea – Erbiceni"
296,IS-I-m-B-03569.07,Aşezare,sat CRIVEŞTI; comuna STRUNGA (fosta comună Vânători),"""La Hârtop"" (spre Budăi), la 300 m V de pe dreapta drumului spre satul Movileni, com. Heleşteni","sat, Eneolitic, cultura Cucuteni, faza A"
297,IS-I-m-B-03569.08,Aşezare,sat CRIVEŞTI; comuna STRUNGA (fosta comună Vânători),"""La Hârtop"" (spre Budăi), la 300 m V de pe dreapta drumului spre satul Movileni, com. Heleşteni","sat, Paleolitic mijlociu"
298,IS-I-m-B-03569.09,Aşezare,sat CRIVEŞTI; comuna STRUNGA (fosta comună Vânători),"""La Hârtop"" (spre Budăi), la 300 m V de pe dreapta drumului spre satul Movileni, com. Heleşteni","sat, Eneolitic, cultura Cucuteni, faza AB"
299,IS-I-m-B-03569.10,Aşezare,sat CRIVEŞTI; comuna STRUNGA (fosta comună Vânători),"""La Hârtop"" (spre Budăi), la 300 m V de pe dreapta drumului spre satul Movileni, com. Heleşteni","sat, Eneolitic, cultura Cucuteni, faza B"
300,IS-I-s-B-03570,"Situl arheologic de la Criveşti, punct ""Râpa de la Şipot""",sat CRIVEŞTI; comuna STRUNGA (fosta comună Vânători) comuna STRUNGA,"""Râpa de la Şipot"", la marginea de N a satului, pe platoul din dreptul bisericii şi Curţilor Buhuşoaiei satului, pe platoul din dreptul bisericii şi",
302,IS-I-m-B-03570.02,Cimitir,sat CRIVEŞTI; comuna STRUNGA (fosta comună Vânători),"""Râpa de la Şipot"", la marginea de N a satului, pe platoul din dreptul bisericii şi Curţilor Buhuşoaiei",sec. XVII
303,IS-I-m-B-03570.03,Aşezare,sat CRIVEŞTI; comuna STRUNGA (fosta comună Vânători),"""Râpa de la Şipot"", la marginea de N a satului, pe platoul din dreptul bisericii şi Curţilor Buhuşoaiei","sec. IV p.Chr, Epoca daco-romană"
304,IS-I-m-B-03570.04,Aşezare,sat CRIVEŞTI; comuna STRUNGA (fosta comună Vânători),"""Râpa de la Şipot"", la marginea de N a satului, pe platoul din dreptul bisericii şi Curţilor Buhuşoaiei",Latène
305,IS-I-m-B-03570.05,Aşezare,sat CRIVEŞTI; comuna STRUNGA (fosta comună Vânători),"""Râpa de la Şipot"", la marginea de N a satului, pe platoul din dreptul bisericii şi Curţilor Buhuşoaiei","Neolitic târziu, cultura ceramicii liniare"
306,IS-I-m-B-03570.06,Aşezare,sat CRIVEŞTI; comuna STRUNGA (fosta comună Vânători),"""Râpa de la Şipot"", la marginea de N a satului, pe platoul din dreptul bisericii şi Curţilor Buhuşoaiei","Neolitic, cultura Starčevo – Criş"
307,IS-I-s-B-03571,"Situl arheologic de la Criveşti, punct ""Fundu"" Criveşti, punct ""Vatra",sat CRIVEŞTI; comuna STRUNGA (fosta comună Vânători) comuna STRUNGA,"""Fundu"", la 800 m NE de sat, la limita cu com. Todireşti, pe platoul ""Piciorul corbului"" de Şcoala Generală","sec. II - I a. Chr., Latène, cultura geto-dacică"
309,IS-I-m-B-03572.01,Ruine biserică,sat CRIVEŞTI; comuna STRUNGA (fosta comună Vânători),"""Vatra satului"", la marginea de NV, la 400 de Şcoala Generală",m Epoca medievală
310,IS-I-m-B-03572.02,Necropolă,sat CRIVEŞTI; comuna STRUNGA (fosta comună Vânători),"""Vatra satului"", la marginea de NV, la 400 de Şcoala Generală",m Epoca medievală
311,IS-I-s-A-03573,"Movilele de la Cucuteni, punct ""Dealul Gosan""",sat CUCUTENI; comuna CUCUTENI,"""Dealul Gosan"" - Pietrărie, la 2-300 m NNV de sat","sec. IV a. Chr., Latène timpuriu"
312,IS-I-s-B-03574,"Situl arheologic de la Cuza Vodă, punct ""Valea Şipoţelului""",sat CUZA VODĂ; comuna POPRICANI,"Dealul Crângului ""Valea Şipoţelului"", la V de sat şi 1 km N de Pădurea Cârlig, în izvoarelor de la baza pantei",1 km jurul
313,IS-I-m-B-03574.01,Aşezare,sat CUZA VODĂ; comuna POPRICANI,"Dealul Crângului ""Valea Şipoţelului"", la V de sat şi 1 km N de Pădurea Cârlig, în izvoarelor de la baza pantei",1 km sec. XVIII jurul
314,IS-I-m-B-03574.02,Aşezare,sat CUZA VODĂ; comuna POPRICANI,"Dealul Crângului ""Valea Şipoţelului"", la V de sat şi 1 km N de Pădurea Cârlig, în izvoarelor de la baza pantei","1 km sec. XIII – XIV, Epoca jurul medievală"
315,IS-I-m-B-03574.03,Aşezare,sat CUZA VODĂ; comuna POPRICANI,"Dealul Crângului ""Valea Şipoţelului"", la V de sat şi 1 km N de Pădurea Cârlig, în izvoarelor de la baza pantei","1 km sec. X – XI, Epoca jurul medieval timpurie"
316,IS-I-m-B-03574.04,Aşezare,sat CUZA VODĂ; comuna POPRICANI,"Dealul Crângului ""Valea Şipoţelului"", la V de sat şi 1 km N de Pădurea Cârlig, în","1 km sec. IV p.Chr. şi VI – IX, jurul Epoca migraţiilor"
317,IS-I-m-B-03574.05,Aşezare,sat CUZA VODĂ; comuna POPRICANI,"Dealul Crângului ""Valea Şipoţelului"", la V de sat şi 1 km N de Pădurea Cârlig, în izvoarelor de la baza pantei",1 km Latène jurul
318,IS-I-s-B-03575,"Situl arheologic de la Dagâţa, punct ""Dealul Ţintirim II""",sat DAGÂŢA; comuna DAGÂŢA,"""Dealul Ţintirim II"", în marginea de SE a satului, între sat şi CF",
319,IS-I-m-B-03575.01,Aşezare,sat DAGÂŢA; comuna DAGÂŢA,"""Dealul Ţintirim II"", în marginea de SE a satului, între sat şi CF","sec. XVI - XVII, Epoca medievală"
320,IS-I-m-B-03575.02,Aşezare,sat DAGÂŢA; comuna DAGÂŢA,"""Dealul Ţintirim II"", în marginea de SE a satului, între sat şi CF","sec. XI, Epoca medieval timpurie"
321,IS-I-m-B-03575.03,Aşezare,sat DAGÂŢA; comuna DAGÂŢA,"""Dealul Ţintirim II"", în marginea de SE a satului, între sat şi CF","sec. VIlI – X, Epoca medieval timpurie"
322,IS-I-m-B-03575.04,Aşezare,sat DAGÂŢA; comuna DAGÂŢA,"""Dealul Ţintirim II"", în marginea de SE a satului, între sat şi CF","Latène, cultura geto- dacică"
323,IS-I-s-B-03576,"Situl arheologic de la Dagâţa, punct ""Saivane""",sat DAGÂŢA; comuna DAGÂŢA,"""La Saivane"", la cca. 300 m de marginea SE a satului",de
324, IS-I-m-B-03576.01, Biserică, sat DAGÂŢA; comuna DAGÂŢA," ""La Saivane"", la cca. 300 m de marginea SE a satului", de Epoca medievală
325,IS-I-m-B-03576.02,Aşezare,sat DAGÂŢA; comuna DAGÂŢA,"""La Saivane"", la cca. 300 m de marginea SE a satului","de sec. II a. Chr., Latène"
326,IS-I-s-B-03577,Situl arheologic de la Dancu,sat DANCU; comuna HOLBOCA,La marginea de E a satului,
327,IS-I-m-B-03577.01,Aşezare,sat DANCU; comuna HOLBOCA HOLBOCA,La marginea de E a satului,"sec. XVII - XVIII, Epoca medievală daco-romană"
329,IS-I-m-B-03577.03,Aşezare,sat DANCU; comuna HOLBOCA,La marginea de E a satului,"sec. III - II a. Chr., Latène"
330,IS-I-m-B-03577.04,Aşezare,sat DANCU; comuna HOLBOCA,La marginea de E a satului,"Epoca bronzului târziu, cultura Noua"
331,IS-I-s-B-03578,"Situl arheologic de la Dobrovăţ, punct ""Cetăţuie""",sat DOBROVĂŢ; comuna DOBROVĂŢ,"""Cetăţuie"", la marginea de SV a satului 2 km de mănăstirea Dobrovăţ",şi la
332,IS-I-m-B-03578.01,Aşezare,sat DOBROVĂŢ; comuna DOBROVĂŢ,"""Cetăţuie"", la marginea de SV a satului 2 km de mănăstirea Dobrovăţ","şi la sec. I a. Chr.- I p. Chr., Latène"
333,IS-I-m-B-03578.02,Aşezare,sat DOBROVĂŢ; comuna DOBROVĂŢ,"""Cetăţuie"", la marginea de SV a satului 2 km de mănăstirea Dobrovăţ","şi la sec. III - I a. Chr., Latène"
334,IS-I-m-B-03578.03,Aşezare,sat DOBROVĂŢ; comuna DOBROVĂŢ,"""Cetăţuie"", la marginea de SV a satului 2 km de mănăstirea Dobrovăţ","şi la sec. IV - III a. Chr., Latène"
335,IS-I-s-B-03579,Fortificaţie,sat DOBROVĂŢ; comuna DOBROVĂŢ,"""Palanca"", la cca. 3 km NV de sat, între pâraiele Pietrosu şi Palanca",Epoca medievală timpurie
336,IS-I-s-B-03580,"Situl arheologic de la Dobrovăţ, punct ""Tarlaua Velniţa""",sat DOBROVĂŢ; comuna DOBROVĂŢ,"""Tarlaua Velniţa"", la cca. 3 km la S de sat, dreapta şoselei Dobrovăţ -Codăeşti",pe
337,IS-I-m-B-03580.01,Aşezare,sat DOBROVĂŢ; comuna DOBROVĂŢ,"""Tarlaua Velniţa"", la cca. 3 km la S de sat, dreapta şoselei Dobrovăţ -Codăeşti","pe sec. XVI - XVII, Epoca medievală"
338,IS-I-m-B-03580.02,Aşezare,sat DOBROVĂŢ; comuna DOBROVĂŢ,"""Tarlaua Velniţa"", la cca. 3 km la S de sat, dreapta şoselei Dobrovăţ -Codăeşti","pe sec. IV p.Chr, Epoca daco-romană"
339,IS-I-s-B-03581,"Situl arheologic de la Doroşcani, punct ""Dealul Gagea""",sat DOROŞCANI; comuna POPEŞTI comuna POPEŞTI,"""Dealul Gagea"", la 300 m NNE de vatra a satului a satului",nouă Latène
341,IS-I-m-B-03581.02,Aşezare,sat DOROŞCANI; comuna POPEŞTI,"""Dealul Gagea"", la 300 m NNE de vatra a satului","nouă Epoca bronzului târziu, cultura Noua"
342,IS-I-m-B-03581.03,Aşezare,sat DOROŞCANI; comuna POPEŞTI,"""Dealul Gagea"", la 300 m NNE de vatra a satului","nouă Eneolitic final, cultura Horodiştea, etapa Folteşti II"
343,IS-I-s-B-03582,"Situl arheologic de la Doroşcani, punct ""Dealul Viilor""",sat DOROŞCANI; comuna POPEŞTI,"""Dealul Viilor"", la 3,5 km N de sat, la limita cu comuna Podu Iloaie",
344,IS-I-m-B-03582.01,Vechea vatră medievală a satului,sat DOROŞCANI; comuna POPEŞTI,"""Dealul Viilor"", la 3,5 km N de sat, la limita cu comuna Podu Iloaie","sec. XV - XVII, Epoca medievală"
345,IS-I-m-B-03582.02,Aşezare,sat DOROŞCANI; comuna POPEŞTI,"""Dealul Viilor"", la 3,5 km N de sat, la limita cu comuna Podu Iloaie",Latène
346,IS-I-m-B-03582.03,Aşezare,sat DOROŞCANI; comuna POPEŞTI,"""Dealul Viilor"", la 3,5 km N de sat, la limita cu comuna Podu Iloaie","Epoca bronzului târziu, cultura Noua"
347,IS-I-m-B-03582.04,Aşezare,sat DOROŞCANI; comuna POPEŞTI,"""Dealul Viilor"", la 3,5 km N de sat, la limita cu comuna Podu Iloaie","Eneolitic, cultura Cucuteni, faza A"
348, IS-I-s-B-03583," Situl arheologic de la Dumbrava, punct ""La Căprărie""", sat DUMBRAVA; comuna CIUREA," ""La Căprărie"", la marginea de V a satului, dealul Bârsan", pe
349,IS-I-m-B-03583.01,Necropolă,sat DUMBRAVA; comuna CIUREA,"""La Căprărie"", la marginea de V a satului, dealul Bârsan","pe sec. I – II p.Chr., Latène"
350,IS-I-m-B-03583.02,Aşezare,sat DUMBRAVA; comuna CIUREA,"""La Căprărie"", la marginea de V a satului, dealul Bârsan","pe Eneolitic final, cultura Horodiştea – Erbiceni"
351,IS-I-s-B-03584,Situl arheologic de la Dumbrava,sat DUMBRAVA; comuna LESPEZI,"La marginea de S a satului, pe malul drept pârâului Sireţel, lângă confluenţa cu râul",al
352,IS-I-m-B-03584.01,Aşezare,sat DUMBRAVA; comuna LESPEZI,"La marginea de S a satului, pe malul drept pârâului Sireţel, lângă confluenţa cu râul Siret","al sec. XV - XVIII, Epoca medievală"
353,IS-I-m-B-03584.02,Aşezare,sat DUMBRAVA; comuna LESPEZI,"La marginea de S a satului, pe malul drept pârâului Sireţel, lângă confluenţa cu râul Siret","al sec. XV, Epoca medievală"
354,IS-I-m-B-03584.03,Aşezare,sat DUMBRAVA; comuna LESPEZI,"La marginea de S a satului, pe malul drept pârâului Sireţel, lângă confluenţa cu râul Siret","al sec. XIII – XIV, Epoca medievală"
355,IS-I-m-B-03584.04,Aşezare,sat DUMBRAVA; comuna LESPEZI,"La marginea de S a satului, pe malul drept pârâului Sireţel, lângă confluenţa cu râul Siret","al sec. XI – XII, Epoca medieval timpurie"
356,IS-I-m-B-03584.05,Aşezare,sat DUMBRAVA; comuna LESPEZI,"La marginea de S a satului, pe malul drept pârâului Sireţel, lângă confluenţa cu râul Siret","al sec. VII – X, Epoca medieval timpurie"
357,IS-I-m-B-03584.06,Aşezare,sat DUMBRAVA; comuna LESPEZI,"La marginea de S a satului, pe malul drept pârâului Sireţel, lângă confluenţa cu râul Siret","al sec. IV p.Chr, Epoca daco-romană"
358,IS-I-m-B-03584.07,Aşezare,sat DUMBRAVA; comuna LESPEZI,"La marginea de S a satului, pe malul drept pârâului Sireţel, lângă confluenţa cu râul Siret","al sec. II – III p.Chr., Epoca romană"
359,IS-I-m-B-03584.08,Aşezare,sat DUMBRAVA; comuna LESPEZI,"La marginea de S a satului, pe malul drept pârâului Sireţel, lângă confluenţa cu râul Siret",al Hallstatt
360,IS-I-s-B-03585,"Situl arheologic de la Dumeşti, punct ""Coasta",sat DUMEŞTI; comuna DUMEŞTI,"""Coasta Viei"" (""Tarlaua Izvor""), pe dealul la SV de marginea satului",de
361,IS-I-m-B-03585.01,Aşezare,sat DUMEŞTI; comuna DUMEŞTI,"""Coasta Viei"" (""Tarlaua Izvor""), pe dealul la SV de marginea satului","de Eneolitic final, cultura Horodiştea – Erbiceni"
362,IS-I-m-B-03585.02,Aşezare,sat DUMEŞTI; comuna DUMEŞTI,"""Coasta Viei"" (""Tarlaua Izvor""), pe dealul la SV de marginea satului","de Eneolitic, cultura Cucuteni, faza B"
363,IS-I-m-B-03585.03,Aşezare,sat DUMEŞTI; comuna DUMEŞTI,"""Coasta Viei"" (""Tarlaua Izvor""), pe dealul la SV de marginea satului","de Eneolitic, cultura Cucuteni, faza A"
364,IS-I-s-B-03586,"Situl arheologic de la Dumeşti, punct ""Valea Osânzei""",sat DUMEŞTI; comuna DUMEŞTI,"""Valea Osânzei"", la 1 km E de sat, lângă pârâul Osânzana (Cotul Osânzenei)",
365,IS-I-m-B-03586.01,Aşezare,sat DUMEŞTI; comuna DUMEŞTI,"""Valea Osânzei"", la 1 km E de sat, lângă pârâul Osânzana (Cotul Osânzenei)","sec. XVII - XVIII, Epoca medievală"
366,IS-I-m-B-03586.02,Aşezare,sat DUMEŞTI; comuna DUMEŞTI,"""Valea Osânzei"", la 1 km E de sat, lângă pârâul Osânzana (Cotul Osânzenei)","sec. XV - XVI, Epoca medievală"
367,IS-I-m-B-03586.03,Aşezare,sat DUMEŞTI; comuna DUMEŞTI,"""Valea Osânzei"", la 1 km E de sat, lângă pârâul Osânzana (Cotul Osânzenei)","sec. III - IV p.Chr., Epoca daco-romană"
368,IS-I-m-B-03586.04,Aşezare,sat DUMEŞTI; comuna DUMEŞTI,"""Valea Osânzei"", la 1 km E de sat, lângă pârâul Osânzana (Cotul Osânzenei)",Hallstatt
369,IS-I-s-B-03587,"Situl arheologic de la Dumitreştii-Gălăţii, punct ""Tarlaua Rachiţă I - II""",sat DUMITREŞTII GĂLĂŢII; comuna SCHITU DUCA,"""Tarlaua Rachiţă I - II"", la 200 m N de sat",
370,IS-I-m-B-03587.01,Aşezare,sat DUMITREŞTII GĂLĂŢII; comuna SCHITU DUCA,"""Tarlaua Rachiţă I - II"", la 200 m N de sat","sec. IV p.Chr, Epoca daco-romană"
371,IS-I-m-B-03587.02,Aşezare,sat DUMITREŞTII GĂLĂŢII; comuna,"""Tarlaua Rachiţă I - II"", la 200 m N de sat","sec. II – III p.Chr., Latène târziu"
372,IS-I-m-B-03587.03,Aşezare,sat DUMITREŞTII GĂLĂŢII; comuna SCHITU DUCA,"""Tarlaua Rachiţă I - II"", la 200 m N de sat","sec. III - I a. Chr., Latène"
373,IS-I-m-B-03587.04,Aşezare,sat DUMITREŞTII GĂLĂŢII; comuna SCHITU DUCA,"""Tarlaua Rachiţă I - II"", la 200 m N de sat",Hallstatt
374,IS-I-m-B-03587.05,Aşezare,sat DUMITREŞTII GĂLĂŢII; comuna SCHITU DUCA,"""Tarlaua Rachiţă I - II"", la 200 m N de sat","Paleolitic superior, gravettian"
375,IS-I-s-B-03588,"Situl arheologic de la Dumitreştii Gălăţii, punct ""Tarlaua Cimitir""",sat DUMITREŞTII GĂLĂŢII; comuna SCHITU DUCA,"""Tarlaua Cimitir"", la marginea de N a satului, pe dreapta şoselei laşi - Vaslui, km SV de biserică", la 1
376,IS-I-m-B-03588.01,Aşezare,sat DUMITREŞTII GĂLĂŢII; comuna SCHITU DUCA,"""Tarlaua Cimitir"", la marginea de N a satului, pe dreapta şoselei laşi - Vaslui, km SV de biserică","sec. IV p.Chr, Epoca la 1 daco-romană"
377,IS-I-m-B-03588.02,Aşezare,sat DUMITREŞTII GĂLĂŢII; comuna SCHITU DUCA,"""Tarlaua Cimitir"", la marginea de N a satului, pe dreapta şoselei laşi - Vaslui, km SV de biserică","sec. II - III p.Chr., Latène la 1"
378,IS-I-m-B-03588.03,Aşezare,sat DUMITREŞTII GĂLĂŢII; comuna SCHITU DUCA,"""Tarlaua Cimitir"", la marginea de N a satului, pe dreapta şoselei laşi - Vaslui, km SV de biserică","sec. II a. Chr., Latène la 1"
379,IS-I-m-B-03588.04,Aşezare,sat DUMITREŞTII GĂLĂŢII; comuna SCHITU DUCA,"""Tarlaua Cimitir"", la marginea de N a satului, pe dreapta şoselei laşi - Vaslui, km SV de biserică","Paleolitic superior, la 1 gravettian"
380,IS-I-s-B-03589,"Situl arheologic de la Erbiceni, punct ""Dealul",sat ERBICENI; comuna ERBICENI,"""Dealul Sărăturilor"", la 1,3 km N de sat, platoul de pe malul stâng al pârâului",pe
381,IS-I-m-B-03589.01,Aşezare,sat ERBICENI; comuna ERBICENI,"""Dealul Sărăturilor"", la 1,3 km N de sat, platoul de pe malul stâng al pârâului Doroşca",pe Bronz timpuriu
382,IS-I-m-B-03589.02,Aşezare,sat ERBICENI; comuna ERBICENI,"""Dealul Sărăturilor"", la 1,3 km N de sat, platoul de pe malul stâng al pârâului Doroşca","pe Eneolitic final, cultura Horodiştea – Erbiceni"
383,IS-I-s-B-03590,"Situl arheologic de la Erbiceni, punct ""La Curtea Veche""",sat ERBICENI; comuna ERBICENI,"""La Curtea Veche"", în partea de NV a vetrei satului, pe promontoriul bisericii, ale vechiului han şi a Curţii Vechi",
384,IS-I-m-B-03590.01,Aşezare,sat ERBICENI; comuna ERBICENI,"""La Curtea Veche"", în partea de NV a vetrei satului, pe promontoriul bisericii, ale vechiului han şi a Curţii Vechi","sec. XVII - XVIII, Epoca medievală"
385,IS-I-m-B-03590.02,Aşezare,sat ERBICENI; comuna ERBICENI,"""La Curtea Veche"", în partea de NV a vetrei satului, pe promontoriul bisericii, ale vechiului han şi a Curţii Vechi","sec. XV, Epoca medievală"
386,IS-I-m-B-03590.03,Aşezare,sat ERBICENI; comuna ERBICENI,"""La Curtea Veche"", în partea de NV a vetrei satului, pe promontoriul bisericii, ale vechiului han şi a Curţii Vechi","sec. VIl – VIII, Epoca medieval timpurie"
387,IS-I-m-B-03590.04,Aşezare,sat ERBICENI; comuna ERBICENI,"""La Curtea Veche"", în partea de NV a vetrei satului, pe promontoriul bisericii, ale vechiului han şi a Curţii Vechi","sec. IV p.Chr, Epoca daco-romană"
388,IS-I-m-B-03590.05,Aşezare,sat ERBICENI; comuna ERBICENI,"""La Curtea Veche"", în partea de NV a vetrei satului, pe promontoriul bisericii, ale vechiului han şi a Curţii Vechi",Hallstatt
389,IS-I-m-B-03590.06,Aşezare,sat ERBICENI; comuna ERBICENI,"""La Curtea Veche"", în partea de NV a vetrei satului, pe promontoriul bisericii, ale","Eneolitic, cultura Cucuteni"
390,IS-I-m-B-03590.07,Aşezare,sat ERBICENI; comuna ERBICENI,"""La Curtea Veche"", în partea de NV a vetrei satului, pe promontoriul bisericii, ale vechiului han şi a Curţii Vechi","Neolitic, cultura Starčevo – Criş"
391,IS-I-s-B-03591,"Situl arheologic de la Fedeleşeni, punct ""La Cruce în Fundoaia""",sat FEDELEŞENI; comuna STRUNGA,"""La Cruce în Fundoaia"", la cca. 500 m NE sat",de
392,IS-I-m-B-03591.01,Aşezare,sat FEDELEŞENI; comuna STRUNGA,"""La Cruce în Fundoaia"", la cca. 500 m NE sat",de sec. I - II p.Chr.
393,IS-I-m-B-03591.02,Aşezare,sat FEDELEŞENI; comuna STRUNGA,"""La Cruce în Fundoaia"", la cca. 500 m NE sat","de Eneolitic, cultura Cucuteni, faza B"
394,IS-I-s-B-03592,Aşezare,sat FILIAŞI; comuna BĂLŢAŢI,"""Dealul Mare"" (""Dealul Boghiului""), la marginea de SE a satului","Eneolitic, cultura Cucuteni, faza A"
395,IS-I-s-B-03593,Situl arheologic de la Găneşti,sat GĂNEŞTI; comuna ION NECULCE,"""Silişte"", la 1 km S de sat şi 200 m V de drumul Găneşti - Hândreşti",
396,IS-I-m-B-03593.01,Aşezare,sat GĂNEŞTI; comuna ION NECULCE,"""Silişte"", la 1 km S de sat şi 200 m V de drumul Găneşti - Hândreşti","sec. XIV - XV, Epoca medievală"
397,IS-I-m-B-03593.02,Aşezare,sat GĂNEŞTI; comuna ION NECULCE,"""Silişte"", la 1 km S de sat şi 200 m V de drumul Găneşti - Hândreşti","sec. III - IV p.Chr., Epoca daco-romană"
398,IS-I-m-B-03593.03,Aşezare,sat GĂNEŞTI; comuna ION NECULCE comuna ION,"""Silişte"", la 1 km S de sat şi 200 m V de drumul Găneşti - Hândreşti drumul Găneşti - Hândreşti","Hallstatt târziu Precucuteni, faza III"
400,IS-I-m-B-03593.05,Aşezare,sat GĂNEŞTI; comuna ION NECULCE,"""Silişte"", la 1 km S de sat şi 200 m V de drumul Găneşti - Hândreşti","Eneolitic, cultura Precucuteni, faza A"
401,IS-I-s-B-03594,"Situl arheologic de la Glodenii Gândului, punct ""Suhatul Glodenilor""",sat GLODENII GÂNDULUI; comuna ŢIBĂNEŞTI,"""Suhatul Glodenilor"", la 1 km E de sat",
402,IS-I-m-B-03594.01,Aşezare,sat GLODENII GÂNDULUI; comuna ŢIBĂNEŞTI,"""Suhatul Glodenilor"", la 1 km E de sat","sec. XI - XII, Epoca medieval timpurie"
403,IS-I-m-B-03594.02,Aşezare,sat GLODENII GÂNDULUI; comuna ŢIBĂNEŞTI,"""Suhatul Glodenilor"", la 1 km E de sat","sec. IV p.Chr, Epoca daco-romană"
404,IS-I-m-B-03594.03,Aşezare,sat GLODENII GÂNDULUI; comuna ŢIBĂNEŞTI,"""Suhatul Glodenilor"", la 1 km E de sat","sec. II - III p.Chr., Epoca romană"
405,IS-I-m-B-03594.04,Aşezare,sat GLODENII GÂNDULUI; comuna ŢIBĂNEŞTI,"""Suhatul Glodenilor"", la 1 km E de sat","sec. I a. Chr. - I p. Chr., Latène"
406,IS-I-s-B-03595,"Situl arheologic de la Gorban, punct ""Cantonul Silvic""",sat GORBAN; comuna GORBAN,"""Cantonul Silvic"", la marginea de SE a satului",
407,IS-I-m-B-03595.01,Aşezare,sat GORBAN; comuna GORBAN,"""Cantonul Silvic"", la marginea de SE a satului","sec. XVI - XVII, Epoca medievală"
408,IS-I-m-B-03595.02,Aşezare,sat GORBAN; comuna GORBAN comuna GORBAN,"""Cantonul Silvic"", la marginea de SE a satului satului","sec. IV p.Chr, Epoca daco-romană Latène timpuriu"
410,IS-I-m-B-03595.04,Aşezare,sat GORBAN; comuna GORBAN,"""Cantonul Silvic"", la marginea de SE a satului","Epoca bronzului târziu, cultura Noua"
411,IS-I-s-B-03596,Aşezare,sat GURA BĂDILIŢEI; comuna VÂNĂTORI,"""Siliştea"", în marginea de NE a satului, în pârâul Vlanici","până sec. XV, Epoca medievală"
412,IS-I-m-A-03597,"Situl arheologic de la Hăbăşeşti, punct ""La Silişte”",sat HĂBĂŞEŞTI; comuna STRUNGA,"""La Silişte"", la 200 m S de sat",
413,IS-I-m-A-03597.01,Aşezare,sat HĂBĂŞEŞTI; comuna STRUNGA,"""La Silişte"", la 200 m S de sat","sec. XV – XVI, XVII - XVIII, Epoca medievală"
414,IS-I-m-A-03597.02,Aşezare,sat HĂBĂŞEŞTI; comuna STRUNGA,"""La Silişte"", la 200 m S de sat","sec. IV p.Chr, Epoca daco-romană"
415,IS-I-m-A-03597.03,Aşezare,sat HĂBĂŞEŞTI; comuna STRUNGA,"""La Silişte"", la 200 m S de sat",Hallstatt
416,IS-I-m-A-03597.04,Aşezare,sat HĂBĂŞEŞTI; comuna STRUNGA,"""La Silişte"", la 200 m S de sat","Eneolitic, cultura Cucuteni"
417,IS-I-s-B-03598,"Situl arheologic de la Hărpăşeşti, punct ""Gropul Morii""",sat HĂRPĂŞEŞTI; comuna POPEŞTI,"""Gropul Morii"", la 1 km NE de sat, până teritoriul sat Chilişoaia, com. Dumeşti",în
418,IS-I-m-B-03598.01,Aşezare,sat HĂRPĂŞEŞTI; comuna POPEŞTI,"""Gropul Morii"", la 1 km NE de sat, până teritoriul sat Chilişoaia, com. Dumeşti","în sec. XVII - XVIII, Epoca medievală"
419,IS-I-m-B-03598.02,Aşezare,sat HĂRPĂŞEŞTI; comuna POPEŞTI,"""Gropul Morii"", la 1 km NE de sat, până teritoriul sat Chilişoaia, com. Dumeşti","în sec. XI – XII, Epoca medieval timpurie"
420,IS-I-m-B-03598.03,Aşezare,sat HĂRPĂŞEŞTI; comuna POPEŞTI comuna POPEŞTI,"""Gropul Morii"", la 1 km NE de sat, până teritoriul sat Chilişoaia, com. Dumeşti teritoriul sat Chilişoaia, com. Dumeşti","în sec. IX - X, Epoca medieval timpurie daco-romană"
422,IS-I-m-B-03598.05,Aşezare,sat HĂRPĂŞEŞTI; comuna POPEŞTI,"""Gropul Morii"", la 1 km NE de sat, până teritoriul sat Chilişoaia, com. Dumeşti","în Epoca bronzului târziu, cultura Noua"
423,IS-I-s-B-03599,"Situl arheologic de la Hârtoape, punct ""Poeniţa - Moară""",sat HÂRTOAPE; comuna VÂNĂTORI,"""Poeniţa - Moară"", în zona fostului sat Poeniţa, la marginea de NV a satului Hârtoape",
424,IS-I-m-B-03599.01,Aşezare,sat HÂRTOAPE; comuna VÂNĂTORI,"""Poeniţa - Moară"", în zona fostului sat Poeniţa, la marginea de NV a satului Hârtoape","sec. XV, Epoca medievală"
425,IS-I-m-B-03599.02,Aşezare,sat HÂRTOAPE; comuna VÂNĂTORI,"""Poeniţa - Moară"", în zona fostului sat Poeniţa, la marginea de NV a satului Hârtoape","sec. IV - V, Epoca migraţiilor"
426,IS-I-m-B-03599.03,Aşezare,sat HÂRTOAPE; comuna VÂNĂTORI,"""Poeniţa - Moară"", în zona fostului sat Poeniţa, la marginea de NV a satului Hârtoape","sec. IV p.Chr, Epoca daco-romană"
427,IS-I-m-B-03599.04,Aşezare,sat HÂRTOAPE; comuna VÂNĂTORI,"""Poeniţa - Moară"", în zona fostului sat Poeniţa, la marginea de NV a satului Hârtoape","sec. II - III p.Chr., Epoca romană"
428,IS-I-m-B-03599.05,Aşezare,sat HÂRTOAPE; comuna VÂNĂTORI,"""Poeniţa - Moară"", în zona fostului sat Poeniţa, la marginea de NV a satului Hârtoape","sec. II - I a. Chr., Latène"
429,IS-I-m-B-03599.06,Aşezare,sat HÂRTOAPE; comuna VÂNĂTORI,"""Poeniţa - Moară"", în zona fostului sat Poeniţa, la marginea de NV a satului Hârtoape",Hallstatt
430,IS-I-m-B-03599.07,Aşezare,sat HÂRTOAPE; comuna VÂNĂTORI comuna VÂNĂTORI,"""Poeniţa - Moară"", în zona fostului sat Poeniţa, la marginea de NV a satului Hârtoape Poeniţa, la marginea de NV a satului","Epoca bronzului târziu, cultura Noua Horodiştea – Erbiceni"
432,IS-I-m-B-03599.09,Aşezare,sat HÂRTOAPE; comuna VÂNĂTORI,"""Poeniţa - Moară"", în zona fostului sat Poeniţa, la marginea de NV a satului Hârtoape","Eneolitic, cultura Precucuteni"
433,IS-I-s-B-03600,"Situl arheologic de la Heleşteni, punct ""Bâra""",sat HELEŞTENI; comuna HELEŞTENI,"""Bâra"", la 1,5 km VNV de sat, pe malul al pârâului Boscoteni",drept
434,IS-I-m-B-03600.01,Aşezare,sat HELEŞTENI; comuna HELEŞTENI,"""Bâra"", la 1,5 km VNV de sat, pe malul al pârâului Boscoteni","drept sec. XVI - XVII, Epoca medievală"
435,IS-I-m-B-03600.02,Aşezare,sat HELEŞTENI; comuna HELEŞTENI,"""Bâra"", la 1,5 km VNV de sat, pe malul al pârâului Boscoteni","drept sec. XV, Epoca medievală"
436,IS-I-m-B-03600.03,Aşezare,sat HELEŞTENI; comuna HELEŞTENI,"""Bâra"", la 1,5 km VNV de sat, pe malul al pârâului Boscoteni","drept sec. IV p.Chr, Epoca daco-romană"
437,IS-I-s-B-03601,Aşezare,sat HELEŞTENI; comuna HELEŞTENI,"""Dealul Coasta"", la 2 km NV de sat, pe malul stâng al pârâului Batogelea","Eneolitic, cultura Cucuteni, faza A"
438,IS-I-s-B-03602,"Situl arheologic de la Heleşteni, punct ""Staţia de pompare""",sat HELEŞTENI; comuna HELEŞTENI,"""Staţia de pompare"", la cca. 4 km NV de la limita de vecinătate cu com.Ruginoasa","sat,"
439,IS-I-m-B-03602.01,Aşezare,sat HELEŞTENI; comuna HELEŞTENI,"""Staţia de pompare"", la cca. 4 km NV de la limita de vecinătate cu com.Ruginoasa","sat, sec. XVII - XVIII, Epoca medievală"
440,IS-I-m-B-03602.02,Aşezare,sat HELEŞTENI; comuna HELEŞTENI,"""Staţia de pompare"", la cca. 4 km NV de la limita de vecinătate cu com.Ruginoasa","sat, sec. XV – XVI, Epoca medievală"
441,IS-I-m-B-03602.03,Aşezare,sat HELEŞTENI; comuna HELEŞTENI,"""Staţia de pompare"", la cca. 4 km NV de la limita de vecinătate cu com.Ruginoasa","sat, sec. IX - X, Epoca medieval timpurie"
442,IS-I-m-B-03602.04,Aşezare,sat HELEŞTENI; comuna HELEŞTENI comuna HELEŞTENI,"""Staţia de pompare"", la cca. 4 km NV de la limita de vecinătate cu com.Ruginoasa la limita de vecinătate cu com.Ruginoasa","sat, sec. IV p.Chr, Epoca daco-romană romană"
444,IS-I-m-B-03602.06,Aşezare,sat HELEŞTENI; comuna HELEŞTENI,"""Staţia de pompare"", la cca. 4 km NV de la limita de vecinătate cu com.Ruginoasa","sat, Hallstatt"
445,IS-I-m-B-03602.07,Aşezare,sat HELEŞTENI; comuna HELEŞTENI,"""Staţia de pompare"", la cca. 4 km NV de la limita de vecinătate cu com.Ruginoasa","sat, Epoca bronzului târziu, cultura Noua"
446,IS-I-s-B-03603,"Situl arheologic de la Hiliţa, punct ""Dealul Hiliţei""",sat HILIŢA; comuna COSTULENI,"""Dealul Hiliţei"", la cca. 1 km VNV de sat",
447,IS-I-m-B-03603.01,Aşezare,sat HILIŢA; comuna COSTULENI,"""Dealul Hiliţei"", la cca. 1 km VNV de sat","sec. II - IV p.Chr., Epoca daco-romană"
448,IS-I-m-B-03603.02,Aşezare,sat HILIŢA; comuna COSTULENI,"""Dealul Hiliţei"", la cca. 1 km VNV de sat","sec. V – III a. Chr., Latène timpuriu"
449,IS-I-m-B-03603.03,Aşezare,sat HILIŢA; comuna COSTULENI,"""Dealul Hiliţei"", la cca. 1 km VNV de sat","Paleolitic superior, gravettian"
450,IS-I-s-B-03604,"Situl arheologic de la Hodora, punct ""Dealul Calafat""",sat HODORA; comuna COTNARI,"""Dealul Calafat"", la cca. 1 km ENE de sat",
451, IS-I-m-B-03604.01, Aşezare, sat HODORA; comuna COTNARI," ""Dealul Calafat"", la cca. 1 km ENE de sat"," sec. XVIII, Epoca medievală"
452,IS-I-m-B-03604.02,Aşezare,sat HODORA; comuna COTNARI,"""Dealul Calafat"", la cca. 1 km ENE de sat","sec. IV p.Chr, Epoca daco-romană"
453,IS-I-m-B-03604.03,Aşezare,sat HODORA; comuna COTNARI,"""Dealul Calafat"", la cca. 1 km ENE de sat","sec. II – III p.Chr., Epoca romană"
454,IS-I-m-B-03604.04,"Aşezare Holboca, punct ""Peste",sat HODORA; comuna COTNARI comuna HOLBOCA,"""Dealul Calafat"", la cca. 1 km ENE de sat sat","Eneolitic, cultura Cucuteni, faza B"
456,IS-I-m-B-03605.01,Aşezare,sat HOLBOCA; comuna HOLBOCA,"""Peste Baltă"" (""Pârliţi""), la cca. 600 m E sat","de sec. XVII – XVIII, Epoca medievală"
457,IS-I-m-B-03605.02,Aşezare,sat HOLBOCA; comuna HOLBOCA,"""Peste Baltă"" (""Pârliţi""), la cca. 600 m E sat","de sec. XIV – XV, Epoca medievală"
458,IS-I-m-B-03605.03,Aşezare,sat HOLBOCA; comuna HOLBOCA,"""Peste Baltă"" (""Pârliţi""), la cca. 600 m E sat","de sec. X – XI, Epoca medieval timpurie"
459,IS-I-m-B-03605.04,Aşezare,sat HOLBOCA; comuna HOLBOCA,"""Peste Baltă"" (""Pârliţi""), la cca. 600 m E sat","de sec. V, Epoca migraţiilor"
460,IS-I-m-B-03605.05,Aşezare,sat HOLBOCA; comuna HOLBOCA,"""Peste Baltă"" (""Pârliţi""), la cca. 600 m E sat","de sec. IV - V, Epoca migraţiilor"
461,IS-I-m-B-03605.06,Aşezare,sat HOLBOCA; comuna HOLBOCA,"""Peste Baltă"" (""Pârliţi""), la cca. 600 m E sat","de sec. III – II a. Chr., Latène"
462,IS-I-m-B-03605.07,Aşezare,sat HOLBOCA; comuna HOLBOCA,"""Peste Baltă"" (""Pârliţi""), la cca. 600 m E sat",de Hallstatt
463,IS-I-m-B-03605.08,Aşezare,sat HOLBOCA; comuna HOLBOCA,"""Peste Baltă"" (""Pârliţi""), la cca. 600 m E sat","de Epoca bronzului târziu, cultura Noua"
464,IS-I-m-B-03605.09,Aşezare,sat HOLBOCA; comuna HOLBOCA,"""Peste Baltă"" (""Pârliţi""), la cca. 600 m E sat","de Eneolitic final, cultura Horodiştea – Erbiceni"
465,IS-I-s-B-20186,Aşezare,sat HOLBOCA; comuna HOLBOCA,"""Izvorul Pândarului”",Paleolitic superior
466,IS-I-s-B-03606,Situl arheologic de la Holm,sat HOLM; comuna PODU ILOAEI,"La 300 m de sat, pe partea de S a ""Dealului Holm"", spre Bahlui",Epoca medievală
467,IS-I-m-B-03606.01,Aşezare,sat HOLM; comuna PODU ILOAEI PODU ILOAEI,"La 300 m de sat, pe partea de S a ""Dealului Holm"", spre Bahlui Holm"", spre Bahlui","sec. XIV - XVII, Epoca medievală daco-romană"
469,IS-I-m-B-03606.03,Aşezare,sat HOLM; comuna PODU ILOAEI,"La 300 m de sat, pe partea de S a ""Dealului Holm"", spre Bahlui",Epoca bronzului
470,IS-I-m-B-03606.04,Aşezare,sat HOLM; comuna PODU ILOAEI,"La 300 m de sat, pe partea de S a ""Dealului Holm"", spre Bahlui",Eneolitic
471,IS-I-m-B-03606.05,Aşezare,sat HOLM; comuna PODU ILOAEI,"La 300 m de sat, pe partea de S a ""Dealului Holm"", spre Bahlui",Neolitic timpuriu
472,IS-I-m-B-03607,Valul lui Traian,sat IEPURENI; comuna ANDRIEŞENI,"""Hotarul Boieresc"", la 100 m E de sat, cu direcţia V-E spre com. Popricani",Epoca migraţiilor
473,IS-I-s-B-03608,"Situl arheologic de la Ion Neculce, punct ""Siliştea Schitului""",sat ION NECULCE; comuna ION NECULCE,"""Siliştea Schitului"", la 700 m NV de sat, panta de NE a Dealului Buznei",pe
474,IS-I-m-B-03608.01,Aşezare,sat ION NECULCE; comuna ION NECULCE,"""Siliştea Schitului"", la 700 m NV de sat, panta de NE a Dealului Buznei","pe sec. XVI – XVII, Epoca medievală"
475,IS-I-m-B-03608.02,Aşezare,sat ION NECULCE; comuna ION NECULCE,"""Siliştea Schitului"", la 700 m NV de sat, panta de NE a Dealului Buznei","pe sec. V, Epoca romano- bizantină"
476,IS-I-m-B-03608.03,Aşezare,sat ION NECULCE; comuna ION NECULCE,"""Siliştea Schitului"", la 700 m NV de sat, panta de NE a Dealului Buznei","pe sec. IV p.Chr, Epoca daco-romană"
477,IS-I-m-B-03608.04,Aşezare,sat ION NECULCE; comuna ION NECULCE,"""Siliştea Schitului"", la 700 m NV de sat, panta de NE a Dealului Buznei","pe sec. II - III p.Chr., Epoca romană"
478,IS-I-m-B-03608.05,Aşezare,sat ION NECULCE; comuna ION,"""Siliştea Schitului"", la 700 m NV de sat, panta de NE a Dealului Buznei","pe Epoca bronzului târziu, cultura Noua"
479,IS-I-m-B-03608.06,Aşezare,sat ION NECULCE; comuna ION NECULCE,"""Siliştea Schitului"", la 700 m NV de sat, panta de NE a Dealului Buznei",pe Hallstatt
480,IS-I-s-B-03609,"Situl arheologic de la Jigoreni, punct ""Cuibul Hultanului""",sat JIGORENI; comuna ŢIBĂNEŞTI,"""Cuibul Hultanului"", la cca. 1,5 km NNV şcoala generală din Jigoreni",de
481,IS-I-m-B-03609.01,Aşezare,sat JIGORENI; comuna ŢIBĂNEŞTI,"""Cuibul Hultanului"", la cca. 1,5 km NNV şcoala generală din Jigoreni","de sec. XVII - XVIII, Epoca medievală"
482,IS-I-m-B-03609.02,Aşezare,sat JIGORENI; comuna ŢIBĂNEŞTI,"""Cuibul Hultanului"", la cca. 1,5 km NNV şcoala generală din Jigoreni",de Hallstatt
483,IS-I-m-B-03609.03,Aşezare,sat JIGORENI; comuna ŢIBĂNEŞTI,"""Cuibul Hultanului"", la cca. 1,5 km NNV şcoala generală din Jigoreni","de Epoca bronzului târziu, cultura Noua"
484,IS-I-m-B-03609.04,Aşezare,sat JIGORENI; comuna ŢIBĂNEŞTI,"""Cuibul Hultanului"", la cca. 1,5 km NNV şcoala generală din Jigoreni","de Eneolitic final, cultura Horodiştea – Erbiceni"
485,IS-I-s-B-03610,"Situl arheologic de la Jigoreni, punct ""Grindu - Piersicărie""",sat JIGORENI; comuna ŢIBĂNEŞTI,"""Grindu - Piersicărie"", la 1 km N de Şcoala Generală",
486,IS-I-m-B-03610.01,Aşezare,sat JIGORENI; comuna ŢIBĂNEŞTI,"""Grindu - Piersicărie"", la 1 km N de Şcoala Generală","sec. XVII - XVIII, Epoca medievală"
487,IS-I-m-B-03610.02,Aşezare,sat JIGORENI; comuna ŢIBĂNEŞTI,"""Grindu - Piersicărie"", la 1 km N de Şcoala Generală","sec. XI – XII, Epoca medieval timpurie"
488,IS-I-m-B-03610.03,Aşezare,sat JIGORENI; comuna ŢIBĂNEŞTI,"""Grindu - Piersicărie"", la 1 km N de Şcoala Generală","sec. IV p.Chr, Epoca daco-romană"
489,IS-I-m-B-03610.04,Aşezare,sat JIGORENI; comuna ŢIBĂNEŞTI comuna ŢIBĂNEŞTI,"""Grindu - Piersicărie"", la 1 km N de Şcoala Generală Generală","sec. IV - III a. Chr., Latène"
491,IS-I-m-B-03610.06,Aşezare,sat JIGORENI; comuna ŢIBĂNEŞTI,"""Grindu - Piersicărie"", la 1 km N de Şcoala Generală","Epoca bronzului târziu, cultura Noua"
492,IS-I-s-B-03611,"Situl arheologic de la Larga- Jijia, punct ""Grădină""",sat LARGA-JIJIA; comuna MOVILENI,"""La Grădină"", la 500 m E de sat, pe un grind",
493,IS-I-m-B-03611.01,Aşezare,sat LARGA-JIJIA; comuna MOVILENI,"""La Grădină"", la 500 m E de sat, pe un grind",Hallstatt
494,IS-I-m-B-03611.02,Aşezare,sat LARGA-JIJIA; comuna MOVILENI,"""La Grădină"", la 500 m E de sat, pe un grind","Eneolitic, cultura Precucuteni, faza II"
495,IS-I-m-B-03611.03,Aşezare,sat LARGA-JIJIA; comuna MOVILENI,"""La Grădină"", la 500 m E de sat, pe un grind","Neolitic târziu, cultura ceramicii liniare"
496,IS-I-s-B-03612,Situl arheologic de la Leţcani,sat LEŢCANI; comuna LEŢCANI,"În vatra satului, la 100 m de biserică","Eneolitic, cultura Cucuteni, faza A"
497,IS-I-m-B-03612.01,Aşezare,sat LEŢCANI; comuna LEŢCANI,"În vatra satului, la 100 m de biserică","sec. XVIII, Epoca medievală"
498,IS-I-m-B-03612.02,Aşezare,sat LEŢCANI; comuna LEŢCANI,"În vatra satului, la 100 m de biserică","sec. III - IV p.Chr., Epoca daco-romană"
499,IS-I-m-B-03612.03,Aşezare,sat LEŢCANI; comuna LEŢCANI,"În vatra satului, la 100 m de biserică",Hallstatt
500,IS-I-m-B-03612.04,Aşezare,sat LEŢCANI; comuna LEŢCANI,"În vatra satului, la 100 m de biserică","Epoca bronzului târziu, cultura Noua"
501,IS-I-m-B-03612.05,Aşezare,sat LEŢCANI; comuna LEŢCANI,"În vatra satului, la 100 m de biserică","Eneolitic, cultura Cucuteni, faza B"
502,IS-I-m-B-03612.06,Aşezare,sat LEŢCANI; comuna LEŢCANI comuna LEŢCANI,"În vatra satului, la 100 m de biserică","Eneolitic, cultura Cucuteni, faza AB Cucuteni, faza A"
504,IS-I-m-B-03612.08,Aşezare,sat LEŢCANI; comuna LEŢCANI,"În vatra satului, la 100 m de biserică","Neolitic târziu, cultura ceramicii liniare"
505,IS-I-m-B-03612.09,Aşezare,sat LEŢCANI; comuna LEŢCANI,"În vatra satului, la 100 m de biserică","Neolitic, cultura Criş"
506,IS-I-s-B-03613,"Situl arheologic de la Liteni, punct ""Pe Curte""",sat LITENI; comuna BELCEŞTI,"""Pe Curte"", la 100 m SE de sat (fost sat - Liteni)",Ulmi
507,IS-I-m-B-03613.01,Aşezare,sat LITENI; comuna BELCEŞTI,"""Pe Curte"", la 100 m SE de sat (fost sat - Liteni)","Ulmi sec. XV - XVI, Epoca medievală"
508,IS-I-m-B-03613.02,Depozit de bronzuri,sat LITENI; comuna BELCEŞTI,"""Pe Curte"", la 100 m SE de sat",Epoca bronzului târziu
509,IS-I-s-B-03614,"Situl arheologic de la Lunca Cetăţuii, punct ""Zâne""",sat LUNCA CETĂŢUII; comuna CIUREA,"""Zâne"", la E de satul Lunca Cetăţuiei, în cimitirului fostului sat Zanea",jurul
510,IS-I-m-B-03614.01,Aşezare,sat LUNCA CETĂŢUII; comuna CIUREA,"""Zâne"", la E de satul Lunca Cetăţuiei, în cimitirului fostului sat Zanea","jurul sec. XVII - XVIII, Epoca medievală"
511,IS-I-m-B-03614.02,Aşezare,sat LUNCA CETĂŢUII; comuna CIUREA,"""Zâne"", la E de satul Lunca Cetăţuiei, în cimitirului fostului sat Zanea","jurul sec. VIII – IX, Epoca medieval timpurie"
512,IS-I-m-B-03614.03,Aşezare,sat LUNCA CETĂŢUII; comuna CIUREA,"""Zâne"", la E de satul Lunca Cetăţuiei, în cimitirului fostului sat Zanea","jurul sec. IV p.Chr, Epoca daco-romană"
513,IS-I-m-B-03614.04,Aşezare,sat LUNCA CETĂŢUII; comuna CIUREA,"""Zâne"", la E de satul Lunca Cetăţuiei, în cimitirului fostului sat Zanea","jurul Latène, cultura geto- dacică"
514,IS-I-m-B-03614.05,Aşezare,sat LUNCA CETĂŢUII; comuna CIUREA,"""Zâne"", la E de satul Lunca Cetăţuiei, în cimitirului fostului sat Zanea",jurul Hallstatt timpuriu
515,IS-I-m-B-03614.06,Aşezare,sat LUNCA CETĂŢUII; comuna CIUREA comuna CIUREA,"""Zâne"", la E de satul Lunca Cetăţuiei, în cimitirului fostului sat Zanea cimitirului fostului sat Zanea","jurul Eneolitic, cultura Cucuteni, faza B Cucuteni, faza A"
517,IS-I-m-B-03614.08,Aşezare,sat LUNCA CETĂŢUII; comuna CIUREA,"""Zâne"", la E de satul Lunca Cetăţuiei, în cimitirului fostului sat Zanea","jurul Neolitic târziu, cultura ceramicii liniare"
518,IS-I-s-B-03615,"Situl arheologic de la Mirceşti, punct ""Bulboacă""",sat MIRCEŞTI; comuna MIRCEŞTI,"""La Bulboacă"", la cca. 2 km NE de sat, pe stânga drumului Mirceşti – Târgu Frumos",
519,IS-I-m-B-03615.01,Aşezare,sat MIRCEŞTI; comuna MIRCEŞTI,"""La Bulboacă"", la cca. 2 km NE de sat, pe stânga drumului Mirceşti – Târgu Frumos","sec. XVI - XVII, Epoca medievală"
520,IS-I-m-B-03615.02,Aşezare,sat MIRCEŞTI; comuna MIRCEŞTI,"""La Bulboacă"", la cca. 2 km NE de sat, pe stânga drumului Mirceşti – Târgu Frumos","sec. IV p.Chr, Epoca daco-romană"
521,IS-I-m-B-03615.03,Aşezare,sat MIRCEŞTI; comuna MIRCEŞTI,"""La Bulboacă"", la cca. 2 km NE de sat, pe stânga drumului Mirceşti – Târgu Frumos","Latène târziu, cultura Poieneşti -Lukaşevka"
522,IS-I-s-B-03616,"Situl arheologic de la Miroslava, punct ""Bulgărie""",sat MIROSLAVA; comuna MIROSLAVA,"""La Bulgărie"", la marginea de NE a satului",
523,IS-I-m-B-03616.01,Aşezare,sat MIROSLAVA; comuna MIROSLAVA,"""La Bulgărie"", la marginea de NE a satului","sec. XII - XVIII, Epoca medievală"
524,IS-I-m-B-03616.02,Aşezare,sat MIROSLAVA; comuna MIROSLAVA,"""La Bulgărie"", la marginea de NE a satului","sec. XI – XII, Epoca medieval timpurie"
525,IS-I-m-B-03616.03,Aşezare,sat MIROSLAVA; comuna MIROSLAVA,"""La Bulgărie"", la marginea de NE a satului","sec. IX – XI, Epoca medieval timpurie"
526,IS-I-m-B-03616.04,Aşezare,sat MIROSLAVA; comuna MIROSLAVA,"""La Bulgărie"", la marginea de NE a satului","sec. V – VIII, Epoca migraţiilor"
527,IS-I-m-B-03616.05,Aşezare,sat MIROSLAVA; comuna MIROSLAVA,"""La Bulgărie"", la marginea de NE a satului","sec. III - IV p.Chr., Epoca daco-romană"
528,IS-I-m-B-03616.06,"Aşezare Mogoşeşti, punct ""Dealul",sat MIROSLAVA; comuna MIROSLAVA comuna MOGOŞEŞTI,"""La Bulgărie"", la marginea de NE a satului de N a satului","Eneolitic final, cultura Horodiştea – Erbiceni"
530,IS-I-m-B-03617.01,Aşezare,sat MOGOŞEŞTI; comuna MOGOŞEŞTI,"""Dealul Băţului"", cartier Galata, la marginea de N a satului","sec. XVII - XVIII, Epoca medievală"
531,IS-I-m-B-03617.02,Aşezare,sat MOGOŞEŞTI; comuna MOGOŞEŞTI,"""Dealul Băţului"", cartier Galata, la marginea de N a satului","sec. XIII, Epoca medieval timpurie"
532,IS-I-m-B-03617.03,Aşezare,sat MOGOŞEŞTI; comuna MOGOŞEŞTI,"""Dealul Băţului"", cartier Galata, la marginea de N a satului","sec. X – XI, Epoca medieval timpurie"
533,IS-I-m-B-03617.04,Aşezare,sat MOGOŞEŞTI; comuna MOGOŞEŞTI,"""Dealul Băţului"", cartier Galata, la marginea de N a satului","sec. V - VII p. Chr., Epoca migraţiilor"
534,IS-I-m-B-03617.05,Aşezare,sat MOGOŞEŞTI; comuna MOGOŞEŞTI,"""Dealul Băţului"", cartier Galata, la marginea de N a satului","sec. IV p.Chr, Epoca daco-romană"
535,IS-I-m-B-03617.06,Aşezare,sat MOGOŞEŞTI; comuna MOGOŞEŞTI,"""Dealul Băţului"", cartier Galata, la marginea de N a satului",Hallstatt mijlociu şi final
536,IS-I-m-B-03617.07,Aşezare,sat MOGOŞEŞTI; comuna MOGOŞEŞTI,"""Dealul Băţului"", cartier Galata, la marginea de N a satului","Latène, cultura geto- dacică"
537,IS-I-m-B-03617.08,Aşezare,sat MOGOŞEŞTI; comuna MOGOŞEŞTI,"""Dealul Băţului"", cartier Galata, la marginea de N a satului","Eneolitic final, cultura Horodiştea – Erbiceni"
538,IS-I-s-B-03618,Situl arheologic de la Moimeşti - Popricani,sat MOIMEŞTI; comuna POPRICANI,"la intrarea în sat, pe ambele părţi ale şoselei laşi - Popricani",
539,IS-I-m-B-03618.01,Aşezare,sat MOIMEŞTI; comuna POPRICANI,"la intrarea în sat, pe ambele părţi ale şoselei laşi - Popricani","sec. XIV - XV, Epoca medievală"
540,IS-I-m-B-03618.02,Aşezare,sat MOIMEŞTI; comuna POPRICANI,"la intrarea în sat, pe ambele părţi ale şoselei laşi - Popricani","sec. IV - V, Epoca migraţiilor"
541,IS-I-m-B-03618.03,Aşezare,sat MOIMEŞTI; comuna POPRICANI comuna POPRICANI,"la intrarea în sat, pe ambele părţi ale şoselei laşi - Popricani laşi - Popricani","sec. II – III p.Chr., Epoca romană Horodiştea – Erbiceni"
543,IS-I-s-B-03619,"Fortificaţia de la Moşna, punct ""Cetăţuia”",sat MOŞNA; comuna MOŞNA,"""Cetăţuia"", la 1 km N de sat","sec. III - II a. Chr., Latène"
544,IS-I-s-B-03620,Vechea vatră a satului Moţca,sat MOŢCA; comuna MOŢCA,"""Silişte"", la cca. 200 m SV de sat","prima jum. a sec. XIV - sec. XVII, Epoca medievală"
545,IS-I-s-B-03621,Movile,sat MOVILENI; comuna HELEŞTENI,"la cca. 700 m NNV de biserică, pe culmea dealului",Hallstatt târziu
546,IS-I-s-B-03622,"Situl arheologic de la Muncelu de Sus, punct ""Groapă - La Gropi""",sat MUNCELU DE SUS; comuna MOGOŞEŞTI-SIRET,"""La Groapă - La Gropi"", la cca. 500 m V-SV de sat, pe ambele maluri ale pârâului Gropi",
547,IS-I-m-B-03622.01,Vatra fostului sat Balomireşti,sat MUNCELU DE SUS; comuna MOGOŞEŞTI-SIRET,"""La Groapă - La Gropi"", la cca. 500 m V-SV de sat, pe ambele maluri ale pârâului Gropi","sec. XV, Epoca medievală"
548,IS-I-m-B-03622.02,Aşezare,sat MUNCELU DE SUS; comuna MOGOŞEŞTI-SIRET,"""La Groapă - La Gropi"", la cca. 500 m V-SV de sat, pe ambele maluri ale pârâului Gropi","sec. IV p.Chr, Epoca daco-romană"
549,IS-I-m-B-03622.03,Aşezare,sat MUNCELU DE SUS; comuna MOGOŞEŞTI-SIRET,"""La Groapă - La Gropi"", la cca. 500 m V-SV de sat, pe ambele maluri ale pârâului Gropi","Latène, cultura geto- dacică"
550,IS-I-m-B-03622.04,Aşezare,sat MUNCELU DE SUS; comuna MOGOŞEŞTI-SIRET,"""La Groapă - La Gropi"", la cca. 500 m V-SV de sat, pe ambele maluri ale pârâului Gropi","Epoca bronzului târziu, cultura Noua"
551,IS-I-s-B-03623,"Situl arheologic de la Munteni, punct ""Seliştea""",sat MUNTENI; comuna BELCEŞTI comuna BELCEŞTI,"""Seliştea"" (""La Ştiubeiul cu apă pucioasă""), la cca. 1 km NV de sat la cca. 1 km NV de sat", medievală
553,IS-I-m-B-03623.02,Aşezare,sat MUNTENI; comuna BELCEŞTI,"""Seliştea"" (""La Ştiubeiul cu apă pucioasă""), la cca. 1 km NV de sat","sec. VIII – X, Epoca medieval timpurie"
554,IS-I-m-B-03623.03,Aşezare,sat MUNTENI; comuna BELCEŞTI,"""Seliştea"" (""La Ştiubeiul cu apă pucioasă""), la cca. 1 km NV de sat","sec. IV p.Chr, Epoca daco-romană"
555,IS-I-m-B-03623.04,Aşezare,sat MUNTENI; comuna BELCEŞTI,"""Seliştea"" (""La Ştiubeiul cu apă pucioasă""), la cca. 1 km NV de sat","Latène, cultura geto- dacică"
556,IS-I-m-B-03623.05,Aşezare,sat MUNTENI; comuna BELCEŞTI,"""Seliştea"" (""La Ştiubeiul cu apă pucioasă""), la cca. 1 km NV de sat",Hallstatt timpuriu
557,IS-I-m-B-03623.06,Aşezare,sat MUNTENI; comuna BELCEŞTI,"""Seliştea"" (""La Ştiubeiul cu apă pucioasă""), la cca. 1 km NV de sat",Neolitic
558,IS-I-s-B-03624,"Situl arheologic de la Osoi, punct ""Terasa Prutului""",sat OSOI; comuna COMARNA,"""Terasa Prutului"", la cca. 1 km SE de sat",
559,IS-I-m-B-03624.01,Aşezare,sat OSOI; comuna COMARNA,"""Terasa Prutului"", la cca. 1 km SE de sat","sec. VIII - IX, Epoca medieval timpurie"
560,IS-I-m-B-03624.02,Aşezare,sat OSOI; comuna COMARNA,"""Terasa Prutului"", la cca. 1 km SE de sat","sec. IV p.Chr, Epoca daco-romană"
561,IS-I-m-B-03624.03,Aşezare,sat OSOI; comuna COMARNA,"""Terasa Prutului"", la cca. 1 km SE de sat",Hallstatt târziu
562,IS-I-s-B-03625,"Situl arheologic de la Osoi, punct ""Şesul lui Osoi""",sat OSOI; comuna SINEŞTI,"""Şesul de la Osoi"", la cca. 400 m NV de şcoală",
563,IS-I-m-B-03625.01,Aşezare,sat OSOI; comuna SINEŞTI,"""Şesul de la Osoi"", la cca. 400 m NV de şcoală","sec. XV - XVIII, Epoca medievală"
564,IS-I-m-B-03625.02,"Aşezare Oţeleni, punct",sat OSOI; comuna SINEŞTI comuna OŢELENI,"""Şesul de la Osoi"", la cca. 400 m NV de şcoală dreapta pârâului Maxineşti","Latène, cultura geto- dacică"
566,IS-I-m-B-03626.01,Aşezare,sat OŢELENI; comuna OŢELENI,"""Beizadeaua II"", la cca. 2,5 km S de sat, dreapta pârâului Maxineşti","pe sec. XVII, Epoca medievală"
567,IS-I-m-B-03626.02,Aşezare,sat OŢELENI; comuna OŢELENI,"""Beizadeaua II"", la cca. 2,5 km S de sat, dreapta pârâului Maxineşti","pe sec. XIV – XV, Epoca medievală"
568,IS-I-m-B-03626.03,Aşezare,sat OŢELENI; comuna OŢELENI,"""Beizadeaua II"", la cca. 2,5 km S de sat, dreapta pârâului Maxineşti","pe sec. VII – VIII, Epoca migraţiilor"
569,IS-I-m-B-03626.04,Aşezare,sat OŢELENI; comuna OŢELENI,"""Beizadeaua II"", la cca. 2,5 km S de sat, dreapta pârâului Maxineşti","pe sec. IV p.Chr, Epoca daco-romană"
570,IS-I-m-B-03626.05,Aşezare,sat OŢELENI; comuna OŢELENI,"""Beizadeaua II"", la cca. 2,5 km S de sat, dreapta pârâului Maxineşti","pe Epoca bronzului târziu, cultura Noua"
571,IS-I-s-B-03627,"Situl arheologic de la Oţeleni, punct ""Movila lui Ştefan cel Mare""",sat OŢELENI; comuna OŢELENI,"""Movila lui Ştefan cel Mare"", la 2,5 km sat",SE de
572,IS-I-m-B-03627.01,Cetate,sat OŢELENI; comuna OŢELENI,"""Movila lui Ştefan cel Mare"", la 2,5 km sat",SE de Latène
573, IS-I-m-B-03627.02, Aşezare, sat OŢELENI; comuna OŢELENI," ""Movila lui Ştefan cel Mare"", la 2,5 km sat", SE de Latène
574,IS-I-s-B-03628,"Situl arheologic de la Oţeleni, punct ""Poiana""",sat OŢELENI; comuna OŢELENI,"""Poiana"", în marginea nordică a satului, partea dreapta a pârâului, pe pantele de şi SV ale dealului",pe SE
575,IS-I-m-B-03628.01,Aşezare,sat OŢELENI; comuna OŢELENI comuna OŢELENI,"""Poiana"", în marginea nordică a satului, partea dreapta a pârâului, pe pantele de şi SV ale dealului partea dreapta a pârâului, pe pantele de","pe sec. IV p.Chr, Epoca SE migraţiilor SE romană"
577,IS-I-s-B-03629,"Situl arheologic de la Păuşeni, punct ""Biserica Veche 1 şi 11""",sat PĂUŞENI; comuna DUMEŞTI,"""Biserica Veche 1 şi 11"", la SE de Biserica veche de lemn din afara vetrei satului, ambele pante, despărţite de o vâlcică", pe
578,IS-I-m-B-03629.01,Vechea vatră a satului Păuşeşti,sat PĂUŞENI; comuna DUMEŞTI,"""Biserica Veche 1 şi 11"", la SE de Biserica veche de lemn din afara vetrei satului, ambele pante, despărţite de o vâlcică","sec. XIV – XVI, Epoca pe medievală"
579,IS-I-m-B-03629.02,Aşezare,sat PĂUŞENI; comuna DUMEŞTI,"""Biserica Veche 1 şi 11"", la SE de Biserica veche de lemn din afara vetrei satului, ambele pante, despărţite de o vâlcică","sec. V – VI, Epoca pe migraţiilor"
580,IS-I-m-B-03629.03,Aşezare,sat PĂUŞENI; comuna DUMEŞTI,"""Biserica Veche 1 şi 11"", la SE de Biserica veche de lemn din afara vetrei satului, ambele pante, despărţite de o vâlcică","sec. IV p.Chr, Epoca pe daco-romană"
581,IS-I-m-B-03629.04,Aşezare,sat PĂUŞENI; comuna DUMEŞTI,"""Biserica Veche 1 şi 11"", la SE de Biserica veche de lemn din afara vetrei satului, ambele pante, despărţite de o vâlcică","sec. II – III p.Chr., Epoca pe romană"
582,IS-I-m-B-03629.05,Aşezare,sat PĂUŞENI; comuna DUMEŞTI,"""Biserica Veche 1 şi 11"", la SE de Biserica veche de lemn din afara vetrei satului, ambele pante, despărţite de o vâlcică","sec. II - I a. Chr., Latène pe"
583,IS-I-m-B-03629.06,Aşezare,sat PĂUŞENI; comuna DUMEŞTI,"""Biserica Veche 1 şi 11"", la SE de Biserica veche de lemn din afara vetrei satului, ambele pante, despărţite de o vâlcică",Hallstatt timpuriu pe
584,IS-I-s-B-03630,"Situl arheologic de la Păuşeni, punct ""Cantonul Silvic""",sat PĂUŞENI; comuna DUMEŞTI comuna DUMEŞTI,"""Cantonul Silvic"", la cca. 800 m SE de sat, perimetrul pepinierei din faţa cantonului silvic perimetrul pepinierei din faţa cantonului",în medievală
586,IS-I-m-B-03630.02,Aşezare,sat PĂUŞENI; comuna DUMEŞTI,"""Cantonul Silvic"", la cca. 800 m SE de sat, perimetrul pepinierei din faţa cantonului silvic","în sec. XVI, Epoca medievală"
587,IS-I-m-B-03630.03,Aşezare,sat PĂUŞENI; comuna DUMEŞTI,"""Cantonul Silvic"", la cca. 800 m SE de sat, perimetrul pepinierei din faţa cantonului silvic","în sec. XI – XIII, Epoca medieval timpurie"
588,IS-I-m-B-03630.04,Aşezare,sat PĂUŞENI; comuna DUMEŞTI,"""Cantonul Silvic"", la cca. 800 m SE de sat, perimetrul pepinierei din faţa cantonului silvic","în sec. X – XI, Epoca medieval timpurie"
589,IS-I-m-B-03630.05,Aşezare,sat PĂUŞENI; comuna DUMEŞTI,"""Cantonul Silvic"", la cca. 800 m SE de sat, perimetrul pepinierei din faţa cantonului silvic","în sec. VI – IX, Epoca migraţiilor"
590,IS-I-m-B-03630.06,Aşezare,sat PĂUŞENI; comuna DUMEŞTI,"""Cantonul Silvic"", la cca. 800 m SE de sat, perimetrul pepinierei din faţa cantonului silvic","în sec. V, Epoca migraţiilor"
591,IS-I-m-B-03630.07,Aşezare,sat PĂUŞENI; comuna DUMEŞTI,"""Cantonul Silvic"", la cca. 800 m SE de sat, perimetrul pepinierei din faţa cantonului silvic","în sec. IV p.Chr, Epoca daco-romană"
592,IS-I-m-B-03630.08,Aşezare,sat PĂUŞENI; comuna DUMEŞTI,"""Cantonul Silvic"", la cca. 800 m SE de sat, perimetrul pepinierei din faţa cantonului silvic","în Epoca bronzului târziu, cultura Noua"
593,IS-I-s-B-03631,"Situl arheologic de la Pârcovaci, punct ""Între Islazuri""",sat PÂRCOVACI; comuna HÂRLĂU comuna HÂRLĂU,"""Între Islazuri"", la V de sat, pe versantul N al Dealului Mirişte N al Dealului Mirişte",de medievală
595,IS-I-m-B-03631.02,Aşezare,sat PÂRCOVACI; comuna HÂRLĂU,"""Între Islazuri"", la V de sat, pe versantul N al Dealului Mirişte","de sec. XI – XII, Epoca medieval timpurie"
596,IS-I-m-B-03631.03,Aşezare,sat PÂRCOVACI; comuna HÂRLĂU,"""Între Islazuri"", la V de sat, pe versantul N al Dealului Mirişte","de sec. VI – VIII, Epoca migraţiilor"
597,IS-I-m-B-03631.04,Aşezare,sat PÂRCOVACI; comuna HÂRLĂU,"""Între Islazuri"", la V de sat, pe versantul N al Dealului Mirişte",de Hallstatt
598,IS-I-s-B-03632,"Situl arheologic de la Plugari, punct ""Cotul Beicului""",sat PLUGARI; comuna PLUGARI,"""Cotul Beicului"", la 3 km V de sat, între şoseaua spre Hârlău şi râul Miletin",
599,IS-I-m-B-03632.01,Aşezare,sat PLUGARI; comuna PLUGARI,"""Cotul Beicului"", la 3 km V de sat, între şoseaua spre Hârlău şi râul Miletin","sec. XV - XVI, Epoca medievală"
600,IS-I-m-B-03632.02,Aşezare,sat PLUGARI; comuna PLUGARI,"""Cotul Beicului"", la 3 km V de sat, între şoseaua spre Hârlău şi râul Miletin","sec. XIV – XV, Epoca medievală"
601,IS-I-m-B-03632.03,Aşezare,sat PLUGARI; comuna PLUGARI,"""Cotul Beicului"", la 3 km V de sat, între şoseaua spre Hârlău şi râul Miletin","sec. V, Epoca migraţiilor"
602,IS-I-m-B-03632.04,Aşezare,sat PLUGARI; comuna PLUGARI,"""Cotul Beicului"", la 3 km V de sat, între şoseaua spre Hârlău şi râul Miletin","sec. IV - III a. Chr., Latène"
603,IS-I-m-B-03632.05,Aşezare,sat PLUGARI; comuna PLUGARI,"""Cotul Beicului"", la 3 km V de sat, între şoseaua spre Hârlău şi râul Miletin","Epoca bronzului târziu, cultura Noua"
604,IS-I-s-B-03633,"Situl arheologic de la Plugari - ""La Cimitir""",sat PLUGARI; comuna PLUGARI,"""La Cimitir"", în zona cimitirului actual al satului, din şesul Miletinului (?)",
605,IS-I-m-B-03633.01,Aşezare,sat PLUGARI; comuna PLUGARI,"""La Cimitir"", în zona cimitirului actual al satului, din şesul Miletinului (?)","sec. IV - III a. Chr., Latène"
606,IS-I-m-B-03633.02,Aşezare,sat PLUGARI; comuna PLUGARI comuna PLUGARI,"""La Cimitir"", în zona cimitirului actual al satului, din şesul Miletinului (?) V, până la limita judeţului laşi","Eneolitic, cultura Cucuteni, faza A"
608,IS-I-s-B-03635,"Situl arheologic de la Podolenii de Jos, punct ""La Iezătură""",sat PODOLENII DE JOS; comuna COZMEŞTI,"""La Iezătură"", la 500 m E de sat, pe partea dreaptă a pârâului Moşna",
609,IS-I-m-B-03635.01,Aşezare,sat PODOLENII DE JOS; comuna COZMEŞTI,"""La Iezătură"", la 500 m E de sat, pe partea dreaptă a pârâului Moşna","sec. XVI, Epoca medievală"
610,IS-I-m-B-03635.02,Aşezare,sat PODOLENII DE JOS; comuna COZMEŞTI,"""La Iezătură"", la 500 m E de sat, pe partea dreaptă a pârâului Moşna","sec. XI – XII, Epoca medieval timpurie"
611,IS-I-m-B-03635.03,Aşezare,sat PODOLENII DE JOS; comuna COZMEŞTI,"""La Iezătură"", la 500 m E de sat, pe partea dreaptă a pârâului Moşna","sec. VIII – X, Epoca medieval timpurie"
612, IS-I-m-B-03635.04, Aşezare, sat PODOLENII DE JOS; comuna COZMEŞTI," ""La Iezătură"", la 500 m E de sat, pe partea dreaptă a pârâului Moşna"," Latène, cultura geto- dacică"
613,IS-I-s-B-03636,"Situl arheologic de la Poiana cu Cetate, punct ""Cetate"" (""Dealul Cetăţii"")",sat POIANA CU CETATE; comuna GRAJDURI,"""La Cetate"" (""Dealul Cetăţii""), în marginea NV a satului, lângă izvoarele pârâului",
614,IS-I-m-B-03636.01,Aşezare,sat POIANA CU CETATE; comuna GRAJDURI,"""La Cetate"" (""Dealul Cetăţii""), în marginea NV a satului, lângă izvoarele pârâului",Latène
615,IS-I-m-B-03636.02,Aşezare,sat POIANA CU CETATE; comuna GRAJDURI,"""La Cetate"" (""Dealul Cetăţii""), în marginea NV a satului, lângă izvoarele pârâului","Eneolitic, cultura Cucuteni, faza A"
616,IS-I-s-B-03637,"Cetatea de la Poiana Mănăstirii - ""Între Şanţuri""",sat POIANA MĂNĂSTIRII;,"""Între Şanţuri"", la 3 km NNE de sat, pe platoul înalt","sec. IV - III a. Chr., Latène"
617,IS-I-s-B-03638,"Situl arheologic de la Popeşti, punct ""În Săraturi""",sat POPEŞTI; comuna POPEŞTI,"""În Săraturi"", la 1,5 km ENE de sat, între şosea şi pârâul Dudău",
618,IS-I-m-B-03638.01,Aşezare,sat POPEŞTI; comuna POPEŞTI,"""În Săraturi"", la 1,5 km ENE de sat, între şosea şi pârâul Dudău","sec. XV - XVI, Epoca medievală"
619,IS-I-m-B-03638.02,Aşezare,sat POPEŞTI; comuna POPEŞTI,"""În Săraturi"", la 1,5 km ENE de sat, între şosea şi pârâul Dudău","sec. VIII – X, Epoca medieval timpurie"
620,IS-I-m-B-03638.03,Aşezare,sat POPEŞTI; comuna POPEŞTI,"""În Săraturi"", la 1,5 km ENE de sat, între şosea şi pârâul Dudău","sec. VII – VIII, Epoca migraţiilor"
621,IS-I-m-B-03638.04,Aşezare,sat POPEŞTI; comuna POPEŞTI,"""În Săraturi"", la 1,5 km ENE de sat, între şosea şi pârâul Dudău","sec. II – III p.Chr., Epoca romană"
622,IS-I-m-B-03638.05,Aşezare,sat POPEŞTI; comuna POPEŞTI,"""În Săraturi"", la 1,5 km ENE de sat, între şosea şi pârâul Dudău","Epoca bronzului târziu, cultura Noua"
623,IS-I-m-B-03638.06,Aşezare,sat POPEŞTI; comuna POPEŞTI,"""În Săraturi"", la 1,5 km ENE de sat, între şosea şi pârâul Dudău","Neolitic, cultura Starčevo – Criş"
624,IS-I-s-B-03639,"Situl arheologic de la Popeşti, punct ""La Movilă""",sat POPEŞTI; comuna TRIFEŞTI,"""La Movilă"", la cca. 1 km S de sat",
625,IS-I-m-B-03639.01,Aşezare,sat POPEŞTI; comuna TRIFEŞTI,"""La Movilă"", la cca. 1 km S de sat","sec. VIII - X, Epoca medieval timpurie"
626,IS-I-m-B-03639.02,Aşezare,sat POPEŞTI; comuna TRIFEŞTI,"""La Movilă"", la cca. 1 km S de sat","sec. II – III p.Chr., Epoca romană"
627,IS-I-m-B-03639.03,Aşezare,sat POPEŞTI; comuna TRIFEŞTI,"""La Movilă"", la cca. 1 km S de sat",Hallstatt timpuriu
628,IS-I-m-B-03639.04,Aşezare,sat POPEŞTI; comuna TRIFEŞTI comuna TRIFEŞTI,"""La Movilă"", la cca. 1 km S de sat","Eneolitic, cultura Cucuteni, faza B Cucuteni, faza A"
630,IS-I-s-B-03640,"Situl arheologic de la Popricani, punct ""Dealul Viei - Curmătura""",sat POPRICANI; comuna POPRICANI,"""Dealul Viei - Curmătura"", la 700 m E de pe stânga drumului spre satul Cotul Morii","sat,"
631,IS-I-m-B-03640.01,Aşezare,sat POPRICANI; comuna POPRICANI,"""Dealul Viei - Curmătura"", la 700 m E de pe stânga drumului spre satul Cotul Morii","sat, sec. IV p.Chr, Epoca daco-romană"
632,IS-I-m-B-03640.02,Aşezare,sat POPRICANI; comuna POPRICANI,"""Dealul Viei - Curmătura"", la 700 m E de pe stânga drumului spre satul Cotul Morii","sat, sec. II a. Chr."
633,IS-I-m-B-03640.03,Aşezare,sat POPRICANI; comuna POPRICANI,"""Dealul Viei - Curmătura"", la 700 m E de pe stânga drumului spre satul Cotul Morii","sat, Latène, cultura geto- dacică"
634,IS-I-m-B-03640.04,Aşezare,sat POPRICANI; comuna POPRICANI,"""Dealul Viei - Curmătura"", la 700 m E de pe stânga drumului spre satul Cotul Morii","sat, Hallstatt mijlociu şi târziu"
635,IS-I-m-B-03640.05,Aşezare,sat POPRICANI; comuna POPRICANI,"""Dealul Viei - Curmătura"", la 700 m E de pe stânga drumului spre satul Cotul Morii","sat, Eneolitic, cultura Cucuteni, faza A"
636,IS-I-s-B-03641,"Situl arheologic de la Popricani, punct ""Grădina lui Anton""",sat POPRICANI; comuna POPRICANI,"""Grădina lui Anton"", în marginea de N a satului, pe malul stâng al pârâului Popricani (şi al şoselei Popricani - Cârniceni)",
637, IS-I-m-B-03641.01, Aşezare, sat POPRICANI; comuna POPRICANI," ""Grădina lui Anton"", în marginea de N a satului, pe malul stâng al pârâului Popricani (şi al şoselei Popricani - Cârniceni)"," sec. XV, Epoca medievală"
638,IS-I-m-B-03641.02,Aşezare,sat POPRICANI; comuna POPRICANI,"""Grădina lui Anton"", în marginea de N a satului, pe malul stâng al pârâului Popricani (şi al şoselei Popricani - Cârniceni)","sec. IX - X, Epoca medieval timpurie"
639,IS-I-m-B-03641.03,Aşezare,sat POPRICANI; comuna POPRICANI comuna POPRICANI,"""Grădina lui Anton"", în marginea de N a satului, pe malul stâng al pârâului Popricani (şi al şoselei Popricani - Cârniceni) satului, pe malul stâng al pârâului Popricani","sec. IV p.Chr, Epoca daco-romană"
641,IS-I-m-B-03641.05,Aşezare,sat POPRICANI; comuna POPRICANI,"""Grădina lui Anton"", în marginea de N a satului, pe malul stâng al pârâului Popricani (şi al şoselei Popricani - Cârniceni)","Epoca bronzului târziu, cultura Noua"
642,IS-I-m-B-03641.06,Aşezare,sat POPRICANI; comuna POPRICANI,"""Grădina lui Anton"", în marginea de N a satului, pe malul stâng al pârâului Popricani (şi al şoselei Popricani - Cârniceni)","Eneolitic, cultura Cucuteni, faza B"
643,IS-I-m-B-03641.07,Aşezare,sat POPRICANI; comuna POPRICANI,"""Grădina lui Anton"", în marginea de N a satului, pe malul stâng al pârâului Popricani (şi al şoselei Popricani - Cârniceni)","Eneolitic, cultura Cucuteni, faza A"
644,IS-I-m-B-03642,Valul lui Traian,sat POPRICANI; comuna POPRICANI,"la marginea de N a satului, până la cca. m NE de sat, cu direcţia NE spre com. Ţigănaşi",200 Epoca migraţiilor
645,IS-I-s-B-03643,Casa cronicarului Ion Neculce de la Prigoreni,sat PRIGORENI; comuna ION NECULCE,,"sec. XVII, Epoca medievală"
646,IS-I-s-B-03644,"Situl arheologic de la Răducăneni, punct ""La Cireadă""",sat RĂDUCĂNENI; comuna RĂDUCĂNENI,"""La Cireada"", la 200 m VSV de sat",
647,IS-I-m-B-03644.01,Aşezare,sat RĂDUCĂNENI; comuna RĂDUCĂNENI,"""La Cireada"", la 200 m VSV de sat","sec. IV p.Chr, Epoca daco-romană"
648,IS-I-m-B-03644.02,Aşezare,sat RĂDUCĂNENI; comuna RĂDUCĂNENI comuna,"""La Cireada"", la 200 m VSV de sat","sec. III - II a. Chr., Latène, cultura geto- dacică dacică"
650,IS-I-m-B-03644.04,Aşezare,sat RĂDUCĂNENI; comuna RĂDUCĂNENI,"""La Cireada"", la 200 m VSV de sat","Epoca bronzului târziu, cultura Noua"
651,IS-I-m-B-03644.05,Aşezare,sat RĂDUCĂNENI; comuna RĂDUCĂNENI,"""La Cireada"", la 200 m VSV de sat","Eneolitic, cultura Cucuteni"
652,IS-I-s-A-03645,"Situl arheologic de la Răducăneni, punct ""Hămeiosul""",sat RĂDUCĂNENI; comuna RĂDUCĂNENI,"""Hămeiosul"", pe malul drept al pârâului Hămeiosul, la 1 km SE de sat",
653,IS-I-m-A-03645.01,Aşezare,sat RĂDUCĂNENI; comuna RĂDUCĂNENI,"""Hămeiosul"", pe malul drept al pârâului Hămeiosul, la 1 km SE de sat","sec. XI – XII, Epoca medieval timpurie"
654,IS-I-m-A-03645.02,Aşezare,sat RĂDUCĂNENI; comuna RĂDUCĂNENI,"""Hămeiosul"", pe malul drept al pârâului Hămeiosul, la 1 km SE de sat","Latène, cultura geto- dacică"
655,IS-I-s-B-03646,"Situl arheologic de la Rediu, punct ""Bădărău""",sat REDIU; comuna REDIU,"""Bădărău"", cartier Munteni, la marginea SV a fostului sat, pe pante şi cornişa dealului",de
656,IS-I-m-B-03646.01,Vatra medievală a satului Munteni,sat REDIU; comuna REDIU,"""Bădărău"", cartier Munteni, la marginea SV a fostului sat, pe pante şi cornişa dealului","de sec. XV-XVIII, Epoca medievală"
657,IS-I-m-B-03646.02,Aşezare,sat REDIU; comuna REDIU REDIU,"""Bădărău"", cartier Munteni, la marginea SV a fostului sat, pe pante şi cornişa dealului SV a fostului sat, pe pante şi cornişa","de sec. IV p.Chr, Epoca daco-romană"
659,IS-I-s-B-03647,"Situl arheologic de la Rediu, punct ""Valea Mută""",sat REDIU; comuna REDIU,"""Valea Mută"", cartier Munteni, la cca. 800 m de fostul sat, pe interfluviul dintre pâraiele Rediu - Tătar şi Valea Muta",
660,IS-I-m-B-03647.01,"Vatra medievală a satului Munteni de la ""Valea Mută""",sat REDIU; comuna REDIU,"""Valea Mută"", cartier Munteni, la cca. 800 m de fostul sat, pe interfluviul dintre pâraiele Rediu - Tătar şi Valea Muta","sec. XVII - XVIII, Epoca medievală"
661,IS-I-m-B-03647.02,Aşezare,sat REDIU; comuna REDIU,"""Valea Mută"", cartier Munteni, la cca. 800 m de fostul sat, pe interfluviul dintre pâraiele Rediu - Tătar şi Valea Muta","sec. III - IV p.Chr., Epoca daco-romană"
662,IS-I-m-B-03647.03,Aşezare,sat REDIU; comuna REDIU,"""Valea Mută"", cartier Munteni, la cca. 800 m de fostul sat, pe interfluviul dintre pâraiele Rediu - Tătar şi Valea Muta",Hallstatt
663,IS-I-m-B-03647.04,Aşezare,sat REDIU; comuna REDIU,"""Valea Mută"", cartier Munteni, la cca. 800 m de fostul sat, pe interfluviul dintre pâraiele Rediu - Tătar şi Valea Muta","Epoca bronzului târziu, cultura Noua"
664,IS-I-m-B-03647.05,Aşezare,sat REDIU; comuna REDIU,"""Valea Mută"", cartier Munteni, la cca. 800 m de fostul sat, pe interfluviul dintre pâraiele Rediu - Tătar şi Valea Muta","Neolitic târziu, cultura ceramicii liniare"
665,IS-I-s-B-03648,"Situl arheologic de la Rediu Aldei, punct ""La Hârtop""",sat REDIU ALDEI; comuna ARONEANU,"""La Hârtop"", la marginea de SE a satului",
666,IS-I-m-B-03648.01,Aşezare,sat REDIU ALDEI; comuna ARONEANU,"""La Hârtop"", la marginea de SE a satului","sec. XI, Epoca medieval timpurie"
667,IS-I-m-B-03648.02,Aşezare,sat REDIU ALDEI; comuna ARONEANU comuna ARONEANU,"""La Hârtop"", la marginea de SE a satului","sec. IX - X, Epoca medieval timpurie Horodiştea – Erbiceni"
669,IS-I-s-B-03649,"Situl arheologic de la Rediu Mitropoliei, punct ""În Islaz""",sat REDIU MITROPOLIEI; comuna POPRICANI,"""În Islaz"", în partea de E a satului",
670,IS-I-m-B-03649.01,Aşezare,sat REDIU MITROPOLIEI; comuna POPRICANI,"""În Islaz"", în partea de E a satului","sec. XVII - XVIII, Epoca medievală"
671,IS-I-m-B-03649.02,Aşezare,sat REDIU MITROPOLIEI; comuna POPRICANI,"""În Islaz"", în partea de E a satului","sec. XIV – XV, Epoca medievală"
672,IS-I-m-B-03649.03,Aşezare,sat REDIU MITROPOLIEI; comuna POPRICANI,"""În Islaz"", în partea de E a satului","sec. XI – XII, Epoca medieval timpurie"
673, IS-I-m-B-03649.04, Aşezare, sat REDIU MITROPOLIEI; comuna POPRICANI," ""În Islaz"", în partea de E a satului", Hallstatt târziu
674,IS-I-m-B-03650,Valul lui Traian,sat REDIU MITROPOLIEI; comuna POPRICANI,La S de sat,Epoca migraţiilor
675,IS-I-s-B-03651,Ruinele Hanului de la Ruginoasa,sat RUGINOASA; comuna RUGINOASA,,"sec. XVIII, Epoca medievală"
676,IS-I-s-B-03652,"Situl arheologic de la Satu Nou, punct ""Promoroace - Gârla lui Chifor""",sat SATU NOU; comuna ŞCHEIA,"""Promoroace - Gârla lui Chifor"", la 200 VSV de sat, pe terasa inferioara a pârâului Stavnic",m
677,IS-I-m-B-03652.01,Aşezare,sat SATU NOU; comuna ŞCHEIA comuna ŞCHEIA,"""Promoroace - Gârla lui Chifor"", la 200 VSV de sat, pe terasa inferioara a pârâului Stavnic VSV de sat, pe terasa inferioara a pârâului","m sec. XVI - XVII, Epoca medievală medieval timpurie"
679,IS-I-m-B-03652.03,"Aşezarea de la ""Promoroace - Gârla lui Chifor""",sat SATU NOU; comuna ŞCHEIA,"""Promoroace - Gârla lui Chifor"", la 200 VSV de sat, pe terasa inferioara a pârâului Stavnic","m sec. II – III p.Chr., Epoca romană"
680,IS-I-s-B-03653,"Situl arheologic de la Satu Nou, punct ""Promoroace - Nord""",sat SATU NOU; comuna ŞCHEIA,"""Promoroace - Nord"", la marginea de NV satului, pe un promontoriu de pe malul drept al Gârlei lui Ciuruc",a
681,IS-I-m-B-03653.01,Aşezare,sat SATU NOU; comuna ŞCHEIA,"""Promoroace - Nord"", la marginea de NV satului, pe un promontoriu de pe malul drept al Gârlei lui Ciuruc","a sec. XVI - XVII, Epoca medievală"
682,IS-I-m-B-03653.02,Aşezare,sat SATU NOU; comuna ŞCHEIA,"""Promoroace - Nord"", la marginea de NV satului, pe un promontoriu de pe malul drept al Gârlei lui Ciuruc","a sec. VIII – X, Epoca medieval timpurie"
683,IS-I-m-B-03653.03,Aşezare,sat SATU NOU; comuna ŞCHEIA,"""Promoroace - Nord"", la marginea de NV satului, pe un promontoriu de pe malul drept al Gârlei lui Ciuruc",a sec. II - III p.Chr.
684,IS-I-m-B-03653.04,Aşezare,sat SATU NOU; comuna ŞCHEIA,"""Promoroace - Nord"", la marginea de NV satului, pe un promontoriu de pe malul drept al Gârlei lui Ciuruc","a Eneolitic, cultura Cucuteni, faza AB"
685,IS-I-m-B-03653.05,Aşezare,sat SATU NOU; comuna ŞCHEIA,"""Promoroace - Nord"", la marginea de NV satului, pe un promontoriu de pe malul drept al Gârlei lui Ciuruc","a Eneolitic, cultura Cucuteni, faza A"
686,IS-I-s-B-03654,"Situl arheologic de la ""Şesul lui Ştefan""",sat SATU NOU; comuna ŞCHEIA,"""Şesul lui Ştefan"", la marginea de SE a satului",
687,IS-I-m-B-03654.01,Aşezare,sat SATU NOU; comuna ŞCHEIA comuna ŞCHEIA,"""Şesul lui Ştefan"", la marginea de SE a satului satului","sec. XVI - XVII, Epoca medievală migraţiilor"
689,IS-I-m-B-03654.03,Aşezare,sat SATU NOU; comuna ŞCHEIA,"""Şesul lui Ştefan"", la marginea de SE a satului","sec. IV p.Chr, Epoca daco-romană"
690,IS-I-m-B-03654.04,Aşezare,sat SATU NOU; comuna ŞCHEIA,"""Şesul lui Ştefan"", la marginea de SE a satului","sec. II – III p.Chr., Epoca romană"
691,IS-I-m-B-03654.05,Aşezare,sat SATU NOU; comuna ŞCHEIA,"""Şesul lui Ştefan"", la marginea de SE a satului","Epoca bronzului târziu, cultura Noua"
692,IS-I-m-B-03654.06,Aşezare,sat SATU NOU; comuna ŞCHEIA,"""Şesul lui Ştefan"", la marginea de SE a satului","Eneolitic final, cultura mormintelor cu ocru"
693,IS-I-s-B-03655,"Situl arheologic de la Săcăreşti, punct ""Laiu""",sat SĂCĂREŞTI; comuna CUCUTENI,"""Laiu"", la cca. 600 m NNV de sat, pe platoul de pe malul stâng al Văii lui Mihai",
694,IS-I-m-B-03655.01,Aşezare,sat SĂCĂREŞTI; comuna CUCUTENI,"""Laiu"", la cca. 600 m NNV de sat, pe platoul de pe malul stâng al Văii lui Mihai","sec. XV, Epoca medievală"
695,IS-I-m-B-03655.02,Aşezare,sat SĂCĂREŞTI; comuna CUCUTENI,"""Laiu"", la cca. 600 m NNV de sat, pe platoul de pe malul stâng al Văii lui Mihai","sec. XI – XII, Epoca medieval timpurie"
696,IS-I-m-B-03655.03,Aşezare,sat SĂCĂREŞTI; comuna CUCUTENI,"""Laiu"", la cca. 600 m NNV de sat, pe platoul de pe malul stâng al Văii lui Mihai",sec. II – III p.Chr.
697,IS-I-m-B-03655.04,Aşezare,sat SĂCĂREŞTI; comuna CUCUTENI,"""Laiu"", la cca. 600 m NNV de sat, pe platoul de pe malul stâng al Văii lui Mihai",Hallstatt târziu
698,IS-I-s-B-03656,Situl arheologic de la Sârca,sat SÂRCA; comuna BĂLŢAŢI,În vatra satului,
699,IS-I-m-B-03656.01,Aşezare,sat SÂRCA; comuna BĂLŢAŢI,În vatra satului,"sec. XVI - XVII, Epoca medievală"
700,IS-I-m-B-03656.02,"Aşezare Sireţel, punct ""Bulgărie""",sat SÂRCA; comuna BĂLŢAŢI SIREŢEL,În vatra satului la 50 m V de iazul Stuhărie,Latène
702,IS-I-m-B-03657.01,Vatra medievală a satului Sireţel,sat SIREŢEL; comuna SIREŢEL,"""Bulgărie"" (""Grădina CAP""), în vatra satului, la 50 m V de iazul Stuhărie","sec. XIV - XV, XVI – XVII, Epoca medievală"
703,IS-I-m-B-03657.02,Necropolă,sat SIREŢEL; comuna SIREŢEL,"""Bulgărie"" (""Grădina CAP""), în vatra satului, la 50 m V de iazul Stuhărie","sec. XIV - XV, XVI – XVII, Epoca medievală"
704,IS-I-m-B-03657.03,Aşezare,sat SIREŢEL; comuna SIREŢEL,"""Bulgărie"" (""Grădina CAP""), în vatra satului, la 50 m V de iazul Stuhărie","sec. IV p.Chr, Epoca daco- romană"
705,IS-I-s-B-03658,"Situl arheologic de la Sireţel, punct ""Săraturi""",sat SIREŢEL; comuna SIREŢEL,"""Săraturi"", la cca. 1,5 km SSE de biserica satului şi cca. 500 m SE de margine",
706,IS-I-m-B-03658.01,Aşezare,sat SIREŢEL; comuna SIREŢEL,"""Săraturi"", la cca. 1,5 km SSE de biserica satului şi cca. 500 m SE de margine","sec. VIII - IX, Epoca medieval timpurie"
707,IS-I-m-B-03658.02,Aşezare,sat SIREŢEL; comuna SIREŢEL,"""Săraturi"", la cca. 1,5 km SSE de biserica satului şi cca. 500 m SE de margine","sec. III - II a. Chr., Latène"
708,IS-I-s-B-03659,"Situl arheologic de la Slobozia, punct ""La Şanţuri""",sat SLOBOZIA; comuna SIREŢEL,"""La Şanţuri"", pe Dealul Podul de Lut, la 1,5 km E de sat, cu extindere în comuna Todireşti",cca.
709, IS-I-m-B-03659.01, Cetate, sat SLOBOZIA; comuna SIREŢEL," ""La Şanţuri"", pe Dealul Podul de Lut, la 1,5 km E de sat, cu extindere în comuna Todireşti"," cca. Latène, cultura geto- dacică"
710,IS-I-m-B-03659.02,Aşezare,sat SLOBOZIA; comuna SIREŢEL,"""La Şanţuri"", pe Dealul Podul de Lut, la 1,5 km E de sat, cu extindere în comuna Todireşti","cca. Eneolitic, cultura Cucuteni"
711,IS-I-m-B-03659.03,"Aşezare Spinoasa, punct ""Poala",sat SLOBOZIA; comuna SIREŢEL comuna ERBICENI,"""La Şanţuri"", pe Dealul Podul de Lut, la 1,5 km E de sat, cu extindere în comuna Todireşti 1,4 km SV de sat, pe malul drept al râului","cca. Paleolitic superior, gravettian"
713,IS-I-m-B-03660.01,Aşezare,sat SPINOASA; comuna ERBICENI,"""Poala Catargului"" (""Coasta Budei""), la 1,4 km SV de sat, pe malul drept al râului Bahlui",cca. Epoca medieval timpurie
714,IS-I-m-B-03660.02,Aşezare,sat SPINOASA; comuna ERBICENI,"""Poala Catargului"" (""Coasta Budei""), la 1,4 km SV de sat, pe malul drept al râului Bahlui","cca. sec. IV p.Chr, Epoca daco-romană"
715,IS-I-m-B-03660.03,Aşezare,sat SPINOASA; comuna ERBICENI,"""Poala Catargului"" (""Coasta Budei""), la 1,4 km SV de sat, pe malul drept al râului Bahlui","cca. sec. II – III p.Chr., Epoca romană"
716,IS-I-m-B-03660.04,Aşezare,sat SPINOASA; comuna ERBICENI,"""Poala Catargului"" (""Coasta Budei""), la 1,4 km SV de sat, pe malul drept al râului Bahlui","cca. Latène, cultura geto- dacică"
717,IS-I-m-B-03660.05,Aşezare,sat SPINOASA; comuna ERBICENI,"""Poala Catargului"" (""Coasta Budei""), la 1,4 km SV de sat, pe malul drept al râului Bahlui",cca. Hallstatt
718,IS-I-m-B-03660.06,Aşezare,sat SPINOASA; comuna ERBICENI,"""Poala Catargului"" (""Coasta Budei""), la 1,4 km SV de sat, pe malul drept al râului Bahlui","cca. Epoca bronzului târziu, cultura Noua"
719,IS-I-m-B-03660.07,Aşezare,sat SPINOASA; comuna ERBICENI,"""Poala Catargului"" (""Coasta Budei""), la 1,4 km SV de sat, pe malul drept al râului Bahlui","cca. Eneolitic, cultura Cucuteni, faza B"
720,IS-I-m-B-03660.08,Aşezare,sat SPINOASA; comuna ERBICENI comuna ERBICENI,"""Poala Catargului"" (""Coasta Budei""), la 1,4 km SV de sat, pe malul drept al râului Bahlui 1,4 km SV de sat, pe malul drept al râului","cca. Eneolitic, cultura Cucuteni, faza A"
722,IS-I-s-B-03661,"Situl arheologic de la Stânca, punct ""Şipoţel""",sat STÂNCA; comuna VICTORIA,"""La Şipoţel"", la S de sat, pe stânga şoselei spre sat Vulturi, la cca. 150 m",
723,IS-I-m-B-03661.01,Aşezare,sat STÂNCA; comuna VICTORIA,"""La Şipoţel"", la S de sat, pe stânga şoselei spre sat Vulturi, la cca. 150 m","sec. IV p.Chr, Epoca daco-romană"
724,IS-I-m-B-03661.02,Aşezare,sat STÂNCA; comuna VICTORIA,"""La Şipoţel"", la S de sat, pe stânga şoselei spre sat Vulturi, la cca. 150 m","sec. III - II a. Chr., Latène"
725,IS-I-s-B-03662,Situl arheologic de la Şcheia,sat ŞCHEIA; comuna ALEXANDRU I. CUZA,"La marginea de S a satului, pe terasa din stânga râului Siret","sec. XV - XVI, Epoca medievală"
726,IS-I-s-B-03663,"Situl arheologic de la Şcheia, punct ""Humărie - mal stâng""",sat ŞCHEIA; comuna ŞCHEIA,"""Humărie - mal stâng"", la NE de sat",
727,IS-I-m-B-03663.01,Aşezare,sat ŞCHEIA; comuna ŞCHEIA,"""Humărie - mal stâng"", la NE de sat","sec. VIII - X, Epoca medieval timpurie"
728,IS-I-m-B-03663.02,Aşezare,sat ŞCHEIA; comuna ŞCHEIA,"""Humărie - mal stâng"", la NE de sat","sec. II – III p.Chr., Epoca romană"
729, IS-I-m-B-03663.03, Aşezare, sat ŞCHEIA; comuna ŞCHEIA," ""Humărie - mal stâng"", la NE de sat"," sec. III - II a. Chr., Latène"
730,IS-I-m-B-03665,Valul lui Traian,sat ŞENDRENI; comuna VICTORIA,"La 1,5 km V de sat, cu direcţia NE, până râul Prut, în dreptul satului Tocsobeni, pe malul stâng (Basarabia)",la Epoca migraţiilor de
731,IS-I-s-B-03666,"Situl arheologic de la Şerbeşti, punct ""Fundătura 11""",sat ŞERBEŞTI; comuna CIORTEŞTI comuna CIORTEŞTI,"""Fundătura 11"", la 2,5 km SV de sat, pe pantele de V ce mărginesc valea pârâului Şerbeşti pantele de V ce mărginesc valea pârâului", timpurie
733,IS-I-m-B-03666.02,Aşezare,sat ŞERBEŞTI; comuna CIORTEŞTI,"""Fundătura 11"", la 2,5 km SV de sat, pe pantele de V ce mărginesc valea pârâului Şerbeşti","Epoca medieval timpurie, cultura Dridu"
734,IS-I-m-B-03666.03,Aşezare,sat ŞERBEŞTI; comuna CIORTEŞTI,"""Fundătura 11"", la 2,5 km SV de sat, pe pantele de V ce mărginesc valea pârâului Şerbeşti","sec. IV p.Chr, Epoca daco-romană"
735,IS-I-m-B-03666.04,Aşezare,sat ŞERBEŞTI; comuna CIORTEŞTI,"""Fundătura 11"", la 2,5 km SV de sat, pe pantele de V ce mărginesc valea pârâului Şerbeşti","Latène, cultura geto- dacică"
736,IS-I-s-B-03667,"Situl arheologic de la Şorogari, punct ""La poligon""",sat ŞOROGARI; comuna ARONEANU,"""La Poligon"", pe panta de NE a Dealului Şorogari",
737,IS-I-m-B-03667.01,Aşezare,sat ŞOROGARI; comuna ARONEANU,"""La Poligon"", pe panta de NE a Dealului Şorogari","sec. XVII - XVIII, Epoca medievală"
738,IS-I-m-B-03667.02,Aşezare,sat ŞOROGARI; comuna ARONEANU,"""La Poligon"", pe panta de NE a Dealului Şorogari","sec. XIV - XV, XVI, Epoca medievală"
739,IS-I-m-B-03667.03,Aşezare,sat ŞOROGARI; comuna ARONEANU,"""La Poligon"", pe panta de NE a Dealului Şorogari","sec. XIII – XIV, Epoca medieval timpurie"
740,IS-I-s-B-03668,"Fortificaţia ""Palanca""",sat TĂTĂRUŞI; comuna TĂTĂRUŞI,"""Palanca"", la 2 km NV de sat (şi 8 km V-NV de Tătăruşi), până la cca. 400 m NNV","sec. IV p.Chr, sec. XV şi sec. XVII"
741,IS-I-s-B-03669,"Situl arheologic de la Todireşti, punct ""La Şanţuri""",sat TODIREŞTI; comuna TODIREŞTI comuna TODIREŞTI,"""La Şanţuri"", între 5-7 km NV de sat, cu extindere spre sat Slobozia, com. Şiretei extindere spre sat Slobozia, com. Şiretei", dacică
743,IS-I-m-B-03669.02,Fortificaţii de pământ,sat TODIREŞTI; comuna TODIREŞTI,"""La Şanţuri"", între 5-7 km NV de sat, cu extindere spre sat Slobozia, com. Şiretei","Eneolitic, cultura Cucuteni, faza A"
744,IS-I-s-B-03670,"Situl arheologic de la Tomeşti, punct ""Dealul Doamnei""",sat TOMEŞTI; comuna TOMEŞTI,"""Dealul Doamnei"", pe coasta de NNE, la km E de sat, pe ambele părţi ale şoselei - Tutova, la 300-500 m de confluenţa râului Bahlui cu râul Jijia","2,5 laşi"
745,IS-I-m-B-03670.01,Aşezare,sat TOMEŞTI; comuna TOMEŞTI,"""Dealul Doamnei"", pe coasta de NNE, la km E de sat, pe ambele părţi ale şoselei - Tutova, la 300-500 m de confluenţa râului Bahlui cu râul Jijia","2,5 sec. XVI - XVII, Epoca laşi medievală"
746,IS-I-m-B-03670.02,Aşezare,sat TOMEŞTI; comuna TOMEŞTI,"""Dealul Doamnei"", pe coasta de NNE, la km E de sat, pe ambele părţi ale şoselei - Tutova, la 300-500 m de confluenţa râului Bahlui cu râul Jijia","2,5 sec. XV, Epoca laşi medievală"
747,IS-I-m-B-03670.03,Aşezare,sat TOMEŞTI; comuna TOMEŞTI,"""Dealul Doamnei"", pe coasta de NNE, la km E de sat, pe ambele părţi ale şoselei - Tutova, la 300-500 m de confluenţa râului Bahlui cu râul Jijia","2,5 sec. X – XI, Epoca laşi medieval timpurie"
748,IS-I-m-B-03670.04,Aşezare,sat TOMEŞTI; comuna TOMEŞTI,"""Dealul Doamnei"", pe coasta de NNE, la km E de sat, pe ambele părţi ale şoselei - Tutova, la 300-500 m de confluenţa râului Bahlui cu râul Jijia","2,5 sec. VIII – X, Epoca laşi medieval timpurie"
749,IS-I-m-B-03670.05,Aşezare,sat TOMEŞTI; comuna TOMEŞTI comuna TOMEŞTI,"""Dealul Doamnei"", pe coasta de NNE, la km E de sat, pe ambele părţi ale şoselei - Tutova, la 300-500 m de confluenţa râului Bahlui cu râul Jijia km E de sat, pe ambele părţi ale şoselei","2,5 Epoca bronzului târziu, laşi cultura Noua laşi"
751,IS-I-s-B-03671,"Situl arheologic de la Topile, punct ""Dealul Catargii""",sat TOPILE; comuna VALEA SEACĂ,"""Dealul Catargii"", la 1 km NV de sat, la marginea platoului",
752,IS-I-m-B-03671.01,Aşezare,sat TOPILE; comuna VALEA SEACĂ,"""Dealul Catargii"", la 1 km NV de sat, la marginea platoului","Eneolitic final, cultura Horodiştea – Erbiceni"
753,IS-I-m-B-03671.02,Aşezare,sat TOPILE; comuna VALEA SEACĂ,"""Dealul Catargii"", la 1 km NV de sat, la marginea platoului","Paleolitic superior, gravettian final"
754,IS-I-s-B-03672,"Situl arheologic de la Trifeşti, punct ""Dealul Curţii""",sat TRIFEŞTI; comuna TRIFEŞTI,"""Dealul Curţii"", la 100 m de marginea de satului, spre şesul ""Toloaca Mică""",E a
755, IS-I-m-B-03672.01, Aşezare, sat TRIFEŞTI; comuna TRIFEŞTI," ""Dealul Curţii"", la 100 m de marginea de satului, spre şesul ""Toloaca Mică"""," E a sec. XVI, XVII, Epoca medievală"
756,IS-I-m-B-03672.02,Aşezare,sat TRIFEŞTI; comuna TRIFEŞTI,"""Dealul Curţii"", la 100 m de marginea de satului, spre şesul ""Toloaca Mică""","E a sec. XIV – XV, Epoca medievală"
757,IS-I-m-B-03672.03,Aşezare,sat TRIFEŞTI; comuna TRIFEŞTI,"""Dealul Curţii"", la 100 m de marginea de satului, spre şesul ""Toloaca Mică""","E a sec. IV - V, Epoca romano-bizantină"
758,IS-I-m-B-03672.04,Aşezare,sat TRIFEŞTI; comuna TRIFEŞTI,"""Dealul Curţii"", la 100 m de marginea de satului, spre şesul ""Toloaca Mică""","E a Eneolitic, cultura Cucuteni, faza B"
759,IS-I-m-B-03672.05,Aşezare,sat TRIFEŞTI; comuna TRIFEŞTI,"""Dealul Curţii"", la 100 m de marginea de satului, spre şesul ""Toloaca Mică""","E a Paleolitic superior, gravettian"
760,IS-I-s-B-03673,"Situl arheologic de la Trifeşti, punct ""La Curte""",sat TRIFEŞTI; comuna TRIFEŞTI comuna TRIFEŞTI,"""La Curte"", ""La Margine"", la marginea de şi SE a satului şi SE a satului",E medievală
762,IS-I-m-B-03673.02,Aşezare,sat TRIFEŞTI; comuna TRIFEŞTI,"""La Curte"", ""La Margine"", la marginea de şi SE a satului","E sec. VI - VII, sec. VIII – X, Epoca medievală"
763,IS-I-m-B-03673.03,Aşezare,sat TRIFEŞTI; comuna TRIFEŞTI,"""La Curte"", ""La Margine"", la marginea de şi SE a satului",E Hallstatt
764,IS-I-m-B-03673.04,Necropolă,sat TRIFEŞTI; comuna TRIFEŞTI,"""La Curte"", ""La Margine"", la marginea de şi SE a satului",E Hallstatt
765,IS-I-s-B-03674,"Situl arheologic de la Ţibăneşti, punct ""La Şanţuri""",sat ŢIBĂNEŞTI; comuna ŢIBĂNEŞTI,"Cartier Ivăneşti, la marginea de NV a satului",
766,IS-I-m-B-03674.01,Aşezare,sat ŢIBĂNEŞTI; comuna ŢIBĂNEŞTI,"Cartier Ivăneşti, la marginea de NV a satului",Epoca medievală
767,IS-I-m-B-03674.02,Necropola,sat ŢIBĂNEŞTI; comuna ŢIBĂNEŞTI,"Cartier Ivăneşti, la marginea de NV a satului",Epoca medievală
768,IS-I-s-B-03675,Situl arheologic de la Ţigănaşi,sat ŢIGĂNAŞI; comuna ŢIGĂNAŞI,"""Dealul Raiu"", la 1 km E de Ţigănaşi",
769,IS-I-m-B-03675.01,Aşezare,sat ŢIGĂNAŞI; comuna ŢIGĂNAŞI,"""Dealul Raiu"", la 1 km E de Ţigănaşi","sec. XIV - XV, Epoca medievală"
770,IS-I-m-B-03675.02,Aşezare,sat ŢIGĂNAŞI; comuna ŢIGĂNAŞI,"""Dealul Raiu"", la 1 km E de Ţigănaşi","sec. IV p.Chr, Epoca daco-romană"
771,IS-I-m-B-03675.03,Aşezare,sat ŢIGĂNAŞI; comuna ŢIGĂNAŞI,"""Dealul Raiu"", la 1 km E de Ţigănaşi",Hallstatt
772,IS-I-m-B-03675.04,Aşezare,sat ŢIGĂNAŞI; comuna ŢIGĂNAŞI,"""Dealul Raiu"", la 1 km E de Ţigănaşi","Eneolitic, cultura Cucuteni, faza A"
773,IS-I-m-B-03675.05,Aşezare,sat ŢIGĂNAŞI; comuna ŢIGĂNAŞI comuna ŢIGĂNAŞI,"""Dealul Raiu"", la 1 km E de Ţigănaşi","Eneolitic, cultura Precucuteni tardenoisian"
775,IS-I-s-B-03676,"Situl arheologic de la Ţigănaşi, punct ""Valea Odăii""",sat ŢIGĂNAŞI; comuna ŢIGĂNAŞI,"""Valea Odăii"", la cca. 3 km NV de sat",
776,IS-I-m-B-03676.01,Aşezare,sat ŢIGĂNAŞI; comuna ŢIGĂNAŞI,"""Valea Odăii"", la cca. 3 km NV de sat","sec. XVII - XVIII, Epoca medievală"
777,IS-I-m-B-03676.02,Aşezare,sat ŢIGĂNAŞI; comuna ŢIGĂNAŞI,"""Valea Odăii"", la cca. 3 km NV de sat","sec. XV – XVI, Epoca medievală"
778,IS-I-m-B-03676.03,Aşezare,sat ŢIGĂNAŞI; comuna ŢIGĂNAŞI,"""Valea Odăii"", la cca. 3 km NV de sat","sec. XIV – XV, Epoca medievală"
779,IS-I-m-B-03676.04,Aşezare,sat ŢIGĂNAŞI; comuna ŢIGĂNAŞI,"""Valea Odăii"", la cca. 3 km NV de sat","Neolitic, cultura Starčevo – Criş"
780,IS-I-m-B-03677,Valul lui Traian,sat ŢIPLEŞTI; comuna POPRICANI,"""Vatra satului"", la 1,3 km V de sat, cu direcţia V-E",Epoca migraţiilor
781,IS-I-s-B-03678,Aşezare,sat ŢUŢORA; comuna ŢUTORA,"""Cotu lui Bogdan"" (""La Prisaca""), la cca. km N de sat, în cotul Prutului","3 sec. XV - XVIII, Epoca medievală"
782,IS-I-s-B-03679,"Situl arheologic de la Ulmi, punct ""La Curte""",sat ULMI; comuna BELCEŞTI,"""La Curte"", pe malul lacului Tansa -Belceşti, la cca. 200 m N de sat",
783,IS-I-m-B-03679.01,Aşezare,sat ULMI; comuna BELCEŞTI,"""La Curte"", pe malul lacului Tansa -Belceşti, la cca. 200 m N de sat","sec. XVII - XVIII, Epoca medievală"
784,IS-I-m-B-03679.02,Aşezare,sat ULMI; comuna BELCEŞTI,"""La Curte"", pe malul lacului Tansa -Belceşti, la cca. 200 m N de sat","Epoca bronzului târziu, cultura Noua"
785,IS-I-m-B-03679.03,Aşezare,sat ULMI; comuna BELCEŞTI,"""La Curte"", pe malul lacului Tansa -Belceşti, la cca. 200 m N de sat","Eneolitic, cultura Cucuteni, faza B"
786,IS-I-m-B-03679.04,Aşezare la Valea Ursului -,sat ULMI; comuna BELCEŞTI comuna MIROSLAVA,"""La Curte"", pe malul lacului Tansa -Belceşti, la cca. 200 m N de sat","Eneolitic, cultura Cucuteni, faza A romană"
788,IS-I-s-B-03681,Aşezare,sat VALEA URSULUI; comuna MIROSLAVA,la E de Cetăţuie,Hallstatt
789,IS-I-s-B-03682,"Situl arheologic de la Vascani, punct ""Pe Platou""",sat VASCANI; comuna RUGINOASA,"""Pe Platou"" (Grajdul CAP), la marginea V a satului, lângă fostele grajduri CAP şi biserică, pe partea dreaptă a drumului Vascani - Todireşti",de S
790,IS-I-m-B-03682.01,Aşezare,sat VASCANI; comuna RUGINOASA,"""Pe Platou"" (Grajdul CAP), la marginea V a satului, lângă fostele grajduri CAP şi biserică, pe partea dreaptă a drumului Vascani - Todireşti","de S sec. XVIII, Epoca medievală"
791,IS-I-m-B-03682.02,Aşezare,sat VASCANI; comuna RUGINOASA,"""Pe Platou"" (Grajdul CAP), la marginea V a satului, lângă fostele grajduri CAP şi biserică, pe partea dreaptă a drumului Vascani - Todireşti","de S sec. XVI – XVII, Epoca medievală"
792,IS-I-m-B-03682.03,Aşezare,sat VASCANI; comuna RUGINOASA,"""Pe Platou"" (Grajdul CAP), la marginea V a satului, lângă fostele grajduri CAP şi biserică, pe partea dreaptă a drumului Vascani - Todireşti","de S sec. XIV – XV, Epoca medievală"
793,IS-I-m-B-03682.04,Aşezare,sat VASCANI; comuna RUGINOASA,"""Pe Platou"" (Grajdul CAP), la marginea V a satului, lângă fostele grajduri CAP şi biserică, pe partea dreaptă a drumului Vascani - Todireşti","de S sec. V, Epoca migraţiilor"
794,IS-I-m-B-03682.05,Aşezare,sat VASCANI; comuna RUGINOASA comuna RUGINOASA,"""Pe Platou"" (Grajdul CAP), la marginea V a satului, lângă fostele grajduri CAP şi biserică, pe partea dreaptă a drumului Vascani - Todireşti V a satului, lângă fostele grajduri CAP şi","de S sec. IV p.Chr, Epoca daco-romană romană"
796,IS-I-m-B-03682.07,Aşezare,sat VASCANI; comuna RUGINOASA,"""Pe Platou"" (Grajdul CAP), la marginea V a satului, lângă fostele grajduri CAP şi biserică, pe partea dreaptă a drumului Vascani - Todireşti","de S Latène, cultura geto- dacică"
797,IS-I-s-B-03683,Situl arheologic de la Vălenii,sat VĂLENII; comuna ŢIBĂNEŞTI,"""Seliştea"", la cca. 300 m SE de sat, pe partea stângă a pârâului Găureanca",
798,IS-I-m-B-03683.01,Aşezare,sat VĂLENII; comuna ŢIBĂNEŞTI,"""Seliştea"", la cca. 300 m SE de sat, pe partea stângă a pârâului Găureanca","sec. IV p.Chr, Epoca daco-romană"
799,IS-I-m-B-03683.02,Aşezare,sat VĂLENII; comuna ŢIBĂNEŞTI,"""Seliştea"", la cca. 300 m SE de sat, pe partea stângă a pârâului Găureanca","Latène târziu, cultura Poieneşti -Lukaşevka"
800, IS-I-s-B-03684," Situl arheologic de la Vânători, punct ""Rufeni""", sat VÂNĂTORI; comuna POPRICANI," ""Rufeni"", la 300 m S de sat, pe partea stângă a şoselei Iaşi - Vânători",
801,IS-I-m-B-03684.01,Aşezare,sat VÂNĂTORI; comuna POPRICANI,"""Rufeni"", la 300 m S de sat, pe partea stângă a şoselei Iaşi - Vânători","sec. IV - V, Epoca migraţiilor"
802,IS-I-m-B-03684.02,Aşezare,sat VÂNĂTORI; comuna POPRICANI,"""Rufeni"", la 300 m S de sat, pe partea stângă a şoselei Iaşi - Vânători","sec. III - II a. Chr., Latène"
803,IS-I-m-B-03684.03,Aşezare,sat VÂNĂTORI; comuna POPRICANI,"""Rufeni"", la 300 m S de sat, pe partea stângă a şoselei Iaşi - Vânători",Hallstatt
804,IS-I-m-B-03684.04,Aşezare,sat VÂNĂTORI; comuna POPRICANI,"""Rufeni"", la 300 m S de sat, pe partea stângă a şoselei Iaşi - Vânători","Epoca bronzului târziu, cultura Noua"
805,IS-I-s-B-03685,"Situl arheologic de la Vânători, punct ""Dealul Bursucăriei""",sat VÂNĂTORI; comuna VÂNĂTORI comuna VÂNĂTORI,"""Dealul Bursucăriei"", la 300 m E de sat N), pe un platou înalt N), pe un platou înalt",(zona
807,IS-I-m-B-03685.02,Aşezare,sat VÂNĂTORI; comuna VÂNĂTORI,"""Dealul Bursucăriei"", la 300 m E de sat N), pe un platou înalt","(zona Eneolitic, cultura Cucuteni, faza A"
808,IS-I-s-B-03686,Situl arheologic de la Vlădeni,sat VLĂDENI; comuna VLĂDENI,"""Movila Bortoasă"", la cca. 2 km NNV de",sat
809,IS-I-m-B-03686.01,Aşezare,sat VLĂDENI; comuna VLĂDENI,"""Movila Bortoasă"", la cca. 2 km NNV de","sat sec. XVI - XVII, Epoca medievală"
810,IS-I-m-B-03686.02,Aşezare,sat VLĂDENI; comuna VLĂDENI,"""Movila Bortoasă"", la cca. 2 km NNV de","sat sec. V, Epoca migraţiilor"
811,IS-I-m-B-03686.03,Aşezare,sat VLĂDENI; comuna VLĂDENI,"""Movila Bortoasă"", la cca. 2 km NNV de","sat sec. IV p.Chr, Epoca daco-romană"
812,IS-I-s-B-03687,Situl arheologic de la Vlădiceni,sat VLĂDICENI; comuna TOMEŞTI,"""Schitul Vlădiceni"", în vatra satului, pe mamelon din apropierea schitului",un
813,IS-I-m-B-03687.01,Aşezare,sat VLĂDICENI; comuna TOMEŞTI,"""Schitul Vlădiceni"", în vatra satului, pe mamelon din apropierea schitului","un sec. XIV - XV, Epoca medievală"
814,IS-I-m-B-03687.02,Aşezare,sat VLĂDICENI; comuna TOMEŞTI,"""Schitul Vlădiceni"", în vatra satului, pe mamelon din apropierea schitului","un sec. XIII – XIV, Epoca medievală"
815,IS-I-m-B-03687.03,Aşezare,sat VLĂDICENI; comuna TOMEŞTI,"""Schitul Vlădiceni"", în vatra satului, pe mamelon din apropierea schitului","un sec. X – XI, Epoca medieval timpurie"
816,IS-I-m-B-03687.04,Aşezare,sat VLĂDICENI; comuna TOMEŞTI,"""Schitul Vlădiceni"", în vatra satului, pe mamelon din apropierea schitului","un sec. IX - X, Epoca medieval timpurie"
817,IS-I-m-B-03687.05,Aşezare,sat VLĂDICENI; comuna TOMEŞTI,"""Schitul Vlădiceni"", în vatra satului, pe mamelon din apropierea schitului","un sec. IV p.Chr, Epoca daco-romană"
818,IS-I-m-B-03687.06,Aşezare,sat VLĂDICENI; comuna TOMEŞTI comuna TOMEŞTI,"""Schitul Vlădiceni"", în vatra satului, pe mamelon din apropierea schitului mamelon din apropierea schitului",un Latène
820,IS-I-m-B-03687.08,Aşezare,sat VLĂDICENI; comuna TOMEŞTI,"""Schitul Vlădiceni"", în vatra satului, pe mamelon din apropierea schitului",un Epoca bronzului
821,IS-I-s-B-03688,Situl arheologic de la Vocoteşti,sat VOCOTEŞTI; comuna VOINEŞTI,"Pe ambele părţi ale drumului Voiceşti - Vocoteşti, la cca. 800 m V de Şcoala Generală",Epoca medievală
822,IS-I-m-B-03688.01,Vatra satului Mânjeşti de la Vocoteşti,sat VOCOTEŞTI; comuna VOINEŞTI,"Pe ambele părţi ale drumului Voiceşti - Vocoteşti, la cca. 800 m V de Şcoala Generală","sec. XV - XVIII, Epoca medievală"
823,IS-I-m-B-03688.02,Aşezare,sat VOCOTEŞTI; comuna VOINEŞTI,"Pe ambele părţi ale drumului Voiceşti - Vocoteşti, la cca. 800 m V de Şcoala Generală","sec. IV p.Chr, Epoca daco-romană"
824,IS-I-m-B-03688.03,Aşezare,sat VOCOTEŞTI; comuna VOINEŞTI,"Pe ambele părţi ale drumului Voiceşti - Vocoteşti, la cca. 800 m V de Şcoala Generală","sec. IV - III a. Chr., Latène"
825,IS-I-m-B-03688.04,Aşezare,sat VOCOTEŞTI; comuna VOINEŞTI,"Pe ambele părţi ale drumului Voiceşti - Vocoteşti, la cca. 800 m V de Şcoala Generală","Epoca bronzului târziu, cultura Noua"
826,IS-I-s-B-03689,Situl arheologic de la Volintireşti,sat VOLINTIREŞTI; comuna ALEXANDRU I. CUZA,"La cca. 1,5 km NN V de sat",
827,IS-I-m-B-03689.01,Ruine turn,sat VOLINTIREŞTI; comuna ALEXANDRU I. CUZA,"La cca. 1,5 km NN V de sat",Epoca medievală
828,IS-I-m-B-03689.02,"""Movila lui Ştefan cel Mare""",sat VOLINTIREŞTI; comuna ALEXANDRU I. CUZA,"La cca. 1,5 km NN V de sat",Epoca medievală
830,IS-II-m-B-20856,Casă,municipiul IAŞI,Str. 14 Decembrie 1989 1,sf. sec. XIX
831,IS-II-m-B-03690,Casă,municipiul IAŞI,Str. 14 Decembrie 1989 2,înc. sec. XX
832,IS-II-a-A-03691,"Biserica ""Sf. Dumitru” (Biserica Balş)",municipiul IAŞI,Str. 14 Decembrie 1989 15,1691
833,IS-II-m-B-03692,Casă,municipiul IAŞI,Stradela Alba 1,sf. sec. XIX
834,IS-II-m-B-03693,"Biserica ""Schimbarea la Faţă” (Biserica Albă, fostă ""Naşterea Maicii Domnului"")",municipiul IAŞI,Stradela Alba 3,sec. XVII
835,IS-II-m-B-03694,Casă,municipiul IAŞI,Stradela Alba 4,sf. sec. XIX
836, IS-II-m-B-03695, Casă, municipiul IAŞI, Str. Albineţ 3, sf. sec. XIX
837,IS-II-m-B-03696,Casa N.A. Bogdan,municipiul IAŞI,Str. Albineţ 4,sf. sec. XIX
838,IS-II-m-B-03697,Casă,municipiul IAŞI,Str. Albineţ 11,sf. sec. XIX
839,IS-II-m-B-03698,Casa D. Sadoveanu,municipiul IAŞI,Str. Albineţ 20,sf. sec. XIX
840,IS-II-m-B-03699,Casa Gheorghe Petrovanu Gheorghiu,municipiul IAŞI,Str. Albineţ 21,sf. sec. XIX
842,IS-II-m-B-03701,"Casa vornicului Alecsandri, azi Muzeul Teatrului",municipiul IAŞI,Str. Alecsandri Vasile 5,1810
843,IS-II-m-B-03704,"Casa revistei ""Viaţa Românească""",municipiul IAŞI,Str. Alecsandri Vasile 6,înc. sec. XX
844,IS-II-m-B-03702,"Şcoala de Arte şi Meserii, azi Biblioteca Universităţii de Medicină şi Farmacie",municipiul IAŞI,Str. Alecsandri Vasile 7,sec. XIX
845,IS-II-m-B-03703,"Palatul Cantacuzino- Pașcanu - Primăria veche, azi Starea Civilă",municipiul IAŞI,Str. Alecsandri Vasile 8,sf. sec. XVIII
846,IS-II-m-B-03705,Liceul Naţional,municipiul IAŞI,Str. Arcu 4,sf. sec. XIX
847,IS-II-m-B-03707,Casă,municipiul IAŞI,Str. Arcu 16,sec. XIX
848,IS-II-m-B-03708,Casă,municipiul IAŞI,Str. Arcu 18,sec. XIX
849,IS-II-m-B-03709,Casă,municipiul IAŞI,Str. Arcu 20,sec. XIX
850,IS-II-m-B-03710,Casă,municipiul IAŞI,Str. Armeană 9,sf. sec. XIX
851,IS-II-m-B-03711,Casă,municipiul IAŞI,Str. Armeană 17,sf. sec. XIX
852,IS-II-m-B-03712,"Ateneul armenesc, azi Casa parohială a Bisericii Armeneşti Născătoare”",municipiul IAŞI,Str. Armeană 20,1932
854,IS-II-m-B-03714,Casa Veronica Micle,municipiul IAŞI,Str. Asachi Gheorghe 14,mijl. sec. XIX
855,IS-II-m-B-03715,Casa Petrovanu,municipiul IAŞI,Str. Asachi Gheorghe 17,înc. sec. XX
856,IS-II-m-B-03716,Casa Asigurărilor de Sănătate,municipiul IAŞI,"Str. Asachi Gheorghe 18, 20",prima jum. a sec. XIX
857,IS-II-m-B-03945,"Biserica ""Duminica Tuturor Sfinţilor” - Banu",municipiul IAŞI,Str. Banu 9,înc. sec. XVIII
858,IS-II-m-B-03717,Casă,municipiul IAŞI,Fundacul Bălcescu Nicolae 6,înc. sec. XX
859,IS-II-m-B-03718,Vila Virginia,municipiul IAŞI,Str. Bălcescu Nicolae 1,sf. sec. XIX
860,IS-II-m-B-03719,"Casa Mavrocordat, Liceul ""M. Eminescu"" corp B şi corp C (cuprind în fundaţie ruinele curţii ""Curtea de la Sărărie"")",municipiul IAŞI,Str. Bălcescu Nicolae 10,sec. XVII
861,IS-II-m-B-03720,Casă,municipiul IAŞI,Str. Bălcescu Nicolae 13,mijl. sec. XIX
862,IS-II-m-B-03721,Casă,municipiul IAŞI,Str. Bălcescu Nicolae 17-A,înc.sec. XIX
863,IS-II-m-B-03722,Casă,municipiul IAŞI,Str. Bălcescu Nicolae 18,mijl.sec. XIX
864,IS-II-m-B-03723,Casă,municipiul IAŞI,Str. Bălcescu Nicolae 24,prima jum. a sec. XX
866,IS-II-m-B-03725,Inspectoratul Şcolar,municipiul IAŞI,Str. Bălcescu Nicolae 26,înc. sec. XX
867,IS-II-m-B-03726,Casă,municipiul IAŞI,Str. Bălcescu Nicolae 32,înc. sec. XX
868,IS-II-m-B-03727,Casă,municipiul IAŞI,Str. Băncii 4,înc. sec. XX
869,IS-II-m-B-03728,Casă,municipiul IAŞI,Str. Băncii 6,prima jum. a sec. XX
870,IS-II-m-B-03729,Casă,municipiul IAŞI,Str. Băncii 7,înc. sec. XX
871,IS-II-a-B-03730,Ansamblul fostei Mănăstiri Bărboi,municipiul IAŞI,Stradela Bărboi 12,sec. XIX
872,IS-II-m-B-03730.01,"Biserica ""Sf. Apostoli Petru şi Pavel""",municipiul IAŞI,Stradela Bărboi 12,1841 - 1843
873,IS-II-m-B-03730.02,"Fosta Stăreție, azi casă parohială",municipiul IAŞI,Stradela Bărboi 12,sec. XIX
874,IS-II-m-B-03730.03,Turn clopotniţă,municipiul IAŞI,Stradela Bărboi 12,1726 - 1733
875, IS-II-m-B-03731, Casă, municipiul IAŞI, Str. Bârsescu Agatha 10, sf. sec. XIX
876,IS-II-m-B-03732,Casă,municipiul IAŞI,Str. Bârsescu Agatha 11,sf. sec. XIX
877,IS-II-m-B-03733,Casă,municipiul IAŞI,Str. Bârsescu Agatha 15,înc.sec.XX
879,IS-II-a-A-03735,"Teatrul Naţional ""Vasile Alecsandri""",municipiul IAŞI,Str. Bârsescu Agatha 18,sf. sec. XIX
880,IS-II-m-A-03735.01,Prima uzină electrică,municipiul IAŞI,Str. Bârsescu Agatha 18,sf. sec. XIX
881,IS-II-m-B-03736,Spitalul de Urgenţe (corp vechi),municipiul IAŞI,"Str. Berthelot Henri M., general 2",sec. XIX
882,IS-II-m-B-03737,Casă,municipiul IAŞI,"Str. Berthelot Henri M., general 3",înc. sec. XX
883,IS-II-m-B-03738,Casă,municipiul IAŞI,"Str. Berthelot Henri M., general 5",mijl. sec. XIX
884,IS-II-m-B-03739,Casa Spiru Haret,municipiul IAŞI,"Str. Berthelot Henri M., general 12",înc. sec. XX
885,IS-II-m-B-03740,"Biserica ""Sf. Patruzeci de Mucenici”",municipiul IAŞI,"Str. Berthelot Henri M., general 12","1760, adăugiri sec. XIX"
886,IS-II-m-B-03741,Casa General Henri Mathias Berthelot,municipiul IAŞI,"Str. Berthelot Henri M., general 18",înc. sec. XX
887,IS-II-m-B-03742,Casă,municipiul IAŞI,"Str. Berthelot Henri M., general 20",înc. sec. XX
888,IS-II-m-B-03743,Casă,municipiul IAŞI,Str. Borcea 8,înc. sec. XX
889,IS-II-m-B-03744,Casă,municipiul IAŞI,Str. Borcea 12,înc. sec. XX
890,IS-II-m-B-03745,Casă,municipiul IAŞI,Str. Borcea 22,prima jum. a sec. XX
892,IS-II-m-B-03747,Casa scriitorului Octav Botez,municipiul IAŞI,Str. Botez Octav 1,înc. sec. XX
893,IS-II-m-B-03748,Şcoală (tip Spiru Haret),municipiul IAŞI,Str. Botez Octav 2,sf. sec. XIX
894,IS-II-m-B-03749,Casa Corpului Didactic,municipiul IAŞI,Str. Botez Octav 2-A,înc. sec. XX
895,IS-II-m-B-03750,"Biserica ""Sf Haralambie"" (Biserica lui Tufecci - Başa)",municipiul IAŞI,Str. Botez Octav 4,1805
896,IS-II-m-B-03751,Casa Corsescu,municipiul IAŞI,Str. Botez Octav 5,sec. XIX
897,IS-II-m-B-03752,Casă,municipiul IAŞI,Str. Botez Octav 15,înc. sec. XX
898,IS-II-m-B-03753,"Biserica ""Tăierea Capului Sf. loan Botezătorul"" (Biserica din Târgul de Sus, din Măji)",municipiul IAŞI,Str. Brătianu I.C. 14,1635
899,IS-II-m-B-03754,Casă,municipiul IAŞI,Str. Brătianu I.C. 16-A,prima jum. sec. XX
900,IS-II-m-B-03755,Casă - sediul S.C.Moldoconstruct (fostă bancă),municipiul IAŞI,Str. Brătianu I.C. 20-22,înc. sec. XX
901,IS-II-a-B-03756,Ansamblul spitalului Socola,municipiul IAŞI,Şos. Bucium 36,1877 - 1899
902,IS-II-m-A-03757,Biserica “Schimbarea La Faţă” a Mănăstirii Socola Maicii Domnului” Socola,municipiul IAŞI,Şos. Bucium 36,1819
903,IS-II-m-B-03760,Casă,municipiul IAŞI,Str. Buna Vestire 2,înc. sec. XX
904,IS-II-m-B-03761,Casă,municipiul IAŞI,Str. Buna Vestire 6,înc. sec. XX
905,IS-II-m-B-03762,Casă,municipiul IAŞI,Str. Buna Vestire 7,înc. sec. XX
906,IS-II-m-B-03763,Casa Theodor Burada,municipiul IAŞI,Str. Burada Teodor T. 4,a doua jum.a sec. XIX
907,IS-II-m-B-06064,Fostul pension E. Humpel,municipiul IAŞI,Str. Burada Teodor T. 57,a doua jum. a sec. XIX
908,IS-II-m-B-03765,"Biserica ""Sf. Treime”",municipiul IAŞI,Str. Canta 2,1853
909,IS-II-m-B-03771,Casă,municipiul IAŞI,"Str. Cantacuzino Ion, dr. 1",înc. sec. XX
910,IS-II-m-B-03772,Casă,municipiul IAŞI,"Str. Cantacuzino Ion, dr. 2",înc. sec. XX
911,IS-II-m-B-03773,Casă,municipiul IAŞI,"Str. Cantacuzino Ion, dr. 3",înc. sec. XX
912,IS-II-m-B-03774,Casă,municipiul IAŞI,"Str. Cantacuzino Ion, dr. 14",înc. sec. XX
913,IS-II-m-B-03775,Casă,municipiul IAŞI,Str. Caragiale Ion Luca 1,înc. sec. XX
914,IS-II-m-B-03776,Casă Ciucă,municipiul IAŞI,Str. Caragiale Ion Luca 9,înc. sec. XX
916,IS-II-m-B-03778,"Casa Cantacuzino- Paşcanu, azi Clubul Copiilor",municipiul IAŞI,Bd. Carol I 2,sec. XIX
917,IS-II-m-B-03779,Casa Dimitrie Ghika,municipiul IAŞI,Bd. Carol I 3,1831
918,IS-II-a-B-03780,Ansamblul Spitalului Militar,municipiul IAŞI,Bd. Carol I 6,mijl. sec. XIX
919,IS-II-m-B-03780.01,Spitalul Militar Corp Vechi,municipiul IAŞI,Bd. Carol I 6,mijl.sec. XIX
920,IS-II-m-B-03780.02,Parc,municipiul IAŞI,Bd. Carol I 6,mijl.sec. XIX
921,IS-II-m-B-03781,Casa C. B. Pencescu,municipiul IAŞI,Bd. Carol I 7,prima jumătate a sec. XX
922,IS-II-m-B-03782,"Casa Logofătului Nicolae Canta, azi Restaurant ""Casa Universitarilor""",municipiul IAŞI,Bd. Carol I 9,1800
923,IS-II-m-B-03783,"Universitatea ""Alexandru Ioan Cuza”",municipiul IAŞI,Bd. Carol I 11,"1893 - 1897, cu extindere sec.XX"
924,IS-II-m-B-03784,"Muzeul de Antichităţi, azi Catedra de Ştiinţe Sociale– Universitatea „Alexandru Ioan Cuza”",municipiul IAŞI,Bd. Carol I 19,"sec. XIX, refaceri sec. XX"
925,IS-II-m-B-03785,Casa Jora,municipiul IAŞI,Bd. Carol I 21,a doua jum. a sec. XIX
927,IS-II-m-B-03787,"Casa Costin Catargiu, azi sediu Facultatea de Istorie",municipiul IAŞI,Bd. Carol I 24,1824
928,IS-II-m-B-03788,Casa Vălescu,municipiul IAŞI,Bd. Carol I 25,a doua jum. sec. XIX
929,IS-II-m-B-03789,Casa Racoviţă (Micul Trianon) azi Centrul Cultural Francez,municipiul IAŞI,Bd. Carol I 26,a doua jum. sec. XIX
930,IS-II-m-B-03790,"Casa Sturdza - E. Diaconescu, azi sediu Camera de Comerţ",municipiul IAŞI,Bd. Carol I 27,"sf. sec. XIX, refaceri sec. XX"
931,IS-II-m-B-03791,Casă,municipiul IAŞI,Bd. Carol I 29,prima jum. sec. XIX
932,IS-II-m-B-03792,Casă,municipiul IAŞI,Bd. Carol I 48,prima jum. sec. XX
933,IS-II-m-B-03793,Spital Clinic nr. 2,municipiul IAŞI,Bd. Carol I 50,sec. XX
934,IS-II-m-B-03794,Casa Kamner,municipiul IAŞI,Bd. Carol I 54,prima jum. sec. XX
935,IS-II-m-B-03795,Şcoală (tip Spiru Haret),municipiul IAŞI,Str. Catargiu Lascăr 28,înc. sec. XX
936,IS-II-m-B-03796,Casa Petre Andrei,municipiul IAŞI,Str. Catargiu Lascăr 29,înc. sec. XX
937,IS-II-m-B-03797,"Palatul Grigore Sturdza, azi sediu Televiziunea Română Iaşi sediu grădiniţă",municipiul IAŞI,Str. Catargiu Lascăr 33,sec. XIX
939,IS-II-m-B-03799,Casa Stoicescu - Mărculescu,municipiul IAŞI,Str. Catargiu Lascăr 58,mijl. sec. XIX
940,IS-II-m-B-03800,Şcoală,municipiul IAŞI,Str. Catargiu Lascăr 66,înc. sec. XX
941,IS-II-m-B-03801,Casa Zbranca -Manolache,municipiul IAŞI,Str. Cazimir Otilia 2,sec. XIX
942,IS-II-m-B-03802,Casa memorială Otilia Cazimir,municipiul IAŞI,Str. Cazimir Otilia 4,prima jum. sec. XX
943,IS-II-m-B-03803,Casa Stoica,municipiul IAŞI,Str. Cazimir Otilia 6,sec. XIX
944,IS-II-m-B-03804,Casa Racoviţă,municipiul IAŞI,Str. Cazimir Otilia 21,sec. XIX
945,IS-II-m-B-03805,Casă,municipiul IAŞI,Str. Cazimir Otilia 25,mijl. sec. XIX
946,IS-II-a-A-03806,Mănăstirea Cetăţuia,municipiul IAŞI,Str. Cetăţuia 1,sec. XVII - XX
947,IS-II-m-A-03806.01,"Biserica ""Sf. Apostoli Petru şi Pavel“",municipiul IAŞI,Str. Cetăţuia 1,1669 - 1672
948,IS-II-m-A-03806.02,Sala Gotică,municipiul IAŞI,Str. Cetăţuia 1,1669 - 1672
949,IS-II-m-A-03806.03,Casa Domnească,municipiul IAŞI,Str. Cetăţuia 1,1669 - 1672
950,IS-II-m-A-03806.04,Corp chilii,municipiul IAŞI,Str. Cetăţuia 1,1928
952,IS-II-m-A-03806.06,Zid de incintă,municipiul IAŞI,Str. Cetăţuia 1,1770
953,IS-II-m-B-03807,"Biserica ""Sf. Gheorghe” şi ""Sf. Ecaterina” Lozonschi",municipiul IAŞI,Str. Cloşca 2,1800
954,IS-II-m-B-03808,"Facultatea de Teologie Ortodoxă, fostul palat Mihai Sturza",municipiul IAŞI,Str. Cloşca 9,sec. XIX
955,IS-II-m-B-03810,Casa A.D. Xenopol,municipiul IAŞI,Str. Conta Vasile 9,sf. sec. XIX
956,IS-II-m-B-03811,Casă,municipiul IAŞI,Str. Conta Vasile 11,înc. sec. XX
957,IS-II-m-B-03812,Casă,municipiul IAŞI,Str. Conta Vasile 13,înc. sec. XX
958,IS-II-m-B-03813,Casa Brănişteanu,municipiul IAŞI,Str. Conta Vasile 18,înc. sec. XX
959,IS-II-m-B-03814,Hotel Binder,municipiul IAŞI,Str. Conta Vasile 23,a doua jum.sec. XIX
960,IS-II-m-B-03815,Procuratură,municipiul IAŞI,Str. Conta Vasile 28,înc. sec. XX
961,IS-II-m-B-03816,Casa Rolla,municipiul IAŞI,Str. Conta Vasile 30,sec. XIX
962,IS-II-m-B-03817,Casă,municipiul IAŞI,Aleea Copou 2,sf. sec. XIX
963,IS-II-m-B-03818,Casă,municipiul IAŞI,Aleea Copou 3,înc. sec. XX
965,IS-II-m-B-03820,Casă,municipiul IAŞI,Aleea Copou 4bis,înc. sec. XX
966,IS-II-m-B-03821,Casă,municipiul IAŞI,Aleea Copou 7,înc. sec. XX
967,IS-II-m-B-03822,Casă,municipiul IAŞI,Aleea Copou 10,înc. sec. XX
968,IS-II-m-A-03823,Casă,municipiul IAŞI,Aleea Copou 11,înc. sec. XX
969,IS-II-m-B-03824,Casă,municipiul IAŞI,Aleea Copou 11-A,înc. sec. XX
970,IS-II-m-B-03825,Casă,municipiul IAŞI,Aleea Copou 14,înc. sec. XX
971,IS-II-m-B-03826,"Fosta Şcoală Pedagogică, azi corpul D Universitatea ""Al. I. Cuza"" Iaşi",municipiul IAŞI,Str. Cozma Toma 3,sf. sec. XIX
972,IS-II-m-B-03827,"Colegiul Naţional ""Costache Negruzzi'""",municipiul IAŞI,Str. Cozma Toma 4,1895
973,IS-II-m-B-03828,"Şcoala generală ""Carol I“",municipiul IAŞI,Str. Cozma Toma 6,sf. sec. XIX
974,IS-II-m-B-03829,Casă,municipiul IAŞI,Str. Cozma Toma 16-A,înc. sec. XX
975,IS-II-m-B-03830,Casă,municipiul IAŞI,Str. Creangă Ion 2,sf. sec. XIX
976,IS-II-m-B-03831,Casă,municipiul IAŞI,Str. Creangă Ion 4,sf. sec. XIX
978,IS-II-m-B-03833,Casă,municipiul IAŞI,Str. Creangă Ion 10,sf. sec. XIX
979,IS-II-m-B-03766,Casă,municipiul IAŞI,Str. Crişan 4,sec. XX
980,IS-II-m-B-03768,Casă,municipiul IAŞI,Str. Crişan 12,sf. sec. XIX
981,IS-II-m-B-03769,Baia comunală,municipiul IAŞI,Str. Crişan 16,sf. sec. XIX
982,IS-II-m-B-03770,Casă,municipiul IAŞI,Str. Crişan 18,sf. sec. XIX
983,IS-II-m-B-03834,"Biserica ""Pogorârea Sf. Duh” - Curelari",municipiul IAŞI,Str. Curelari 2,mijl. sec. XVIII
984,IS-II-m-B-03835,"Casa ""Chateau aux Fleurs”",municipiul IAŞI,Fundacul Cuza Vodă 1,sec. XIX
985,IS-II-m-B-03836,Casă (locuinţe şi spaţii comerciale),municipiul IAŞI,Str. Cuza Vodă 1,sec. XVIII
986,IS-II-m-B-03837,"Palatul „Braunstein“ – sala de expoziţii a Uniunii Artiştilor Plastici, locuinţe la etaj",municipiul IAŞI,Str. Cuza Vodă 2,sf. sec. XIX
987,IS-II-m-B-03838,"Palatul Neuschotz, azi Restaurant ""Select“",municipiul IAŞI,Str. Cuza Vodă 2,înc. sec. XX
988,IS-II-m-B-03839,"Casa Balş-Sturza, azi Direcţia Judeţeană de Poştă Iaşi",municipiul IAŞI,Str. Cuza Vodă 3,1835 - 1850
990,IS-II-m-B-03841,Casă,municipiul IAŞI,Str. Cuza Vodă 5,sec. XX
991,IS-II-m-B-03842,Casă,municipiul IAŞI,Str. Cuza Vodă 9,înc. sec. XX
992,IS-II-m-B-03843,Fostul sediu Banc Post,municipiul IAŞI,Str. Cuza Vodă 10,sec. XX
993,IS-II-m-B-03844,Casă,municipiul IAŞI,Str. Cuza Vodă 11,înc. sec. XX
994,IS-II-m-B-03845,"Farmacia ""Ghiţun“",municipiul IAŞI,Str. Cuza Vodă 27,prima jum. sec. XX
995,IS-II-a-B-03846,"Filarmonica ""Moldova""",municipiul IAŞI,Str. Cuza Vodă 29,sec. XIX
996,IS-II-m-B-03846.01,"""Notre Dame de Sion""",municipiul IAŞI,Str. Cuza Vodă 29,1860
997,IS-II-m-B-03846.02,Casa Alecu Balş,municipiul IAŞI,Str. Cuza Vodă 29,1815
998,IS-II-a-B-03847,Maternitatea Cuza Vodă,municipiul IAŞI,Str. Cuza Vodă 34,1807
999,IS-II-m-B-03847.01,Casa marelui vornic Grigore Ghica,municipiul IAŞI,Str. Cuza Vodă 34,1807
1000,IS-II-m-B-03847.02,Maternitatea Cuza Vodă,municipiul IAŞI,Str. Cuza Vodă 34,înc.sec. XX
1001,IS-II-m-B-03848,Casă Academia Română,municipiul IAŞI,Str. Cuza Vodă 37,înc. sec. XX
1003,IS-II-m-B-03850,Casă,municipiul IAŞI,Str. Cuza Vodă 43,înc. sec. XX
1004,IS-II-m-B-03851,Casă,municipiul IAŞI,Str. Cuza Vodă 45,sf. sec. XIX
1005,IS-II-a-A-03852,Ansamblul Mănăstirii Golia,municipiul IAŞI,Str. Cuza Vodă 51,sec. XVI - XVIII
1006,IS-II-m-A-03852.01,"Biserica ""Înălţarea Domnului”",municipiul IAŞI,Str. Cuza Vodă 51,1652 - 1660
1007,IS-II-m-A-03852.02,Stăreţie,municipiul IAŞI,Str. Cuza Vodă 51,sec. XVII
1008,IS-II-m-A-03852.03,Casa Apelor,municipiul IAŞI,Str. Cuza Vodă 51,1804
1009,IS-II-m-A-03852.04,Casa Ion Creangă,municipiul IAŞI,Str. Cuza Vodă 51,1691
1010,IS-II-m-A-03852.05,Cişmea,municipiul IAŞI,Str. Cuza Vodă 51,1766
1011,IS-II-m-A-03852.06,Turnuri de colţ,municipiul IAŞI,Str. Cuza Vodă 51,1667 - 1668
1012, IS-II-m-A-03852.07, Turn clopotniţă, municipiul IAŞI, Str. Cuza Vodă 51, prima jum. sec. XVII
1013,IS-II-m-A-03852.08,Zid de incintă,municipiul IAŞI,Str. Cuza Vodă 51,1667 - 1668
1014,IS-II-m-B-03853,"Casă, azi sediu OCOTA",municipiul IAŞI,Str. Cuza Vodă 53,sec. XIX
1016,IS-II-m-B-03855,Casă- Starea Civilă,municipiul IAŞI,Str. Dancu 2,sf. sec. XIX
1017,IS-II-m-B-03856,Casă,municipiul IAŞI,Str. Dumbrava Roşie 3,înc. sec. XX
1018,IS-II-m-B-03857,Casă,municipiul IAŞI,Str. Dumbrava Roşie 3-A,înc. sec. XX
1019,IS-II-m-B-03858,Casă,municipiul IAŞI,Str. Dumbrava Roşie 5,înc. sec. XX
1020,IS-II-m-B-03859,Casă,municipiul IAŞI,Str. Dumbrava Roşie 6,prima jum. sec. XX
1021,IS-II-m-B-03860,Sinagoga Merarilor,municipiul IAŞI,Str. Elena Doamna 13,sf. sec. XIX
1022,IS-II-m-B-03861,"""Casa de la cinci drumuri“, sediul Comunităţii Evreilor",municipiul IAŞI,Str. Elena Doamna 15,1820
1023,IS-II-m-B-03862,Casă,municipiul IAŞI,Str. Elena Doamna 33,prima jum. sec. XX
1024,IS-II-m-B-03863,Biserica Apostolică,municipiul IAŞI,Str. Elena Doamna 35,înc. sec. XX
1025,IS-II-m-B-03864,Casă,municipiul IAŞI,Str. Elena Doamna 37,mijl.sec. XIX
1026,IS-II-m-B-03865,Casă,municipiul IAŞI,Str. Elena Doamna 39,a doua jum.sec. XIX
1027,IS-II-m-B-03866,"Casă Maternitatea ""Elena",municipiul IAŞI,Str. Elena Doamna 47,prima jum. a sec. XX
1029,IS-II-m-B-03868,Casa Otto Briese,municipiul IAŞI,Str. Eminescu Mihai 1,înc. sec. XX
1030,IS-II-m-B-03869,Casă,municipiul IAŞI,Str. Eminescu Mihai 4,sf. sec. XIX
1031,IS-II-m-B-03870,Casă,municipiul IAŞI,Str. Eminescu Mihai 6,înc. sec. XX
1032,IS-II-m-B-03871,Casă,municipiul IAŞI,Str. Eminescu Mihai 7,înc. sec. XX
1033,IS-II-m-B-03872,Casă,municipiul IAŞI,Str. Eminescu Mihai 7-A,a doua jum. sec. XIX
1034,IS-II-m-B-03873,Casă,municipiul IAŞI,Str. Eminescu Mihai 13,înc. sec. XX
1035,IS-II-m-B-03874,"Şcoală tip ""Spiru Haret""",municipiul IAŞI,Str. Eternităţii 37,înc. sec. XX
1036,IS-II-m-B-03875,Casă,municipiul IAŞI,Str. Eternităţii 69,a doua jum. sec. XIX
1037,IS-II-m-B-03876,Casa Anastasie Fătu,municipiul IAŞI,Str. Florilor 1,a doua jum. a sec. XIX
1038,IS-II-m-B-03877,Casă,municipiul IAŞI,Str. Gane Nicolae 1,a doua jum. a sec. XIX
1039,IS-II-m-B-03878,Casa Eugen Botez,municipiul IAŞI,Str. Gane Nicolae 3,a doua jum. a sec. XIX
1040,IS-II-m-B-03879,Casă,municipiul IAŞI,Str. Gane Nicolae 7,a doua jum. a sec. XIX
1042,IS-II-m-B-03881,Casă,municipiul IAŞI,Str. Gane Nicolae 11,a doua jum. sec. XIX
1043,IS-II-m-B-03882,Casă,municipiul IAŞI,Str. Gane Nicolae 13,a doua jum. a sec. XIX
1044,IS-II-m-B-03883,Casă,municipiul IAŞI,Str. Gane Nicolae 14,a doua jum. a sec. XIX
1045,IS-II-m-B-03884,Casă,municipiul IAŞI,Str. Gane Nicolae 15,a doua jum. a sec. XIX
1046,IS-II-m-B-03885,Tribunalul Judecătorului Sindic,municipiul IAŞI,Str. Gane Nicolae 20-A,înc. sec. XX
1047,IS-II-m-B-03886,Casă,municipiul IAŞI,Str. Gane Nicolae 21,înc. sec. XX
1048,IS-II-m-B-03887,Casa scriitorului Nicolae Gane - Muzeul Literaturii Române,municipiul IAŞI,Str. Gane Nicolae 22-A,înc. sec. XIX
1049,IS-II-m-B-03888,Casa Adela Kogălniceanu,municipiul IAŞI,Str. Gane Nicolae 23,a doua jum. a sec. XIX
1050,IS-II-m-B-03889,Casă,municipiul IAŞI,Str. Gane Nicolae 27,înc. sec. XX
1051,IS-II-m-B-03890,Casă,municipiul IAŞI,Str. Gane Nicolae 34,înc. sec. XX
1052,IS-II-m-B-03891,Gara,municipiul IAŞI,Piaţa Gării,1863
1053,IS-II-a-B-03892,"Ansamblu urbanistic ""Pavilioanele CFR"" ""Vama Veche“",municipiul IAŞI,Str. Gării 2,înc. sec. XX
1055,IS-II-m-A-03894,Casă,municipiul IAŞI,Str. Gându 1,a doua jum. a sec. XIX
1056,IS-II-m-B-03895,Casă,municipiul IAŞI,Str. Gându 1-A,înc. sec. XX
1057,IS-II-m-B-20189,Casă,municipiul IAŞI,Str. Gându 6,sec. XIX
1058,IS-II-m-B-20187,Cazarma Copou,municipiul IAŞI,Aleea Ghica Grigore 2,sec. XIX
1059,IS-II-m-B-20188,Casa Ştefan Procopiu,municipiul IAŞI,Aleea Ghica Grigore 10,înc. sec. XX
1060,IS-II-m-B-03896,Casă,municipiul IAŞI,Aleea Ghica Grigore 30,prima jum. sec. XX
1061,IS-II-m-B-03897,Casă,municipiul IAŞI,Aleea Ghica Grigore 32,prima jum. a sec. XX
1062,IS-II-m-B-03898,Casa C. Balmuş,municipiul IAŞI,Aleea Ghica Grigore 40,prima jum. a sec. XX
1063,IS-II-m-B-03899,Casă,municipiul IAŞI,Aleea Ghica Grigore 42,a doua jum. a sec. XIX
1064,IS-II-m-B-03900,Casă,municipiul IAŞI,Aleea Ghica Grigore 44,a doua jum. a sec. XIX
1065,IS-II-m-A-03901,Casă,municipiul IAŞI,Aleea Ghica Grigore 45,înc. sec. XX
1066,IS-II-m-B-03902,Casă,municipiul IAŞI,Aleea Ghica Grigore 46,înc. sec. XX
1068,IS-II-m-B-03904,Casă,municipiul IAŞI,Aleea Ghica Grigore 50,prima jum. a sec. XX
1069,IS-II-m-B-03905,"Spitalul Universitar de Psihiatrie Neurologie – secţia ""Ghelerter“",municipiul IAŞI,Str. Ghica Vodă 21,a doua jum. a sec. XIX
1070,IS-II-m-B-03906,"Şcoala ""Carmen Sylva""",municipiul IAŞI,Str. Ghica Vodă 24,înc. sec. XX
1071,IS-II-a-A-03907,Ansamblul fostei Mănăstiri Barnovschi,municipiul IAŞI,Str. Ghica Vodă 26,sec. XVII
1072,IS-II-m-A-03907.01,"Biserica ""Adormirea Maicii Domnului” Barnovschi",municipiul IAŞI,Str. Ghica Vodă 26,1628
1073,IS-II-m-A-03907.02,Casa egumenească (beciuri),municipiul IAŞI,Str. Ghica Vodă 26,1786
1074,IS-II-m-A-03907.03,Chilii - ruine,municipiul IAŞI,Str. Ghica Vodă 26,sec. XVII
1075,IS-II-m-A-03907.04,Turn clopotniţă,municipiul IAŞI,Str. Ghica Vodă 26,sec. XVII
1076,IS-II-m-B-03908,"Biserica ""Sf. Lazăr” (Biserica de la Vama cea Mare)",municipiul IAŞI,Str. Gusti Dimitrie 1,sf. sec. XVIII
1077,IS-II-m-B-03909,Casă,municipiul IAŞI,Str. Haşdeu Petriceicu Bogdan 4,înc. sec. XX
1078,IS-II-m-B-03910,Casă Universitatea de Arte,municipiul IAŞI,Str. Horia 2,înc.sec. XX
1080,IS-II-m-B-03912,"Şcoală tip ""Spiru Haret""",municipiul IAŞI,Str. Horia 10,înc. sec. XX
1081,IS-II-m-B-03913,Casa scriitorului Costache Negruzzi,municipiul IAŞI,Str. Horia 13,înc. sec. XIX
1082,IS-II-a-B-03914,"Ansamblul spitalului ""Sf. Spiridon“",municipiul IAŞI,Bd. Independenţei 1,1756 - 1758
1083,IS-II-m-B-03914.01,"Biserica ""Sf. Spiridon”",municipiul IAŞI,Bd. Independenţei 1,înc. sec. XIX
1084,IS-II-m-B-03914.02,"Clinica chirurgie I+III, A.T.I.",municipiul IAŞI,Bd. Independenţei 1,înc.sec. XX
1085,IS-II-m-B-03914.03,"Clinicile de chirurgie, Pavilionul 3",municipiul IAŞI,Bd. Independenţei 1,1757
1086,IS-II-m-B-03914.04,"Clinica dermato, endocrine Pavilionul 4",municipiul IAŞI,Bd. Independenţei 1,1895
1087,IS-II-m-B-03914.05,"Clinica oftamologică, clinica I medicală, clinica ORL, clinica diabet, clinica a IV medicală, Pavilionul 5",municipiul IAŞI,Bd. Independenţei 1,1941
1088,IS-II-m-B-03914.06,"Clinica a III medicală, Pavilionul 6",municipiul IAŞI,Bd. Independenţei 1,1895
1089,IS-II-m-B-03914.07,"Clinica radiologie, oncologie, imunologie, radiologie imagistică; pavilionul 9",municipiul IAŞI,Bd. Independenţei 1,prima jum. a sec. XX
1091,IS-II-m-B-03914.09,Cişmea (2),municipiul IAŞI,Bd. Independenţei 1,1765
1092,IS-II-m-B-03914.10,Turn clopotniţă,municipiul IAŞI,Bd. Independenţei 1,1786
1093,IS-II-m-B-03914.11,Zid de incintă,municipiul IAŞI,Bd. Independenţei 1,sec. XVIII
1094,IS-II-m-B-03915,Muzeul de Istorie Naturală - birouri,municipiul IAŞI,Bd. Independenţei 3,a doua jum. a sec. XIX
1095,IS-II-m-B-03916,"Casa Asigurării Meşteşugarilor, azi policlinică stomatologică",municipiul IAŞI,Bd. Independenţei 6-8,sec. XX
1096,IS-II-m-B-03917,"Casa Roset, azi Muzeul de Istorie Naturală",municipiul IAŞI,Bd. Independenţei 16,înc. sec. XIX
1097,IS-II-m-B-03918,Casa Petru Poni,municipiul IAŞI,Str. Kogălniceanu Mihail 7-B,1919 - 1939
1098,IS-II-m-B-03919,Casa Mihail Kogălniceanu,municipiul IAŞI,Str. Kogălniceanu Mihail 11,prima jum. a sec. XIX
1099,IS-II-m-B-03920,Casă,municipiul IAŞI,Str. Kogălniceanu Mihail 12,sf. sec. XIX
1100,IS-II-m-B-03921,"Casa Alexandru Philippide, azi Laboratorul de testare a medicamentelor",municipiul IAŞI,Str. Kogălniceanu Mihail 13,sf. sec. XIX
1101,IS-II-m-B-03922,Casă Teodoreanu,municipiul IAŞI,Str. Kogălniceanu Mihail 16,a doua jum. a sec. XIX
1103,IS-II-m-B-03924,Casă,municipiul IAŞI,"Str. Langa Nicolae, colonel 5",a doua jum a sec. XIX
1104,IS-II-m-B-03925,Casă,municipiul IAŞI,"Str. Langa Nicolae, colonel 7",a doua jum. a sec. XIX
1105,IS-II-m-B-03926,Casă,municipiul IAŞI,"Str. Langa Nicolae, colonel 11",a doua jum. a sec. XIX
1106,IS-II-m-B-03927,Casă,municipiul IAŞI,"Str. Langa Nicolae, colonel 13",a doua jum. a sec. XIX
1107,IS-II-m-B-03928,Casă,municipiul IAŞI,"Str. Langa Nicolae, colonel 15",a doua jum. a sec. XIX
1108,IS-II-m-B-03929,Casa Drossu,municipiul IAŞI,Str. Lăpuşneanu Alexandru 7-9,sec. XIX
1109,IS-II-m-A-03930,Palatul domnitorului Alexandru Ioan Cuza (azi Muzeul „Unirii“ - Complexul Naţional Muzeal Moldova),municipiul IAŞI,Str. Lăpuşneanu Alexandru 14,1806
1110,IS-II-m-B-03931,Casa Hălăceanu,municipiul IAŞI,Str. Lăpuşneanu Alexandru 18,1902
1111,IS-II-m-B-03932,Palatul Telefoanelor,municipiul IAŞI,Str. Lăpuşneanu Alexandru 22,1927
1112,IS-II-m-B-03933,Casă,municipiul IAŞI,Str. Maiorescu Titu 1,1895 - 1896
1113,IS-II-m-B-03934,Casă,municipiul IAŞI,Str. Maiorescu Titu 7,sf. sec. XIX
1115,IS-II-m-B-03936,Casă,municipiul IAŞI,Str. Maiorescu Titu 11,sf. sec. XIX
1116,IS-II-m-B-03937,Casă,municipiul IAŞI,Str. Maiorescu Titu 12,înc. sec. XX
1117,IS-II-m-B-03938,Casă,municipiul IAŞI,Str. Manolescu 4,înc. sec. XX
1118,IS-II-m-B-03939,Casa călăului (Casa Moruzi),municipiul IAŞI,Str. Manta Roşie 17,sec. XIX
1119,IS-II-m-A-03940,Ansamblul Mănăstirii Galata,municipiul IAŞI,Str. Mănăstirii 4,1582 - 1583
1120,IS-II-m-A-03940.01,"Biserica ""Înălţarea Domnului“",municipiul IAŞI,Str. Mănăstirii 4,1582 - 1583
1121,IS-II-m-A-03940.02,Palat domnesc,municipiul IAŞI,Str. Mănăstirii 4,1726 - 1728
1122,IS-II-m-A-03940.03,Turn clopotniţă,municipiul IAŞI,Str. Mănăstirii 4,1584
1123,IS-II-m-A-03940.04,Zid de incintă,municipiul IAŞI,Str. Mănăstirii 4,1584
1124, IS-II-m-B-03941," Universitatea ""Al. I. Cuza“, corp administrativ", municipiul IAŞI, Aleea Micle Veronica 1, înc. sec. XX
1125,IS-II-m-B-03942,Casă,municipiul IAŞI,Aleea Micle Veronica 8,înc. sec. XX
1126,IS-II-m-B-03943,Casă,municipiul IAŞI,Aleea Micle Veronica 10,sf. sec. XIX
1128,IS-II-m-B-03946,Casa Sion,municipiul IAŞI,Str. Muzicescu Gavril 9,sf. sec. XIX
1129,IS-II-m-B-03947,Casa Ghica,municipiul IAŞI,Str. Muzicescu Gavril 10,1820
1130,IS-II-m-B-03948,Casă,municipiul IAŞI,Str. Muzicescu Gavril 12,sec. XIX
1131,IS-II-m-B-03949,Casă,municipiul IAŞI,Str. Muzicescu Gavril 14,sec. XIX
1132,IS-II-m-B-03950,Casă,municipiul IAŞI,Str. Muzicescu Gavril 14,sec. XIX
1133,IS-II-m-B-03951,Casă (Fostul Conservator de Muzică),municipiul IAŞI,Str. Muzicescu Gavril 18,înc. sec. XX
1134,IS-II-m-B-03952,Podul de piatră peste Bahlui,municipiul IAŞI,Şos. Naţională,înc. sec. XIX
1135,IS-II-m-B-03953,"Fosta manufactură de tutun, azi Fabrica de Ţigarete",municipiul IAŞI,Şos. Naţională 1,1894
1136,IS-II-a-A-03954,"Ansamblul fostei Mănăstiri ""Sf. Sava""",municipiul IAŞI,Str. Negri Costache 44,1625
1137,IS-II-m-A-03954.01,"Biserica ""Adormirea Maicii Domnului”",municipiul IAŞI,Str. Negri Costache 44,1625
1138,IS-II-m-A-03954.02,Anexe (ruine),municipiul IAŞI,Str. Negri Costache 44,1625
1139,IS-II-m-A-03954.03,Zid de incintă Meserii,municipiul IAŞI,Str. Negri Costache 44,1625
1141,IS-II-m-B-03956,"Biserica ""Sf. Ioan cel Nou"" -Nicoriţa",municipiul IAŞI,Str. Nicoriţă 1,1626 - 1629
1142,IS-II-a-A-03957,Ansamblul Palatului Culturii,municipiul IAŞI,Piaţa Palat 1,înc. sec. XX
1143,IS-II-m-A-03957.01,Palatul Culturii,municipiul IAŞI,Piaţa Palat 1,înc. sec. XX
1144,IS-II-m-A-03957.02,Ruinele Curţii domneşti,municipiul IAŞI,Piaţa Palat 1,sec. XV - XVIII
1145,IS-II-m-B-03958,Casă,municipiul IAŞI,Str. Pallady Theodor 9-A,înc. sec. XX
1146,IS-II-m-B-03959,Casa pictorului Theodor Pallady,municipiul IAŞI,Str. Pallady Theodor 10-B,mijl. sec. XIX
1147,IS-II-m-B-03960,Casa Sibi,municipiul IAŞI,Str. Pallady Theodor 12,înc. sec. XX
1148,IS-II-m-B-03961,Pivniţele casei cronicarului Grigore Ureche,municipiul IAŞI,"Str. Panu Anastasie, la intersecţia cu Str. Adamache",sec. XVII
1149,IS-II-m-B-03962,"Biserica ""Sf. Nicolae Domnesc"" şi fragmente din zidul de incintă",municipiul IAŞI,Str. Panu Anastasie 65,"1884 - 1904, construită pe locul bisericii din 1491 - 1492"
1150,IS-II-m-A-03963,Muzeul Tiparului „Casa Dosoftei“ - Muzeul Literaturii Române,municipiul IAŞI,Str. Panu Anastasie 69,1677
1151,IS-II-m-B-03964,"Biblioteca Centrală Universitară ""Mihai Eminescu"" Sus”",municipiul IAŞI,Str. Păcurari 4,1934
1153,IS-II-m-B-03966,Casa Missir,municipiul IAŞI,Str. Păcurari 8,înc. sec. XX
1154,IS-II-m-B-03967,"Casa Canano (prima închisoare), azi Universitatea ""Al. I. Cuza“",municipiul IAŞI,Str. Păcurari 9,sf. sec. XIX - sec. XX
1155,IS-II-m-B-03968,Casă,municipiul IAŞI,Str. Păcurari 10,înc. sec. XX
1156,IS-II-m-B-03969,"Casa Beldiman-Penescu, azi Universitatea Apollonia",municipiul IAŞI,Str. Păcurari 11,înc. sec. XIX
1157,IS-II-m-B-03970,Casă,municipiul IAŞI,Str. Păcurari 12,a doua jum. a sec. XIX
1158,IS-II-m-B-03971,Casa Gheorghe Racoviţă,municipiul IAŞI,Str. Păcurari 17,a doua jum. a sec. XIX
1159,IS-II-m-B-03972,Casă,municipiul IAŞI,Str. Păcurari 17-A,înc.sec. XX
1160,IS-II-m-B-03973,Casa Pleşa - Lepădatu,municipiul IAŞI,Str. Păcurari 19,sf. sec. XIX
1161,IS-II-m-B-03974,Casă (Casa scriitorului Iacob Negruzzi),municipiul IAŞI,Str. Păcurari 21,înc. sec. XIX
1162,IS-II-m-B-03975,Casa Praja,municipiul IAŞI,Str. Păcurari 23,înc. sec. XX
1163,IS-II-m-B-03976,"Casa Anton Naum, azi grădiniţă",municipiul IAŞI,Str. Păcurari 25,sf. sec. XIX
1164,IS-II-m-B-03977,"Casa Buicliu, azi Biblioteca judeţeană ""Gh. Asachi“",municipiul IAŞI,Str. Păcurari 29,sf. sec. XIX
1166,IS-II-m-B-03979,Casa Verussi,municipiul IAŞI,Str. Păcurari 45,înc. sec. XX
1167,IS-II-m-B-03980,Casă,municipiul IAŞI,Str. Păcurari 47,înc. sec. XX
1168,IS-II-m-B-03981,Casa O. Mayer,municipiul IAŞI,Str. Păcurari 51-A,a doua jum. a sec. XIX
1169,IS-II-m-B-03982,Casă,municipiul IAŞI,Str. Păcurari 54,sf. sec. XIX
1170,IS-II-m-B-03983,Casa Bădărău,municipiul IAŞI,Str. Păcurari 58,a doua jum. a sec. XIX
1171,IS-II-m-B-03984,Casă,municipiul IAŞI,Str. Păcurari 66,a doua jum. a sec. XIX
1172,IS-II-m-B-03985,Casă,municipiul IAŞI,Str. Păcurari 73,sf. sec. XIX
1173,IS-II-m-B-03986,Casa Bratu,municipiul IAŞI,Str. Păcurari 74,sf. sec. XIX
1174,IS-II-m-B-03987,Casă,municipiul IAŞI,Str. Păcurari 75,sf. sec. XIX
1175,IS-II-m-B-03988,Casa Ermacov,municipiul IAŞI,Str. Păcurari 77,sf. sec. XIX
1176,IS-II-m-B-03989,Casă,municipiul IAŞI,Str. Păcurari 77-B,sf. sec. XIX
1177,IS-II-m-B-03990,Casa Papp,municipiul IAŞI,Str. Păcurari 83,sf. sec. XIX
1179,IS-II-m-B-03992,Fabrica de Tricotaje ”Moldova” (corp vechi) şi sediu Mica Industrie,municipiul IAŞI,Str. Păcurari 115,sf. sec. XIX
1180,IS-II-a-B-03993,"Ansamblul urbanistic de locuinţe ""Pavilioanele C.F.R.""- 15 clădiri",municipiul IAŞI,"Str. Peneş Curcanu, Cartier Aurora -str. Aurora nr. 15, 17, 18, 20, stradela Macazului nr. 2 şi 4, strada Macazului 2, 3, 4,5, 6, 10, 14, 16","prima jum. a sec. XX 8,"
1181,IS-II-m-B-03994,Casă,municipiul IAŞI,Str. Petru Rareş 4,sf. sec. XIX
1182,IS-II-m-B-03995,Casă,municipiul IAŞI,Str. Petru Rareş 6,înc. sec. XIX
1183,IS-II-m-B-03996,Casă,municipiul IAŞI,Str. Petru Rareş 11,înc. sec. XX
1184,IS-II-m-B-03997,Casă,municipiul IAŞI,Str. Petru Rareş 13,înc. sec. XX
1185,IS-II-m-B-03998,Casă,municipiul IAŞI,Str. Petru Rareş 17,înc. sec. XX
1186,IS-II-m-B-03999,Casă,municipiul IAŞI,Str. Petru Rareş 21,sf. sec. XIX
1187,IS-II-m-B-04000,Casă,municipiul IAŞI,Str. Petru Rareş 23,prima jum. a sec. XX
1188,IS-II-m-B-03759,"Palatul Mihai Sturza, azi Sediu S.C. Agroindustriala Bucium Chiril"" (Biserica Copou)",municipiul IAŞI,Fundac Plopii fără Soţ 18-22,1819
1190,IS-II-m-B-04358,"Casa memorială ""Vasile Pogor""",municipiul IAŞI,Str. Pogor Vasile 4,1855 - 1858
1191,IS-II-m-B-04002,Casa Baldovici - Wachtel,municipiul IAŞI,Str. Pojarniciei 1,a doua jum. a sec. XIX
1192,IS-II-m-B-04003,Casa Ana Conta Kernbach,municipiul IAŞI,Str. Pojarniciei 3,sec. XIX
1193,IS-II-m-B-04004,Casă,municipiul IAŞI,Str. Pojarniciei 4,sec. XIX
1194,IS-II-m-B-04005,Casa Baldovici - Wachtel,municipiul IAŞI,Str. Potcoavei 4,prima jum. a sec. XX
1195,IS-II-a-A-04006,Ansamblul Mănăstirii Frumoasa,municipiul IAŞI,Str. Radu Vodă 1,"1587, refăcută 1726 - 1733"
1196,IS-II-m-A-04006.01,"Biserica ""Sf. Voievozi”",municipiul IAŞI,Str. Radu Vodă 1,1836 - 1839
1197,IS-II-m-A-04006.02,Palatul de pe Ziduri,municipiul IAŞI,Str. Radu Vodă 1,1726 - 1733
1198,IS-II-m-A-04006.03,"Ruinele palatului ""Pentru Femei”",municipiul IAŞI,Str. Radu Vodă 1,sec. XVIII
1199,IS-II-m-A-04006.04,Turn clopotniţă,municipiul IAŞI,Str. Radu Vodă 1,1819 - 1833
1200,IS-II-m-A-04006.05,Zid de incintă,municipiul IAŞI,Str. Radu Vodă 1,1726 - 1733
1201,IS-II-m-B-04007,Casa Gheorghe Ghibănescu,municipiul IAŞI,Str. Rafael 1,sec. XIX
1203,IS-II-m-B-04009,"Spital-Centrul Medical ""Copou“",municipiul IAŞI,Str. Ralet 4,sec. XIX
1204,IS-II-m-B-04010,Casă,municipiul IAŞI,Str. Ralet 8,înc. sec. XX
1205,IS-II-m-B-04011,Casă,municipiul IAŞI,Str. Ralet 10,înc. sec. XX
1206,IS-II-m-B-04012,Casă,municipiul IAŞI,Str. Ralet 12,înc. sec. XX
1207,IS-II-m-B-04013,Casă,municipiul IAŞI,Str. Ralet 14,sec. XIX
1208,IS-II-m-B-04014,Esplanada Elisabeta (Râpa Galbenă),municipiul IAŞI,Str. Râpa Galbenă,sf. sec. XIX - înc. sec XX
1209,IS-II-m-B-04015,Casă,municipiul IAŞI,Str. Rece 1,prima jum. a sec. XX
1210,IS-II-m-B-04016,"Restaurantul ""Bolta Rece""",municipiul IAŞI,Str. Rece 10,sf. sec. XIX
1211,IS-II-m-B-04017,Observator Astronomic,municipiul IAŞI,Aleea Sadoveanu Mihail 5,1913
1212, IS-II-m-B-04018, Casă, municipiul IAŞI, Aleea Sadoveanu Mihail 39, 1842
1213,IS-II-m-B-04019,Biserica (Capela Sfinții Trei Ierarhi – Școala Normală “Vasile Lupu”),municipiul IAŞI,Aleea Sadoveanu Mihail 46,1891
1214,IS-II-m-B-04020,"Şcoala Normală ""Vasile Lupu"" corp vechi",municipiul IAŞI,Aleea Sadoveanu Mihail 46,1891
1216,IS-II-m-B-04024,Casa Sion,municipiul IAŞI,Str. Sărăriei 22,1829 - 1833
1217,IS-II-m-B-04025,"Biserica ""Adormirea Maicii Domnului"", ""Sf. Antonie"" (Biserica Vulpe)",municipiul IAŞI,Str. Sărăriei 40,1844
1218,IS-II-m-B-04026,Casă,municipiul IAŞI,Str. Sărăriei 43,mijl. sec. XIX
1219,IS-II-m-B-04027,Casă,municipiul IAŞI,Str. Sărăriei 91,a doua jum. a sec. XIX
1220,IS-II-m-B-04028,Bloc de locuinţe,municipiul IAŞI,Str. Sărăriei 111,prima jum. a sec. XX
1221,IS-II-m-B-04029,"Şcoala Spiru Haret, orfelinat catolic",municipiul IAŞI,Str. Sărăriei 134,înc. sec. XX
1222,IS-II-m-B-04021,Casă,municipiul IAŞI,Stradela Sărăriei 4,înc. sec. XX
1223,IS-II-m-B-04022,"Casa Mungiu – locuinţă, fostă a scriitorului C. Stere",municipiul IAŞI,Stradela Sărăriei 6,a doua jum.a sec. XIX
1224,IS-II-m-B-04030,"Casa Milescu, azi tipografia U.M.F.",municipiul IAŞI,Str. Săulescu 4,a doua jum. a sec. XIX
1225,IS-II-m-B-04031,Casă,municipiul IAŞI,Str. Săulescu 8,a doua jum. a sec. XIX
1226,IS-II-m-B-04032,"Casa Beldiman, azi Clubul Copiilor",municipiul IAŞI,Str. Săulescu 10,1819
1227,IS-II-m-B-04033,Casă,municipiul IAŞI,Str. Săulescu 13,înc. sec. XX
1229,IS-II-m-B-04035,Casa scriitoarei Magda Isanos,municipiul IAŞI,Str. Săulescu 19-A,înc. sec. XX
1230,IS-II-m-B-04036,Casă,municipiul IAŞI,Str. Sf. Atanasie 1,sec.XIX
1231,IS-II-m-B-04038,Casa prof. Ivanov (Casa savanţilor Petru Bogdan şi loan Petru Culianu),municipiul IAŞI,Str. Sf. Atanasie 13,sec. XVII
1232,IS-II-m-B-04039,Casa Leonescu,municipiul IAŞI,Str. Sf. Atanasie 16,înc.sec. XIX
1233,IS-II-m-B-04040,"Casa parohială a bisericii ""Sf. Atanasie şi Chiril“",municipiul IAŞI,Str. Sf. Atanasie 20,sec. XIX
1234,IS-II-m-B-04041,"Biserica ""Sf. Atanasie şi Chiril”",municipiul IAŞI,Str. Sf. Atanasie 20,"1638, refăcută 1702"
1235,IS-II-m-B-04042,Casă,municipiul IAŞI,Str. Sf. Atanasie 22,înc. sec. XX
1236,IS-II-m-B-04043,Casă,municipiul IAŞI,Str. Sf. Atanasie 24,prima jum. a sec. XIX
1237,IS-II-m-B-04044,Casă,municipiul IAŞI,Str. Sf. Atanasie 25,prima jum. a sec. XIX
1238,IS-II-m-B-04045,Casă,municipiul IAŞI,Str. Sf. Atanasie 26,prima jum. a sec. XIX
1239,IS-II-m-B-04046,Casa Buţureanu,municipiul IAŞI,Str. Sf. Atanasie 28,prima jum. a sec. XIX
1240,IS-II-m-B-04037,Casa Culianu pentru Tineret şi Sport,municipiul IAŞI,Stradela Sf. Atanasie 1,sec. XIX
1242,IS-II-m-B-04049,Casă,municipiul IAŞI,Str. Sf. Sava 6,a doua jum a sec. XIX
1243,IS-II-m-B-04050,Casă,municipiul IAŞI,Str. Sf. Sava 9,sf. sec. XIX
1244,IS-II-m-B-04051,Casă,municipiul IAŞI,Str. Sf. Sava 17,sf. sec. XIX
1245,IS-II-m-B-04052,Casă,municipiul IAŞI,Str. Sf. Sava 19,sf. sec. XIX
1246,IS-II-m-B-04053,Casă,municipiul IAŞI,Str. Sf. Sava 22,sf. sec. XIX
1247,IS-II-m-B-04054,"Biserica ""Sf. Teodor”",municipiul IAŞI,Str. Sfântul Teodor 14,1750 - 1761
1248,IS-II-m-B-04055,Institutul de Anatomie,municipiul IAŞI,Str. Sfântul Teodor 32,1891 - 1894
1249,IS-II-m-B-04057,Sinagoga Mare,municipiul IAŞI,Str. Sinagogilor 1,sec. XVIII
1250,IS-II-a-B-03758,"Biserica cu hramul „Naşterea Maicii Domnului“, Sfinţilor Atanasie şi Chiril denumită şi Socola Mică",municipiul IAŞI,Fundac Socola 9,sec. XIX
1251,IS-II-m-B-04056,Casa „Zup Emil“,municipiul IAŞI,Str. Spinţi 1,sec. XX
1252,IS-II-m-B-04058,Casa Moruzi Pașcanu,municipiul IAŞI,Str. Spitalul Paşcanu 4,înc. sec. XX
1254,IS-II-m-B-04060,Biserica “Adormirea Maicii Domnului”- Lipovenească,municipiul IAŞI,Splaiul Stâng Bahlui 4,1830
1255,IS-II-m-B-04061,"Biserica ""Buna Vestire” (Biserica Blagoveştenia din Muntenime)",municipiul IAŞI,Str. Sulfinei 12,1818
1256,IS-II-m-B-04062,"Casă cu pridvor de lemn, fosta casă parohială a bisericii ""Buna Vestire""",municipiul IAŞI,Str. Sulfinei 12,sec. XIX
1257,IS-II-a-B-04063,"Ansamblul bisericii ""Sf. Apostol Toma"" şi ""Sf. Ecaterina”",municipiul IAŞI,Str. Şcoalei 4,1807
1258,IS-II-m-B-04063.01,"Biserica ""Sf. Apostol Toma şi Sf. Ecaterina”",municipiul IAŞI,Str. Şcoalei 4,1807
1259,IS-II-m-B-04063.02,Casă parohială,municipiul IAŞI,Str. Şcoalei 4,sf. sec. XIX
1260,IS-II-m-B-04064,Casă,municipiul IAŞI,Str. Şcoalei 6,înc. sec. XX
1261,IS-II-m-B-04066,Palatul Roset-Roznovanu - Primăria Municipiului Iaşi,municipiul IAŞI,Bd. Ştefan cel Mare şi Sfânt 11,1832
1262,IS-II-m-B-04067,Casa Nicodim,municipiul IAŞI,Bd. Ştefan cel Mare şi Sfânt 14,înc. sec. XX
1263,IS-II-m-B-04068,Administraţia Finanţelor Publice Locale şi sedii partide Moldovei şi Bucovinei,municipiul IAŞI,Bd. Ştefan cel Mare şi Sfânt 15,înc. sec. XX
1265,IS-II-m-A-04069.01,"Catedrala ""Sf. Gheorghe"" şi ""Întâmpinarea Domnului”",municipiul IAŞI,Bd. Ştefan cel Mare şi Sfânt 16,1886
1266,IS-II-m-A-04069.02,"Biserica ""Sf. Gheorghe Vechi”",municipiul IAŞI,Bd. Ştefan cel Mare şi Sfânt 16,1758 - 1766
1267,IS-II-m-A-04069.03,Palatul Mitropolitan,municipiul IAŞI,Bd. Ştefan cel Mare şi Sfânt 16,1902 - 1907
1268,IS-II-m-A-04069.04,Trei clădiri administrative,municipiul IAŞI,Bd. Ştefan cel Mare şi Sfânt 16,mijl. sec XX
1269,IS-II-m-A-04069.05,Fântâna lui Mihail de Hodocin,municipiul IAŞI,Bd. Ştefan cel Mare şi Sfânt 16,1851
1270,IS-II-m-B-04070,Banca Naţională,municipiul IAŞI,Bd. Ştefan cel Mare şi Sfânt 17,1946 - 1947
1271,IS-II-m-B-04071,Casă,municipiul IAŞI,Bd. Ştefan cel Mare şi Sfânt 18-20,înc. sec. XX
1272,IS-II-m-B-04072,Casă,municipiul IAŞI,Bd. Ştefan cel Mare şi Sfânt 22-24,înc.sec. XX
1273,IS-II-m-B-04073,"Casa Orest Tafrali, azi tipografia Episcopiei Catolice",municipiul IAŞI,Bd. Ştefan cel Mare şi Sfânt 26,înc. sec. XX
1274,IS-II-m-A-04074,"Catedrala romano-catolică ""Adormirea Maicii Domnului“",municipiul IAŞI,Bd. Ştefan cel Mare şi Sfânt 26,1789
1275,IS-II-a-A-04076,"Mănăstirea ""Sf. Trei Ierarhi”",municipiul IAŞI,Bd. Ştefan cel Mare şi Sfânt 28,1637 - 1639
1277,IS-II-m-A-04076.02,Sala Gotică,municipiul IAŞI,Bd. Ştefan cel Mare şi Sfânt 28,"înc. sec. XIX, refăcută 1904"
1278,IS-II-m-B-04077,"Şcoala generală nr. 1 ""Gheorghe Asachi""",municipiul IAŞI,Bd. Ştefan cel Mare şi Sfânt 30,1909
1279,IS-II-m-B-04078,"Biserica ""Naşterea Maicii Domnului”-Tălpălari",municipiul IAŞI,Str. Tălpălari 3,sec. XIX
1280,IS-II-m-B-04079,Casă,municipiul IAŞI,Str. Teodoreanu Ionel 3,prima jum. a sec. XX
1281,IS-II-m-B-04080,Casă,municipiul IAŞI,Str. Topârceanu George 6,sf. sec. XIX
1282,IS-II-m-B-04081,Casă,municipiul IAŞI,Str. Topârceanu George 13,înc. sec. XX
1283,IS-II-m-B-04082,"Biserica ""Cuvioasa Paraschiva"" - (Mitocul Maicilor)",municipiul IAŞI,Pasajul Trianon 1,1819
1284,IS-II-m-B-04083,Casa Moruzi,municipiul IAŞI,Str. Turcu 16,a doua jum. a sec. XIX
1285,IS-II-m-B-04084,Hotel Traian,municipiul IAŞI,Piaţa Unirii 1,1900
1286,IS-II-m-B-04085,"Universitatea de Medicină şi Farmacie, Corp rectorat şi spaţii de învăţământ (Palatul “Calimachi”)",municipiul IAŞI,Str. Universităţii 16,1791 - 1793
1287,IS-II-m-B-04086,Uzina electrică,municipiul IAŞI,Str. Uzinei 38,1894
1289,IS-II-m-B-04088,"Şcoală tip ""Spiru Haret""",municipiul IAŞI,Str. Vasile Lupu 63,înc. sec. XX
1290,IS-II-m-B-20932,"Biserica ""Sf. Nicolae"" Ciurchi",municipiul IAŞI,Str. Vasile Lupu 70,1813
1291,IS-II-m-B-04089,Palatul de vară a lui Ioniţă Sandu Sturza,municipiul IAŞI,Str. Viticultorilor 30,1822 - 1825
1292,IS-II-m-B-04090,Abator– corp vechi,municipiul IAŞI,Str. Vlaicu Aurel 78,sf. sec. XIX
1293,IS-II-m-B-04091,Casă,municipiul IAŞI,Str. Vovidenia 6,înc. sec. XX
1294,IS-II-m-B-04092,"Biserica ""Intrarea în Biserică” - Vovidenia",municipiul IAŞI,Str. Vovidenia 11,1645
1295,IS-II-m-B-04093,Casă,municipiul IAŞI,Str. Vovidenia 12,prima jum. sec. XX
1296,IS-II-a-B-04094,"Biserica ""Sf. Ioan Gură de Aur"" cu mormântul lui Barbu Lăutarul",municipiul IAŞI,Stradela Zlataust 5,"1683, adăugiri 1855"
1297,IS-II-m-B-04096,Casa Burchi - Zmeu,municipiul IAŞI,Str. Zmeu 3,1800 - 1832
1298,IS-II-m-B-04097,Gară - Şoldana,sat ANDRIEŞENI; comuna ANDRIEŞENI,,sf. sec. XIX
1299,IS-II-m-A-04098,"Biserica ""Sf. Nicolae”",sat ARONEANU; comuna ARONEANU,,1594
1300,IS-II-m-B-04099,"Biserica ""Sf. Nicolae”",sat BACU; comuna IPATELE SCOBINŢI,,1789
1302,IS-II-m-B-04101,"Biserica de lemn ""Sf. Treime”",sat BĂICENI; comuna CUCUTENI,,1808
1303,IS-II-m-B-04102,Gară,sat BÂRNOVA; comuna BÂRNOVA,,sf. sec. XIX
1304,IS-II-a-A-04103,Mănăstirea Bârnova,sat BÂRNOVA; comuna BÂRNOVA,,1626 - 1629
1305,IS-II-m-A-04103.01,"Biserica ""Sf. Gheorghe” a mănăstirii Bârnova",sat BÂRNOVA; comuna BÂRNOVA,,1626 - 1629
1306,IS-II-m-A-04103.02,Chilii,sat BÂRNOVA; comuna BÂRNOVA,,1728
1307,IS-II-m-A-04103.03,Ruine în incintă,sat BÂRNOVA; comuna BÂRNOVA,,sec. XVII
1308,IS-II-m-A-04103.04,Turn poartă,sat BÂRNOVA; comuna BÂRNOVA,,sec. XVII
1309,IS-II-m-A-04103.05,Zid de incintă,sat BÂRNOVA; comuna BÂRNOVA,,sec. XVII
1310,IS-II-m-B-04104,Sanatoriul T.B.C.,sat BÂRNOVA; comuna BÂRNOVA,,sf. sec. XIX
1311,IS-II-m-B-04105,"Biserica ""Sf. Ioan”",sat BOGDĂNEŞTI; comuna HORLEŞTI,,1822
1312,IS-II-m-B-04106,"Biserica ""Sf. Nicolae”",sat BOHOTIN; comuna RĂDUCĂNENI,,1842 - 1845
1313,IS-II-m-B-04107,"Biserica de lemn ""Naşterea Sf. Ioan",sat BOROŞEŞTI; comuna SCÂNTEIA,,1812
1314,IS-II-m-B-04108,"Biserica ""Sf. Voievozi”",sat BORŞA; comuna VLĂDENI,,1826
1315,IS-II-m-B-04109,"Biserica ""Sf. Nicolae”",sat BOSIA; comuna BOSIA,,1858
1316,IS-II-m-B-04110,"Biserica de lemn ""Buna Vestire”",sat BRĂDICEŞTI; comuna DOLHEŞTI,,cca. 1691
1317,IS-II-m-B-04111,"Biserica de lemn ""Adormirea Maicii Domnului”",sat BRĂEŞTI; comuna BRĂEŞTI,,sec. XVIII
1318,IS-II-m-B-04113,"Biserica ""Naşterea Maicii Domnului”",sat BUHALNIŢA; comuna CEPLENIŢA,,1836
1319,IS-II-m-B-04115,Gară,sat BUHĂENI; comuna ANDRIEŞENI,,sf. sec. XIX
1320,IS-II-m-B-04116,"Biserica ""Sf. Treime”",sat BUZNEA; comuna ION NECULCE,,1854 - 1857
1321, IS-II-m-B-04117, Pod de piatră, sat CÂRJOAIA; comuna COTNARI,, sec. XV
1322,IS-II-m-B-04118,"Biserica ""Sf. Haralambie”",sat CÂRNICENI; comuna ŢIGĂNAŞI,,1792
1323,IS-II-m-B-04114,Hanul Cantacuzino - Paşcanu (ruine),sat CEPLENIŢA; comuna CEPLENIŢA,,înc. sec. XIX
1324,IS-II-m-B-04119,Ansamblul conacului Cantacuzino - Paşcanu,sat CEPLENIŢA; comuna CEPLENIŢA comuna CEPLENIŢA,,1835 - 1836
1326,IS-II-m-B-04119.02,Turn clopotniţă,sat CEPLENIŢA; comuna CEPLENIŢA,,înc. sec. XIX
1327,IS-II-m-B-04119.03,Zid de incintă,sat CEPLENIŢA; comuna CEPLENIŢA,,înc. sec. XIX
1328,IS-II-m-B-04120,Pod de piatră,sat CEPLENIŢA; comuna CEPLENIŢA,,sec. XV
1329,IS-II-m-B-04121,"Biserica ""Sf. Nicolae”",sat CILIBIU; comuna GOLĂIEŞTI,,sec. XVIII
1330,IS-II-m-B-04122,Conac,sat CIOCÂRLEŞTI; comuna SCÂNTEIA,,sf. sec. XIX
1331,IS-II-m-B-04123,"Biserica de lemn ""Sf. Nicolae”",sat CIURBEŞTI; comuna MIROSLAVA,,1806
1332,IS-II-m-B-04124,"Biserica ""Sf. Voievozi”",sat CIURBEŞTI; comuna MIROSLAVA,,1769
1333,IS-II-m-B-04125,Gară,sat CIUREA; comuna CIUREA,,1893
1334,IS-II-m-B-04126,Fabrica de cărămidă,sat CIUREA; comuna CIUREA,,1891
1335,IS-II-m-B-04127,"Biserica ""Naşterea Sf. Ioan”",sat COGEASCA; comuna LEŢCANI,,1848
1336,IS-II-m-B-04128,"Biserica ""Sf. Spiridon”",sat COGEASCA; comuna LEŢCANI,,sec. XVIII
1337,IS-II-m-B-04129,"Biserica ""Sf. Voievozi” ""Sf. Voievozi""",sat COMARNA; comuna COMARNA comuna MIROSLAVA,,1804
1339,IS-II-m-B-04131,Casa Anghel,sat CORNEŞTI; comuna MIROSLAVA,,sec. XIX
1340,IS-II-m-B-04132,"Biserica ""Tăierea Capului Sf. Ioan Botezătorul”",sat COROPCENI; comuna CIORTEŞTI,,1809
1341,IS-II-m-B-04133,"Biserica de lemn ""Sf. Voievozi”",sat COSTEŞTI; comuna COSTEŞTI,,1777
1342,IS-II-m-B-04134,"Biserica ""Sf. Nicolae”",sat COSTULENI; comuna COSTULENI,,1858
1343,IS-II-a-A-04135,"Ansamblul medieval ""Curtea Domnească""",sat COTNARI; comuna COTNARI,,sec. XV
1344,IS-II-m-A-04135.01,"Biserica ""Cuvioasa Paraschiva”",sat COTNARI; comuna COTNARI,,1493
1345,IS-II-m-A-04135.02,Palatul Domnesc - ruine,sat COTNARI; comuna COTNARI,,sf. sec. XV
1346,IS-II-m-A-04136,Biserica catolică (ruine),sat COTNARI; comuna COTNARI,,sec. XV
1347,IS-II-m-B-04137,"Biserica de lemn ""Sf. Nicolae”",sat COVASNA; comuna COSTULENI,,1739
1348,IS-II-m-B-04138,"Biserica ""Sf. Voievozi”",sat COZMEŞTI; comuna COZMEŞTI,,1909
1349,IS-II-a-A-04112,"Biserica ""Sf. Voievozi""",sat CRISTEŞTI; comuna CRISTEŞTI,,1657
1350,IS-II-m-B-04139,"Biserica ""Schimbarea la Faţă”",sat CUCUTENI; comuna LEŢCANI comuna CUCUTENI,,1777
1352,IS-II-m-B-04141,Casele familiei Cantacuzino,sat CUCUTENI; comuna CUCUTENI,,sec. XVII - XVIII
1353,IS-II-m-A-04142,"Biserica ""Sf. Arhangheli”",sat CUCUTENI; comuna LEŢCANI,,1622
1354,IS-II-m-B-04143,Hanul Şanta (moară),sat CURĂTURI; comuna CIUREA,,sf. sec. XIX
1355,IS-II-m-B-04144,Conacul V. Tăutu,sat DAGÂŢA; comuna DAGÂŢA,,prima jum. a sec. XIX
1356,IS-II-m-B-04145,"Biserica ""Sf. Nicolae”",sat DÂDEŞTI; comuna TÂRGU FRUMOS,,1826
1357,IS-II-a-A-04146,Ansamblul conacului Cantacuzino-Deleanu,sat DELENI; comuna DELENI,,sec. XVII - XX
1358,IS-II-m-A-04146.01,Conacul Cantacuzino- Deleanu,sat DELENI; comuna DELENI,,1730
1359,IS-II-m-A-04146.02,"Biserica ""Adormirea Maicii Domnului”",sat DELENI; comuna DELENI,,1669
1360,IS-II-m-A-04146.03,Spital,sat DELENI; comuna DELENI,,sec. XX
1361,IS-II-m-A-04146.04,Zid de incintă,sat DELENI; comuna DELENI,,sec. XVIII
1362,IS-II-m-B-04147,Han-ruine,sat DELENI; comuna DELENI,,sec. XVIII
1363,IS-II-m-A-04148.01,Schitul Lacuri (Deleni) din Codrul Delenilor Pantelimon”,sat DELENI; comuna DELENI comuna DOBROVĂŢ,,1724
1365,IS-II-a-A-04150,Mănăstirea Dobrovăţ,sat DOBROVĂŢ; comuna DOBROVĂŢ,,sec. XVI - XX
1366,IS-II-m-A-04150.01,"Biserica ""Pogorârea Sf. Duh”",sat DOBROVĂŢ; comuna DOBROVĂŢ,,1503 - 1504
1367,IS-II-m-A-04150.02,"Biserica paraclis ""Sf. Gheorghe”",sat DOBROVĂŢ; comuna DOBROVĂŢ,,1743
1368,IS-II-m-A-04150.03,Turn clopotniţă,sat DOBROVĂŢ; comuna DOBROVĂŢ,,1743
1369,IS-II-m-A-04150.04,Zid de incintă,sat DOBROVĂŢ; comuna DOBROVĂŢ,,sec. XVIII
1370,IS-II-m-B-04151,"Biserica ""Sf. Nicolae”",sat DOROŞCANI; comuna POPEŞTI,,1857
1371,IS-II-m-B-04152,"Biserica ""Sf. Gheorghe”",sat DRĂGUŞENI; comuna DRĂGUŞENI,,1815
1372,IS-II-m-B-04153,Fostele case boiereşti ale familiei Costin,sat DRĂGUŞENI; comuna DRĂGUŞENI,,sec. XVIII
1373,IS-II-m-B-04154,"Biserica de lemn ""Sf. Împăraţi”",sat DUMEŞTI; comuna DUMEŞTI,,înc. sec. XVIII
1374,IS-II-m-B-04155,"Biserica ""Sf. Apostoli”",sat DUMEŞTI; comuna DUMEŞTI,,1802
1375,IS-II-m-B-04156,"Biserica ""Sf. Împăraţi”",sat ERBICENI; comuna ERBICENI,,1848
1376,IS-II-m-B-04157,Gară Nicolae”,sat ERBICENI; comuna ERBICENI comuna STRUNGA,,sf. sec. XIX
1378,IS-II-a-B-04159,Ansamblul curţii boiereşti Crupenschi,sat FEREDENI; comuna DELENI,,"sec. XVIII, refăcut sec. XIX"
1379,IS-II-m-B-04159.01,"Biserica ""Adormirea Maicii Domnului”",sat FEREDENI; comuna DELENI,,1791
1380,IS-II-m-B-04159.02,Ruine case,sat FEREDENI; comuna DELENI,,sec. XVIII - XIX
1381,IS-II-m-B-04159.03,Zid de incintă,sat FEREDENI; comuna DELENI,,sec. XVIII - XIX
1382,IS-II-m-B-04160,"Biserica ""Sf. Treime”",sat FRENCIUGI; comuna DRĂGUŞENI,,1783
1383,IS-II-m-B-04161,"Biserica ""Adormirea Maicii Domnului”",sat GOEŞTI; comuna LUNGANI,,1813
1384,IS-II-m-B-04162,"Ruinele schitului din ""Poiana cu schit""",sat GRAJDURI; comuna GRAJDURI,În pădurea Boroseşti,sec. XVII
1385,IS-II-m-B-04163,"Biserica ""Sf. Împăraţi”",sat GRIEŞTI; comuna ŢIBĂNEŞTI,,1784
1386,IS-II-m-B-04164,"Biserica ""Adormirea Maicii Domnului”",sat GROPNIŢA; comuna GROPNIŢA,,1830
1387,IS-II-m-B-04165,"Biserica ""Sf. Gheorghe”",sat HĂBĂŞEŞTI; comuna STRUNGA,,1762
1388,IS-II-m-B-04166,"Biserica ""Sf. Împăraţi”",sat HĂRPĂŞEŞTI; comuna POPEŞTI,,1833
1389,IS-II-m-B-04167,Spitalul vechi,oraş HÂRLĂU,Str. Bogdan Vodă 14,1858
1391,IS-II-m-B-04169,Casa Grigoriu,oraş HÂRLĂU,Str. Eminescu Mihai 14,înc. sec. XIX
1392,IS-II-m-B-04170,Paraclisul caselor Ghica,oraş HÂRLĂU,Str. Eternităţii 8,prima jum. a sec. XIX
1393,IS-II-m-B-04171,"Casa Zoltman, azi Primăria",oraş HÂRLĂU,Str. Muşatinilor 1,înc. sec. XIX
1394,IS-II-m-B-04172,"Casa parohială a bisericii ""Sf. Dumitru”",oraş HÂRLĂU,Str. Petru Rareş 8,înc. sec. XIX
1395,IS-II-m-A-04173,"Biserica ""Sf. Dumitru”",oraş HÂRLĂU,Str. Ştefan cel Mare 9,1535
1396,IS-II-m-B-04174,"Şcoală tip ""Spiru Haret""",oraş HÂRLĂU,Str. Ştefan cel Mare 34,înc. sec. XX
1397,IS-II-m-B-04175,"Biserica ""Sf. Nicolae”",oraş HÂRLĂU,Str. Ştefan cel Mare 44,1848
1398,IS-II-m-B-04176,"Casa Tăutu, azi Muzeul de Istorie",oraş HÂRLĂU,Str. Tăutu Logofăt 7,sec. XVII - XVIII
1399,IS-II-m-B-04177,Casă,oraş HÂRLĂU,Str. Tăutu Logofăt 14,sf. sec. XIX
1400, IS-II-a-A-04178, Ansamblul Curţii Domneşti, oraş HÂRLĂU, Str. Tăutu Logofăt 16, sec. XIV - XVII
1401,IS-II-m-A-04178.01,"Biserica ""Sf. Gheorghe”",oraş HÂRLĂU,Str. Tăutu Logofăt 16,1492
1402,IS-II-m-A-04178.02,Ruinele Curţii Domneşti,oraş HÂRLĂU comuna HELEŞTENI,Str. Tăutu Logofăt 16,"1384, reclădită 1486 şi 1624"
1404,IS-II-a-A-04180,Mănăstirea Hlincea,sat HLINCEA; comuna CIUREA,,sec. XVI - XIX
1405,IS-II-m-A-04180.01,"Biserica ""Sf. Gheorghe”",sat HLINCEA; comuna CIUREA,,1587
1406,IS-II-m-A-04180.02,Ruine chilii,sat HLINCEA; comuna CIUREA,,sec. XVI
1407,IS-II-m-A-04180.03,Turn clopotniţă,sat HLINCEA; comuna CIUREA,,sec. XVII
1408,IS-II-m-A-04180.04,Zid de incintă,sat HLINCEA; comuna CIUREA,,sec. XVII
1409,IS-II-m-B-04181,"Biserica ""Sf. Nicolae”",sat HOLBOCA; comuna HOLBOCA,,1805
1410,IS-II-m-B-04182,"Biserica de lemn ""Sf. Apostoli”",sat HOMIŢA; comuna CRISTEŞTI,,1853
1411,IS-II-m-B-04183,Gară,sat IACOBENI; comuna VLĂDENI,,sf. sec. XIX
1412,IS-II-m-B-04184,"Biserica ""Buna Vestire”",sat IEPURENI; comuna ANDRIEŞENI,,1806
1413,IS-II-m-B-04185,"Biserica de lemn ""Sf. Nicolae”",sat IEPURENI; comuna ANDRIEŞENI,,1783
1414,IS-II-m-B-04186,"Biserica de lemn ""Sf. Nicolae”",sat IPATELE; comuna IPATELE,,1805
1415,IS-II-m-B-04187,"Biserica de lemn ""Adormirea Maicii Domnului” Nicolae""",sat JIGORENI; comuna ŢIBĂNEŞTI comuna MOVILENI,,1813
1417,IS-II-m-B-04189,"Biserica ""Sf. Împăraţi”",sat LEŢCANI; comuna LEŢCANI,,1802
1418,IS-II-m-A-04190,"Biserica ""Sf. Dumitru” (Biserica Rotundă)",sat LEŢCANI; comuna LEŢCANI,,1802
1419,IS-II-m-B-04191,Gară,sat LEŢCANI; comuna LEŢCANI,,sf. sec. XIX
1420,IS-II-m-B-04192,"Biserica ""Sf. Nicolae”",sat LUCENI; comuna VICTORIA,,1830
1421,IS-II-a-B-04193,Ansamblul curţii familiei Negruzzi,sat LUNCA PRUTULUI; comuna TRIFEŞTI,,1839
1422,IS-II-m-B-04193.01,"Biserica ""Sf. Împăraţi”",sat LUNCA PRUTULUI; comuna TRIFEŞTI,,1839
1423,IS-II-a-B-04193.02,Casele familiei Negruzzi,sat LUNCA PRUTULUI; comuna TRIFEŞTI,,sec. XIX
1424,IS-II-m-B-04193.03,Parc,sat LUNCA PRUTULUI; comuna TRIFEŞTI,,sec. XIX
1425,IS-II-m-B-04194,"Biserica ""Sf. Nicolae”",sat LUNGANI; comuna VOINEŞTI,,1825
1426,IS-II-m-B-04196,"Biserica de lemn ""Adormirea Maicii Domnului” Grigore Bogoslavul”",sat MĂDÂRJAC; comuna MĂDÂRJAC comuna MĂDÂRJAC,,1785
1428,IS-II-m-B-04198,"Biserica de lemn ""Sf. Grigore Teologul”",sat MĂDÂRJEŞTI; comuna BĂLŢAŢI,,sec. XIX
1429,IS-II-m-B-04195,"Biserica de lemn ""Sf. Ioan Botezătorul”",sat MĂNĂSTIREA; comuna DAGÂŢA,,1723
1430,IS-II-a-B-04199,Mănăstirea Miclăuşeni,sat MICLĂUŞENI; comuna BUTEA,,sec. XVII - XIX
1431,IS-II-m-B-04199.01,"Biserica ""Sf. Voievozi”, ""Buna Vestire”",sat MICLĂUŞENI; comuna BUTEA,,1787
1432,IS-II-m-B-04199.02,Castelul Sturza,sat MICLĂUŞENI; comuna BUTEA,,"sec. XVII, reclădită 1752 şi sec. XIX"
1433,IS-II-m-B-04199.03,Parc,sat MICLĂUŞENI; comuna BUTEA,,sec. XIX
1434,IS-II-m-B-04200,"Biserica ""Adormirea Maicii Domnului”",sat MIRCEŞTI; comuna MIRCEŞTI,,1875
1435,IS-II-m-B-04201,"Biserica ""Sf. Voievozi”",sat MIRCEŞTI; comuna MIRCEŞTI,În cimitir,1809
1436,IS-II-m-B-04202,Casa memorială a poetului Vasile Alecsandri,sat MIRCEŞTI; comuna MIRCEŞTI,,1865
1437,IS-II-m-B-04203,"Biserica ""Naşterea Maicii Domnului”",sat MIROSLAVA; comuna MIROSLAVA,,1811
1438,IS-II-m-B-04204,Casa Sturza,sat MIROSLAVA; comuna MIROSLAVA,,înc. sec. XIX
1439,IS-II-m-B-04205,"Biserica de lemn ""Cuvioasa Paraschiva” Nicolae”",sat MIROSLĂVEŞTI; comuna MIROSLĂVEŞTI comuna PRISĂCANI,,1535
1441,IS-II-m-B-04207,"Biserica ""Sf. Voievozi”",sat MOŞNA; comuna MOŞNA,,sec. XVIII
1442,IS-II-m-B-04208,"Biserica de lemn ""Sf. Dumitru”",sat OBRIJENI; comuna POPEŞTI,,1835
1443,IS-II-m-B-04209,"Biserica ""Sf. Spiridon”",sat ONEŞTI; comuna PLUGARI,,1805
1444,IS-II-m-B-04210,Casele logofătului Costache Ghica (ruine),sat ONEŞTI; comuna PLUGARI,,înc. sec. XIX
1445,IS-II-m-B-04211,Ateliere de căi ferate,oraş PAŞCANI,Str. Gării,1876
1446,IS-II-m-A-04212,Palatul familiei Cantacuzino-Paşcanu,oraş PAŞCANI,Aleea Parcului 1,"cca. 1650, refăcut sec. XVIII"
1447,IS-II-m-A-04213,"Biserica ""Sf. Arhangheli Mihail şi Gavril”",oraş PAŞCANI,Aleea Parcului 5,1664
1448,IS-II-m-B-04214,Casă,sat PĂDURENI; comuna GRAJDURI,,1910
1449,IS-II-m-B-04215,"Biserica ""Sf. Apostoli”",sat PĂUN; comuna BÂRNOVA,,1812
1450,IS-II-m-A-04216,"Biserica de lemn ""Sf. Gheorghe”",sat PĂUŞEŞTI; comuna DUMEŞTI,,1643
1451,IS-II-m-B-04217,"Biserica ""Sf. Apostoli”",sat PĂUŞEŞTI; comuna DUMEŞTI,,1805
1452,IS-II-m-B-04218,"Biserica ""Sf. Nicolae”",sat PICIORU LUPULUI; comuna CIUREA comuna BÂRNOVA,,1845
1454,IS-II-m-A-04219.01,"Biserica ""Adormirea Maicii Domnului”",sat PIETRĂRIA; comuna BÂRNOVA,,1755
1455,IS-II-m-B-04220,"Biserica ""Duminica Tuturor Sfinţilor”",sat POCREACA; comuna SCHITU DUCA,,sf. sec. XIX
1456,IS-II-m-B-04221,"Biserica ""Sf. Nicolae”",sat PODU ILOAIEI; comuna PODU ILOAIEI,,1832
1457,IS-II-m-B-04222,"Fost han, azi spital",sat PODU ILOAIEI; comuna PODU ILOAIEI,,1830
1458,IS-II-m-B-04223,Gară,sat PODU ILOAIEI; comuna PODU ILOAIEI,,sf. sec. XIX
1459,IS-II-m-B-04224,"Biserica de lemn ""Tăierea Capului Sf. Ioan Botezătorul”",sat POIANA; comuna DELENI,,1744
1460,IS-II-m-B-04225,Biserica lui Cujbă,sat POIANA CU CETATE; comuna GRAJDURI,,sec. XVII
1461,IS-II-m-B-04226,"Biserica ""Sf. Nicolae”",sat POIENI; comuna SCHITU DUCA,,1841
1462,IS-II-a-B-04227,Ansamblul spitalului Treime”,sat POIENI; comuna SCHITU DUCA comuna POPEȘTI,,sf. sec. XIX
1464,IS-II-a-B-04229,Ansamblul conacului Cantacuzino - Paşcanu,sat POPEŞTI; comuna POPEŞTI,,sec. XVIII
1465,IS-II-m-B-04229.01,Conacul Cantacuzino - Paşcanu,sat POPEŞTI; comuna POPEŞTI,,sec. XVIII
1466,IS-II-m-B-04229.02,"Biserica ""Sf. Voievozi”",sat POPEŞTI; comuna POPEŞTI,,1776
1467,IS-II-m-B-04230,Şcoala veche,sat PRIGORENI; comuna ION NECULCE,,a doua jum. a sec. XIX
1468,IS-II-m-B-04231,"Biserica ""Sf. Voievozi”",sat PRISĂCANI; comuna PRISĂCANI,,1737
1469,IS-II-m-B-04232,"Biserica ""Sf. Voievozi”",sat PROSELNICI; comuna MIROSLAVA,,sec. XVIII
1470,IS-II-m-B-04233,"Biserica de lemn ""Sf. Voievozi”",sat RĂDENI; comuna ROŞCANI,Cartier Roşcani,sec. XVII
1471,IS-II-m-B-04234,"Biserica ""Sf. Treime”",sat RĂDENI; comuna ROŞCANI,,1750
1472,IS-II-m-B-04235,Casa Roset - Catargiu,sat RĂDUCĂNENI; comuna RADUCĂNENI,,sec. XIX
1473,IS-II-m-B-04236,"Biserica ""Sf. Ilie”",sat REDIU ALDEI; comuna ARONEANU,,1718
1474,IS-II-m-B-04237,"Biserica de lemn ""Sf. Gheorghe” Alexandru Ioan Cuza",sat ROŞCANI; comuna POPEŞTI comuna RUGINOASA,,1780
1476,IS-II-m-B-04238.01,Palatul Alexandru Ioan Cuza,sat RUGINOASA; comuna RUGINOASA,,1862
1477,IS-II-m-B-04238.02,"Biserica ""Adormirea Maicii Domnului”",sat RUGINOASA; comuna RUGINOASA,,1813
1478,IS-II-m-B-04238.03,Parc,sat RUGINOASA; comuna RUGINOASA,,1813
1479,IS-II-m-B-04238.04,Zid de incintă,sat RUGINOASA; comuna RUGINOASA,,1813
1480,IS-II-m-B-04238.05,Turnuri,sat RUGINOASA; comuna RUGINOASA,,1813
1481,IS-II-m-B-04239,"Biserica ""Adormirea Maicii Domnului”",sat RUSENII VECHI; comuna HOLBOCA,,1820
1482,IS-II-m-B-04240,"Biserica ""Sf. Voievozi”",sat SCÂNTEIA; comuna SCÂNTEIA,,"sec. XVIII, refăcută sec.XVIII"
1483,IS-II-m-B-04241,"Biserica ""Adormirea Maicii Domnului”",sat SCHITU DUCA; comuna SCHITU DUCA,,1830
1484,IS-II-a-A-04242,"Ansamblul ""Schitul Hadâmbu (Dealu Mare)""",sat SCHITU HADÂMBULUI; comuna MIRONEASA,,sec. XVII
1485,IS-II-m-A-04242.01,"Biserica ""Naşterea Maicii Domnului”",sat SCHITU HADÂMBULUI; comuna MIRONEASA HADÂMBULUI;,,1659
1487,IS-II-m-A-04242.03,Zid de incintă,sat SCHITU HADÂMBULUI; comuna MIRONEASA,,sec. XVII
1488,IS-II-a-B-04243,Ansamblul schitului Stavnic,sat SCHITU STAVNIC; comuna VOINEŞTI,,înc. sec. XVIII
1489,IS-II-m-B-04243.01,"Biserica ""Vovidenia""",sat SCHITU STAVNIC; comuna VOINEŞTI,,1727
1490,IS-II-m-B-04243.02,Clădiri anexe,sat SCHITU STAVNIC; comuna VOINEŞTI,,sec. XVIII
1491, IS-II-m-B-04243.03, Zid de incintă, sat SCHITU STAVNIC; comuna VOINEŞTI,, înc. sec. XVIII
1492,IS-II-m-B-04244,"Biserica ""Sf. Nicolae”",sat SCULENI; comuna VICTORIA,,1825
1493,IS-II-m-B-04245,"Biserica ""Adormirea Maicii Domnului”",sat SINEŞTI; comuna SINEŞTI,,1820
1494,IS-II-m-B-04246,"Biserica de lemn ""Buna Vestire”",sat SINEŞTI; comuna SINEŞTI,,1717
1495,IS-II-m-B-04247,"Biserica ""Sf. Nicolae”",sat SLOBOZIA; comuna SCHITU DUCA,,1721
1496,IS-II-m-B-04248,"Biserica ""Sf. Ilie” ""Naşterea Maicii",sat SOLONEŢ; comuna BIVOLARI PRĂJESCU; comuna,,1820
1498,IS-II-m-B-04250,"Biserica de lemn ""Sf. Gheorghe”",sat STOLNICENI- PRĂJESCU; comuna STOLNICENI- PRĂJESCU,,1810
1499,IS-II-a-A-04251,"Ansamblul bisericii ""Sf. Voievozi”",sat STROEŞTI; comuna TODIREŞTI,,1500 - 1550
1500,IS-II-m-A-04251.01,"Biserica ""Sf. Voievozi”",sat STROEŞTI; comuna TODIREŞTI,,1500 - 1550
1501,IS-II-m-A-04251.02,Turn de intrare,sat STROEŞTI; comuna TODIREŞTI,,1500 - 1550
1502, IS-II-m-A-04251.03, Zid de incintă, sat STROEŞTI; comuna TODIREŞTI,, 1500 - 1550
1503,IS-II-m-B-04252,"Biserica de lemn ""Sf. Voievozi”",sat SUHULEŢ; comuna TANSA,,1780
1504,IS-II-m-B-04253,Casa Sturdza - Şcheianu,sat ŞCHEIA; comuna ALEXANDRU I. CUZA,,1810
1505,IS-II-m-B-04254,"Biserica de lemn ""Sf. Gheorghe”",sat ŞCHEIA; comuna ŞCHEIA,,sec. XVII
1506,IS-II-m-B-04255,Bordei,sat ŞCHEIA; comuna ALEXANDRU I. CUZA,,sec. XIX
1507,IS-II-m-B-04256,Casă,sat ŞCHEIA; comuna ALEXANDRU I. CUZA ALEXANDRU I. CUZA,,sf. sec. XIX
1509,IS-II-a-B-04258,Ansamblul curţii boiereşti a lui Luca Arbore (ruine),sat ŞIPOTE; comuna ŞIPOTE,,sec. XV
1510,IS-II-m-B-04258.01,"Biserica ""Sf. Ioan cel Nou”",sat ŞIPOTE; comuna ŞIPOTE,,1507
1511,IS-II-m-B-04258.02,Ruinele curţii lui Luca Arbore,sat ŞIPOTE; comuna ŞIPOTE,,sec. XV
1512,IS-II-m-B-04259,"Biserica ""Sf. Nicolae”",sat TANSA; comuna BELCEŞTI,,1809
1513,IS-II-a-B-04260,"Ansamblul bisericii ""Sf. Nicolae”",oraş TÂRGU FRUMOS,,sec. XIX
1514,IS-II-m-B-04260.01,"Biserica ""Sf. Nicolae”",oraş TÂRGU FRUMOS,,1801
1515,IS-II-m-B-04261,Fosta şcoală de fete,oraş TÂRGU FRUMOS,,1842 - 1859
1516,IS-II-m-B-04262,Gară,oraş TÂRGU FRUMOS,,1870
1517,IS-II-m-B-04263,"Ansamblul bisericii ""Cuvioasa Paraschiva”",oraş TÂRGU FRUMOS,Str. Petru Rareş 5,cca. 1541
1518,IS-II-m-B-04263.01,"Biserica ""Cuvioasa Paraschiva”",oraş TÂRGU FRUMOS,Str. Petru Rareş 5,cca. 1541
1519,IS-II-m-B-04263.02,Zid de incintă,oraş TÂRGU FRUMOS,Str. Petru Rareş 5,sec. XVI
1520,IS-II-a-A-04264,Ansamblul conacului Petre P. Carp Tuturor Sfinţilor”,sat ŢIBĂNEŞTI; comuna ŢIBĂNEŞTI comuna ŢIBĂNEŞTI,,1819
1522,IS-II-m-B-04264.02,Conacul Petre P. Carp,sat ŢIBĂNEŞTI; comuna ŢIBĂNEŞTI,,sec. XIX
1523,IS-II-m-A-04264.04,Parc,sat ȚIBĂNEȘTI; comuna ȚIBĂNEȘTI,,
1524,IS-II-m-A-04264.05,Corp anexă - Gang,sat ȚIBĂNEȘTI; comuna ȚIBĂNEȘTI,,
1525,IS-II-m-B-04265,"Biserica ""Sf. Spiridon”",sat ŢIGĂNAŞI; comuna ŢIGĂNAŞI,,1802
1526,IS-II-m-B-04266,"Biserica de lemn ""Adormirea Maicii Domnului”",sat VĂLENII; comuna ŢIBĂNEŞTI,,sec. XVIII
1527,IS-II-m-B-20190,"Biserica de lemn ""Sf. Voievozi”",sat VERŞENI; comuna MIROSLĂVEŞTI,,sec. XVIII
1528,IS-II-m-B-04268,"Biserica ""Învierea Domnului”",sat VIŞAN; comuna BÂRNOVA,,sec. XIX
1529, IS-II-m-B-04269, Gară, sat VLĂDENI; comuna VLĂDENI,, sf. sec. XIX
1530,IS-II-m-B-04270,"Biserica de lemn ""Sf. Gheorghe”",sat VOROVEŞTI; comuna MIROSLAVA,,1768
1531,IS-II-m-B-04271,"Biserica ""Naşterea Maicii Domnului”",sat ZAGAVIA; comuna SCOBINŢI,,1624
1532,IS-II-m-B-04272,Beciul lui Zlodica Voievozi”,sat ZLODICA; comuna CEPLENIŢA comuna CEPLENIŢA,,sec. XV
1534,IS-II-m-B-04274,Pod de piatră,sat ZLODICA; comuna CEPLENIŢA,,sec. XV
1535,IS-III-m-B-04275,Monumentul lui Vasile Alecsandri,municipiul IAŞI,"Str. Bârsescu Agatha 18, în faţa Teatrului Naţional",1906
1536,IS-III-m-B-04276,Bustul generalului Henry Mathias Berthelot,municipiul IAŞI,"Str. Bârsescu Agatha 18, în parcul Teatrului Naţional",înc. sec. XX
1537,IS-III-m-B-04277,Monumentul Eroilor din Primul Război Mondial,municipiul IAŞI,Şos. Bucium 86,înc. sec. XX
1538,IS-III-m-B-04278,Monumentul omului politic Mihail Kogălniceanu,municipiul IAŞI,"Bd. Carol I, în faţa Universităţii",1905
1539,IS-III-m-B-04279,Monumentul istoricului A. D. Xenopol,municipiul IAŞI,"Bd. Carol I, în faţa Universităţii",1934
1540,IS-III-m-B-04280,Bustul lui Mihai Eminescu,municipiul IAŞI,"Bd. Carol I, în Grădina Copou",1988
1541,IS-III-m-B-04281,Statuia ecvestră a Eroilor Cavaleri din Primul Război Mondial,municipiul IAŞI,"Bd. Carol I, în faţa grădinii Copou",1927
1542,IS-III-m-B-04282,Monumentul lui Mihai Eminescu,municipiul IAŞI,"Bd. Carol I 2, în faţa Bibliotecii Universitare",1929
1543,IS-III-m-B-04283,Monumentul lui Alexandru cel Bun,municipiul IAŞI,"Bd. Carol I 2, Parc Casa Tineretului",1971
1544,IS-III-m-B-04284,Monumentul lui Dimitrie Cantemir Vodă,municipiul IAŞI,"Bd. Carol I 2, Parc Casa Tineretului",1934
1546,IS-III-m-B-04286,Statuia Ioan Vodă cel Viteaz,municipiul IAŞI,"Bd. Carol I 2, Parc Casa Tineretului",1971
1547,IS-III-m-B-04287,Monumentul lui Mihai Viteazul,municipiul IAŞI,"Bd. Carol I 2, Parc Casa Tineretului",1971
1548,IS-III-m-B-04288,Statuia Petru Rareş,municipiul IAŞI,"Bd. Carol I 2, Parc Casa Tineretului",1971
1549,IS-III-m-B-04289,Monumentul lui Ştefan cel Mare,municipiul IAŞI,"Bd. Carol I 2, Parc Casa Tineretului",1971
1550,IS-III-m-B-04290,Obeliscul leilor,municipiul IAŞI,"Bd. Carol I 31, în Grădina Copou",1834
1551,IS-III-m-B-04291,Bustul lui Octav Băncilă,municipiul IAŞI,"Bd. Carol I 31, în Grădina Copou",1970
1552,IS-III-m-B-04292,Monumentul lui Ion Creangă,municipiul IAŞI,"Bd. Carol I 31, în Grădina Copou",1932
1553,IS-III-m-B-04293,Bustul lui Barbu Ştefănescu Delavrancea,municipiul IAŞI,"Bd. Carol I 31, Grădina Copou",1924
1554,IS-III-m-B-04294,Bustul lui Mihai Eminescu,municipiul IAŞI,"Bd. Carol I 31, Grădina Copou",1943
1555,IS-III-m-B-04295,Bustul lui Nicolae Gane,municipiul IAŞI,"Bd. Carol I 31, Grădina Copou",1943
1556,IS-III-m-B-04296,Monumentul poetei Veronica Micle,municipiul IAŞI,"Bd. Carol I 31, Grădina Copou",înc. sec. XX
1557,IS-III-m-B-04297,Bustul lui Costache Negruzzi,municipiul IAŞI,"Bd. Carol I 31, Grădina Copou",1934
1559,IS-III-m-B-04299,Bustul lui Gheorghe Panaitescu Bardasare,municipiul IAŞI,"Bd. Carol I 31, Grădina Copou",1916
1560,IS-III-m-B-04300,Bustul lui Constantin D. Stahi,municipiul IAŞI,"Bd. Carol I 31, Grădina Copou",sec. XX
1561,IS-III-m-B-04301,Obeliscul ridicat în memoria victimelor pogromului din 28-30 iunie 1941,municipiul IAŞI,"Str. Cucu, în faţa Sinagogii Mari",1976
1562,IS-III-m-B-04302,Monumentul cronicarului Miron Costin,municipiul IAŞI,"Str. Cuza Vodă, la intersecţia cu str. I.C. Brătianu",1888
1563,IS-III-m-B-20938,"Monument funerar ""Golgotta""",municipiul IAŞI,"Str. Eternitatea 121, În cimitirul Eternitatea",înc. sec XX
1564,IS-III-m-B-04303,Mormântul lui Vasile Adamachi,municipiul IAŞI,"Str. Eternitaţii 121, Cimitirul Eternitatea",sec. XX
1565,IS-III-m-B-04304,Mormântul poetului Dimitrie Anghel,municipiul IAŞI,"Str. Eternitaţii 121, Cimitirul Eternitatea",sec. XX
1566, IS-III-m-B-04305, Mormântul actriţei Agatha Bârsescu, municipiul IAŞI," Str. Eternitaţii 121, Cimitirul Eternitatea", sec. XX
1567,IS-III-m-B-04306,"Mormântul folcloristului, teatrologului şi muzicologului Teodor Burada",municipiul IAŞI,"Str. Eternitaţii 121, Cimitirul Eternitatea",sec. XX
1568,IS-III-m-B-04307,Mormântul muzicologului Eduard Caudella Grigore Cobălcescu,municipiul IAŞI,"Str. Eternitaţii 121, Cimitirul Eternitatea",sec. XX
1570,IS-III-m-B-04309,Monumentul funerar al lui Vasile Conta,municipiul IAŞI,"Str. Eternitaţii 121, Cimitirul Eternitatea",sec. XX
1571,IS-III-m-B-04310,Mormântul lui Mihai Costăchescu,municipiul IAŞI,"Str. Eternitaţii 121, Cimitirul Eternitatea",sec. XX
1572,IS-III-m-B-04311,Monumentul lui Costache Negri,municipiul IAŞI,"Str. Eternităţii 37, în faţa şcolii",1935
1573,IS-III-m-B-04312,Monument,municipiul IAŞI,Aleea Ghica Grigore 39,sec. XX
1574,IS-III-m-B-04313,Monumentul Independenţei,municipiul IAŞI,Piaţa Independenţei,1980
1575,IS-III-m-B-04314,Statuia ecvestră a lui Ştefan cel Mare,municipiul IAŞI,"Piaţa Palat, în faţa Palatului Culturii",1883
1576,IS-III-m-B-04315,Statuia mitropolitului Dosoftei,municipiul IAŞI,"Piaţa Palat, în faţa Casei Dosoftei",1979
1577,IS-III-m-B-04316,Placa memorială marcând locul în care a fost Hotelul St. Petersburg unde s-a redactat Proclamaţia de la 1848 (27 martie),municipiul IAŞI,"Piaţa Palat, la intersecţia străzilor Anastasie Panu, str. Palat şi str. Ştefan cel Mare şi Sfânt",1848
1578,IS-III-m-B-04317,Bustul lui Vasile Lupu,municipiul IAŞI,"Aleea Sadoveanu Mihail 46, în curtea Şcolii Normale “Vasile Lupu”",1934
1579,IS-III-m-B-04318,Casa sculptorului Richard Hette,municipiul IAŞI,Str. Sărăriei 142,mijl. sec. XX
1580,IS-III-m-B-04319,Monumentul lui Gheorghe Asachi Alexandru Ioan Cuza,municipiul IAŞI,"Bd. Ştefan cel Mare şi Sfânt 30, în curtea Şcolii generale nr. 1",1888
1582,IS-III-m-B-04321,Monumentul lui Alexandru Sturza,sat MICLĂUŞENI; comuna BUTEA,În incinta parcului dendrologic al castelului,1875
1583,IS-III-m-B-04322,Monumentul comemorativ al Răscoalei din 1907,oraş PAŞCANI,La intersecţia Aleei Parcului cu str. Republicii,1907
1584,IS-III-m-B-04323,Crucea Eroilor din Războiul de Independenţă,oraş PAŞCANI,În cimitirul oraşului,1877
1585,IS-III-m-B-04324,Mormântul cronicarului Ion Neculce,sat PRIGORENI; comuna ION NECULCE,Lângă biserică,mijl. sec XX
1586,IS-III-m-B-04325,Monumentul Eroilor din Primul Război Mondial,sat RUGINOASA; comuna RUGINOASA,În cimitir,înc. sec. XX
1587,IS-III-m-B-04326,Monumentul Eroilor din Primul Război Mondial,sat SCHEIA; comuna ALEXANDRU I. CUZA,În cimitir,înc. sec. XX
1588,IS-III-m-B-04327,Mausoleul Eroilor români din Primul Război Mondial,oraş TÂRGU FRUMOS,În cimitir,înc. sec. XX
1589, IS-IV-m-B-03730.04, Mormântul lui Ion Sandu Sturza, municipiul IAŞI, Stradela Bărboi 12, sec. XIX
1590,IS-IV-m-B-03730.05,Mormântul scriitorului Alecu Russo,municipiul IAŞI,Stradela Bărboi 12,sf. sec. XIX
1591,IS-IV-m-B-04328,Bojdeuca scriitorului Ion Creangă,municipiul IAŞI,Str. Bărnuţiu Simion 4,sec. XIX
1592,IS-IV-m-B-04329,Casa în care a locuit poetul George Lesnea scriitoarea Magda Isanos,municipiul IAŞI,Str. Cloşca 16,înc. sec. XX
1594,IS-IV-a-B-04331,Ansamblul funerar al scriitorului Ion Creangă,municipiul IAŞI,"Str. Eternităţii 121, Cimitirul Eternitatea",sec. XX
1595,IS-IV-m-B-04331.01,Mormântul scriitorului Ion Creangă,municipiul IAŞI,"Str. Eternităţii 121, Cimitirul Eternitatea",sec. XX
1596,IS-IV-m-B-04331.02,Bustul scriitorului Ion Creangă,municipiul IAŞI,"Str. Eternităţii 121, Cimitirul Eternitatea",sec. XX
1597,IS-IV-m-B-04332,Mormântul scriitorului Barbu Ştefănescu Delavrancea,municipiul IAŞI,"Str. Eternităţii 121, Cimitirul Eternitatea",sec. XX
1598,IS-IV-m-B-04333,Mormântul actorului Dragomir State,municipiul IAŞI,"Str. Eternităţii 121, Cimitirul Eternitatea",sec. XX
1599,IS-IV-m-B-04334,Mormântul pictorului Ştefan Dumitrescu,municipiul IAŞI,"Str. Eternităţii 121, Cimitirul Eternitatea",sec. XX
1600,IS-IV-m-B-04335,Mormântul scriitorului Nicolae Gane,municipiul IAŞI,"Str. Eternităţii 121, Cimitirul Eternitatea",sec. XX
1601,IS-IV-m-B-04336,Mormântul istoricului Gheorghe Ghibănescu,municipiul IAŞI,"Str. Eternităţii 121, Cimitirul Eternitatea",sec. XX
1602,IS-IV-m-B-04337,Mormântul scriitorului Garabet Ibrăileanu,municipiul IAŞI,"Str. Eternităţii 121, Cimitirul Eternitatea",sec. XIX
1603,IS-IV-m-B-04338,Mormântul omului politic Mihail Kogălniceanu,municipiul IAŞI,"Str. Eternităţii 121, Cimitirul Eternitatea",sec. XX
1604,IS-IV-m-B-04339,Mormântul actorului Nicolae Luchian,municipiul IAŞI,"Str. Eternităţii 121, Cimitirul Eternitatea",sec. XX
1605,IS-IV-m-B-04340,Mormântul lui F. Meissner Gavril M. Muzicescu,municipiul IAŞI,"Str. Eternităţii 121, Cimitirul Eternitatea",sec. XX
1607,IS-IV-m-B-04342,Mormântul lingvistului Alexandru Philippide,municipiul IAŞI,"Str. Eternităţii 121, Cimitirul Eternitatea",sec. XX
1608,IS-IV-m-B-04343,Mormântul lui Victor Place,municipiul IAŞI,"Str. Eternităţii 121, Cimitirul Eternitatea",sec. XX
1609,IS-IV-m-B-04344,Mormântul scriitorului Vasile Pogor,municipiul IAŞI,"Str. Eternităţii 121, Cimitirul Eternitatea",sec. XX
1610,IS-IV-m-B-04345,Mormântul savantului Petre Poni,municipiul IAŞI,"Str. Eternităţii 121, Cimitirul Eternitatea",sec. XX
1611,IS-IV-m-B-04346,Mormântul actriţei Aglae Pruteanu,municipiul IAŞI,"Str. Eternităţii 121, Cimitirul Eternitatea",sec. XX
1612,IS-IV-m-B-04347,Mormântul actorului Constantin Ramadan,municipiul IAŞI,"Str. Eternităţii 121, Cimitirul Eternitatea",sec. XX
1613,IS-IV-m-B-04348,Mormântul actriţei Aristizza Romanescu,municipiul IAŞI,"Str. Eternităţii 121, Cimitirul Eternitatea",sec. XX
1614,IS-IV-m-B-04349,Mormântul generalului Scarlat Scheletti,municipiul IAŞI,"Str. Eternităţii 121, Cimitirul Eternitatea",sec. XX
1615,IS-IV-m-B-04350,Mormântul pictorului Constantin D. Stahi,municipiul IAŞI,"Str. Eternităţii 121, Cimitirul Eternitatea",sec. XX
1616,IS-IV-m-B-04351,Mormântul poetului George Topârceanu,municipiul IAŞI,"Str. Eternităţii 121, Cimitirul Eternitatea",sec. XX
1617,IS-IV-m-B-04352,Mormântul istoricului Vasile Alexandrescu Urechia,municipiul IAŞI,"Str. Eternităţii 121, Cimitirul Eternitatea",sec. XX
1618,IS-IV-m-B-04353,Mormântul actorului Nicolae Venias Constantin Vârnav,municipiul IAŞI,"Str. Eternităţii 121, Cimitirul Eternitatea",sec. XX
1620,IS-IV-m-B-04355,Mormântul pictorului Gheorghe Panaitescu Bardasare,municipiul IAŞI,"Str. Eternităţii 121, Cimitirul Eternitatea",sec. XX
1621,IS-IV-m-B-21057,Mormântul magistratului Constantin Crupenschi,municipiul IAȘI,"Str. Eternității 121, Cimitirul Eternitatea","1916, modernă"
1622,IS-IV-m-B-03914.12,Mausoleul Grigore al III lea Ghica Vodă,municipiul IAŞI,Bd. Independenţei 1,1777
1623,IS-IV-m-B-04356,Monumentul doctorului Ludwig Russ,municipiul IAŞI,"Bd. Independenţei 1, în curtea spitalului Spiridon""","""Sf. sec. XX"
1624,IS-IV-m-B-04357,Crucea lui Ferentz,municipiul IAŞI,"Şos. Nicolina 5, pe o movilă la poalele Dealului Nicolina",1716 - 1717
1625,IS-IV-m-A-04006.05,Mausoleul lui Grigore Sturdza,municipiul IAŞI,Str. Radu Vodă 1,1833
1626,IS-IV-m-B-04359,Casa memorială George Topârceanu,municipiul IAŞI,Str. Ralet 7,sec. XIX
1627,IS-IV-m-B-04360,"Vila ""Sonet"" - Casa memorială Mihail Codreanu, Muzeul Literaturii Române",municipiul IAŞI,Str. Rece 5,înc. sec. XX
1628,IS-IV-m-B-04361,"Fostul sediu al revistei ""Contemporanul""",municipiul IAŞI,Str. Sărăriei 15,sec. XX
1629,IS-IV-m-B-04362,Casa Delavrancea,sat GOEŞTI; comuna LUNGANI,,sec. XIX-XX
1630,IS-IV-m-B-04193.04,Mormântul scriitorului Costache Negruzzi,sat LUNCA PRUTULUI; comuna,În curtea bisericii,sec. XIX
1631,IS-IV-m-B-04202.02,Mausoleul lui Vasile Alecsandri,sat MIRCEŞTI; comuna MIRCEŞTI,,1925 - 1927
1632,IS-IV-m-B-04238.06,Mormântul pregătit pentru domnitorul Alexandru Ioan Cuza,sat RUGINOASA; comuna RUGINOASA,,sf. sec. XIX
1633,IS-IV-m-B-04363,Casa memorială a lui Garabet Ibrăileanu,oraş TÂRGU FRUMOS,Str. Cuza Vodă,înc. sec. XX
1634,IS-IV-m-B-04264.03,Mausoleul familiei Petre P. Carp,sat ŢIBĂNEŞTI; comuna ŢIBĂNEŞTI,,1819
