Nr. crt.,Cod LMI,Denumire,Localitate,Adresă,Datare
2,IF-I-s-B-15131,Situl arheologic de la Buftea,oraş BUFTEA,"În punct ""La Abator"", pe malul est al lacului Flămânzeni",
3,IF-I-m-B-15131.01,Aşezare,oraş BUFTEA,"În punct ""La Abator"", pe malul de est lacului Flămânzeni",al sec. XVI
4,IF-I-m-B-15131.02,Aşezare,oraş BUFTEA,"În punct ""La Abator"", pe malul de est lacului Flămânzeni",al sec. IX - XI
5,IF-I-m-B-15131.03,Aşezare,oraş BUFTEA,"În punct ""La Abator"", pe malul est al lacului Flămânzeni",sec. III - IV p. Chr.
6,IF-I-s-B-15132,Aşezare,oraş BUFTEA,"În punct ""La Gropi"", pe malul est al lacului Buciumeni",Eneolitic târziu
7,IF-I-s-B-15133,Situl arheologic de la Buftea,oraş BUFTEA,"În punct ""La Gutui"", pe malul est al lacului Buciumeni",
8,IF-I-m-B-15133.01,Aşezare,oraş BUFTEA,"În punct ""La Gutui"", pe malul est al lacului Buciumeni",sec. X - XI
9,IF-I-m-B-15133.02,Aşezare,oraş BUFTEA,"În punct ""La Gutui"", pe malul est al lacului Buciumeni",sec. III - IV p. Chr.
10,IF-I-s-B-15134,Situl arheologic de la Buftea,oraş BUFTEA,"În punct ""Calul Bălan"", pe malul sud- vest al lacului Buftea vest al lacului Buftea",
12,IF-I-m-B-15134.02,Aşezare,oraş BUFTEA,"În punct ""Calul Bălan"", pe malul sud- vest al lacului Buftea",sec. I a. Chr.- I p. Chr.
13,IF-I-s-A-15135,Situl arheologic de la Buftea,oraş BUFTEA,"În punct ""La Cârna"", pe malul vestic lacului Buftea",al
14,IF-I-m-A-15135.01,Biserică (ruine),oraş BUFTEA,"În punct ""La Cârna"", pe malul vestic lacului Buftea",al sec. XVI
15,IF-I-m-A-15135.02,Aşezare,oraş BUFTEA,"În punct ""La Cârna"", pe malul vestic lacului Buftea",al sec. XIV - XVI
16,IF-I-m-A-15135.03,Necropolă,oraş BUFTEA,"În punct ""La Cârna"", pe malul vestic lacului Buftea",al sec. XIV - XVI
17,IF-I-m-A-15135.04,Aşezare,oraş BUFTEA,"În punct ""La Cârna"", pe malul vestic lacului Buftea",al sec. VI - VII
18,IF-I-m-A-15135.05,Aşezare,oraş BUFTEA,"În punct ""La Cârna"", pe malul vestic lacului Buftea",al sec. III - IV p. Chr.
19,IF-I-m-A-15135.06,Necropolă,oraş BUFTEA,"În punct ""La Cârna"", pe malul vestic lacului Buftea",al sec. III - IV p. Chr.
20,IF-I-s-B-15156,Situl arheologic de la Buciumeni,oraş BUFTEA,"Cartier Buciumeni, pe malul drept al pârâului Colentina, la circa 1 km sud complexul de locuinţe al fostei Fabrici de oxigen; pe malul drept al pârâului Colentina, la nord-vest de CFR Bucureşti-Ploieşti", de
21,IF-I-m-B-15156.01,Aşezare,oraş BUFTEA,"Cartier Buciumeni, pe malul drept al pârâului Colentina, la circa 1km sud complexul de locuinţe al fostei Fabrici",sec. XVIII - XIX de
22,IF-I-m-B-15156.02,Aşezare,oraş BUFTEA,"Cartier Buciumeni, pe malul drept al pârâului Colentina, la circa 1km sud complexul de locuinţe al fostei Fabrici de oxigen",sec. II - I a. Chr. de
23,IF-I-m-B-15156.03,Aşezare,oraş BUFTEA,"Cartier Buciumeni, pe malul drept al pârâului Colentina, la circa 1km sud complexul de locuinţe al fostei Fabrici de oxigen",Epoca bronzului de
24,IF-I-m-B-15156.04,Aşezare,oraş BUFTEA,"Cartier Buciumeni, pe malul drept al pârâului Colentina, la nord-vest de CFR Bucureşti-Ploieşti",sec. XVI - XVIII
25,IF-I-m-B-15156.05,Aşezare,oraş BUFTEA,"Cartier Buciumeni, pe malul drept al pârâului Colentina, la nord-vest de CFR Bucureşti-Ploieşti",sec. III - IV p. Chr.
26,IF-I-m-B-15156.06,Aşezare,oraş BUFTEA,"Cartier Buciumeni, pe malul drept al pârâului Colentina, la nord-vest de CFR Bucureşti-Ploieşti","Epoca neolitică, Cultura Gumelniţa"
27,IF-I-s-B-15137,"Situl arheologic de la Afumaţi, punct ""Pârâul Pasărea""",sat AFUMAŢI; comuna AFUMAŢI,"Pe malul drept al pârâului Pasărea, imediat la est de şos. Afumaţi- Petrăchioaia",Epoca medievală
28,IF-I-m-B-15137.01,Manufactura lui Şerban Cantacuzino,sat AFUMAŢI; comuna AFUMAŢI,"Pe malul drept al pârâului Pasărea, imediat la est de şos. Afumaţi- Petrăchioaia",sec. XVII - XVIII
29,IF-I-m-B-15137.02,Necropolă,sat AFUMAŢI; comuna AFUMAŢI AFUMAŢI,"Pe malul drept al pârâului Pasărea, imediat la est de şos. Afumaţi- Petrăchioaia imediat la est de şos. Afumaţi-",sec. XV - XVI
31,IF-I-s-B-15138,Curtea domnească a lui Radu de la Afumaţi,sat AFUMAŢI; comuna AFUMAŢI,"Pe malul stâng al pârâului Pasărea, la 300 m vest de şoseaua Afumaţi- Petrăchioaia","sec. XVI, Epoca medievală"
32,IF-I-s-B-15139,"Situl arheologic de la Afumaţi, punct ""Pârăul Pasărea""",sat AFUMAŢI; comuna AFUMAŢI,"Pe malul drept al pârâului Pasărea, de la hotarul cu comuna Ştefăneştii de până în marginea vestică a satului Afumaţi", Jos
33,IF-I-m-B-15139.01,Aşezare,sat AFUMAŢI; comuna AFUMAŢI,"Pe malul drept al pârâului Pasărea, de la hotarul cu comuna Ştefăneştii de până în marginea vestică a satului Afumaţi",Epoca medievală Jos
34,IF-I-m-B-15139.02,Aşezare,sat AFUMAŢI; comuna AFUMAŢI,"Pe malul drept al pârâului Pasărea, de la hotarul cu comuna Ştefăneştii de până în marginea vestică a satului Afumaţi",sec. IX - XI Jos
35,IF-I-m-B-15139.03,Aşezare,sat AFUMAŢI; comuna AFUMAŢI,"Pe malul drept al pârâului Pasărea, de la hotarul cu comuna Ştefăneştii de până în marginea vestică a satului Afumaţi",Epoca daco-romană Jos
36,IF-I-m-B-15139.04,Aşezare,sat AFUMAŢI; comuna AFUMAŢI,"Pe malul drept al pârâului Pasărea, de la hotarul cu comuna Ştefăneştii de până în marginea vestică a satului Afumaţi",Epoca geto-dacică Jos
37,IF-I-m-B-15139.05,Aşezare,sat AFUMAŢI; comuna AFUMAŢI,"Pe malul drept al pârâului Pasărea, de la hotarul cu comuna Ştefăneştii de până în marginea vestică a satului",Epoca bronzului Jos
38,IF-I-s-B-15140,Situl arheologic de la Alunişul,localitate componentă ALUNIŞUL; oraş MĂGURELE,"Pe malul stâng al pârâului Sabar, în marginea estică a satului",
39,IF-I-m-B-15140.01,Aşezare,localitate componentă ALUNIŞUL; oraş MĂGURELE,"Pe malul stâng al pârâului Sabar, în marginea estică a satului",sec. XVI - XVIII
40,IF-I-m-B-15140.02,Aşezare,localitate componentă ALUNIŞUL; oraş MĂGURELE,"Pe malul stâng al pârâului Sabar, în marginea estică a satului",sec. IX - XI
41,IF-I-m-B-15140.03,Aşezare,localitate componentă ALUNIŞUL; oraş MĂGURELE,"Pe malul stâng al pârâului Sabar, în marginea estică a satului",sec. II - IV p. Chr.
42, IF-I-m-B-15140.04, Aşezare, localitate componentă ALUNIŞUL; oraş MĂGURELE," Pe malul stâng al pârâului Sabar, în marginea estică a satului", Epoca geto-dacică
43,IF-I-s-A-15141,Situl arheologic de la Măgurele,localitate componentă ALUNIŞUL; oraş MĂGURELE,"În punct ""Movila Filipescu"" sau ""Broscărie"", pe malul nordic al Ciorogârlei, la sud-vest de depozitul colectare a ambalajelor", de
44,IF-I-m-A-15141.01,Aşezare,localitate componentă ALUNIŞUL; oraş MĂGURELE,"În punct ""Movila Filipescu"" sau ""Broscărie"", pe malul nordic al Ciorogârlei, la sud-vest de depozitul colectare a ambalajelor",sec. XVII - XVIII de
45,IF-I-m-A-15141.02,Aşezare,localitate componentă ALUNIŞUL; oraş MĂGURELE,"În punct ""Movila Filipescu"" sau ""Broscărie"", pe malul nordic al Ciorogârlei, la sud-vest de depozitul",sec. X - XI de
46,IF-I-m-A-15141.03,Aşezare,localitate componentă ALUNIŞUL; oraş MĂGURELE,"În punct ""Movila Filipescu"" sau ""Broscărie"", pe malul nordic al Ciorogârlei, la sud-vest de depozitul colectare a ambalajelor",sec. V - VII de
47,IF-I-m-A-15141.04,Aşezare şi necropolă,localitate componentă ALUNIŞUL; oraş MĂGURELE,"În punct ""Movila Filipescu"" sau ""Broscărie"", pe malul nordic al Ciorogârlei, la sud-vest de depozitul colectare a ambalajelor",sec. III - IV p. Chr. de
48,IF-I-m-A-15141.05,Aşezare,localitate componentă ALUNIŞUL; oraş MĂGURELE,"În punct ""Movila Filipescu"" sau ""Broscărie"", pe malul nordic al Ciorogârlei, la sud-vest de depozitul colectare a ambalajelor",Epoca bronzului de
49,IF-I-m-A-15141.06,Aşezare,localitate componentă ALUNIŞUL; oraş MĂGURELE,"În punct ""Movila Filipescu"" sau ""Broscărie"", pe malul nordic al Ciorogârlei, la sud-vest de depozitul colectare a ambalajelor","Neolitic, Cultura Gumelniţa de"
50,IF-I-s-B-15142,Situl arheologic de la Baloteşti,sat BALOTEŞTI; comuna BALOTEŞTI,"Pe malul drept al pârâului Cociovaliştea, în marginea estică a pădurii Petreşti",
51,IF-I-m-B-15142.01,Aşezare,sat BALOTEŞTI; comuna BALOTEŞTI,"Pe malul drept al pârâului Cociovaliştea, de la ICP Baloteşti până la şos. Bucureşti-Ploieşti",Epoca geto-dacică
52,IF-I-m-B-15142.02,"Aşezare Baloteşti, punct ""Malul",sat BALOTEŞTI; comuna BALOTEŞTI BALOTEŞTI,"Pe malul drept al pârâului Cociovaliştea, în marginea estică a pădurii Petreşti suprapus de str. Prelungirea Broscari",Epoca bronzului
54,IF-I-m-B-15143.01,Aşezare,sat BALOTEŞTI; comuna BALOTEŞTI,"La est de o vale afluentă Cociovaliştei, între pădurea Paşcani, malul stâng al Cociovaliştei şi hotarul cu com. Moara Vlăsiei",sec. X
55,IF-I-m-B-15143.02,Aşezare,sat BALOTEŞTI; comuna BALOTEŞTI,"La est de o vale afluentă Cociovaliştei, între pădurea Paşcani, malul stâng al Cociovaliştei şi hotarul cu com. Moara Vlăsiei",sec. II - III p. Chr.
56,IF-I-m-B-15143.03,Aşezare,sat BALOTEŞTI; comuna BALOTEŞTI,"La est de o vale afluentă Cociovaliştei, între pădurea Paşcani, malul stâng al Cociovaliştei şi hotarul cu com. Moara Vlăsiei",sec. II - I a. Chr.
57,IF-I-m-B-15143.04,Aşezare,sat BALOTEŞTI; comuna BALOTEŞTI,"La est de o vale afluentă Cociovaliştei, între pădurea Paşcani, malul stâng al Cociovaliştei şi hotarul cu com. Moara Vlăsiei","Epoca bronzului, Culturile Glina; Tei, faza III"
58,IF-I-m-B-15143.05,Aşezare,sat BALOTEŞTI; comuna BALOTEŞTI,"Pe malul stâng al Cociovaliştei, suprapus de str. Prelungirea Broscari",Epoca bronzului
59,IF-I-m-B-15143.06,Aşezare,sat BALOTEŞTI; comuna BALOTEŞTI,"Pe malul stâng al Cociovaliştei, suprapus de str. Prelungirea Broscari","Epoca neolitică, Cultura Gumelniţa"
60,IF-I-s-B-15144,"Situl arheologic de la Baloteşti, punct ""Râul Vlăsia""",sat BALOTEŞTI; comuna BALOTEŞTI,"Pe malul drept al pârâului Vlăsia, la de şoseaua spre sanatoriul TBC, pe arabil şi în pădurea Paşcani",est
61,IF-I-m-B-15144.01,Aşezare,sat BALOTEŞTI; comuna BALOTEŞTI BALOTEŞTI,"Pe malul drept al pârâului Vlăsia, la de şoseaua spre sanatoriul TBC de şoseaua spre sanatoriul TBC",est sec. X
63,IF-I-m-B-15144.03,Aşezare,sat BALOTEŞTI; comuna BALOTEŞTI,"Pe malul drept al pârâului Vlăsia, la de şoseaua spre sanatoriul TBC",est sec. III - II a. Chr.
64,IF-I-s-B-15144.04,Aşezare,sat BALOTEŞTI; comuna BALOTEŞTI,"Pe malul drept al pârâului Vlăsia, la de şoseaua spre sanatoriul TBC","est Epoca bronzului, Cultura Tei"
65,IF-I-m-B-15144.05,Aşezare,sat BALOTEŞTI; comuna BALOTEŞTI,"Pe malul drept al pârâului Vlăsia, pe arabil şi în pădurea Paşcani",sec. V - VI
66,IF-I-m-B-15144.06,Aşezare,sat BALOTEŞTI; comuna BALOTEŞTI,"Pe malul drept al pârâului Vlăsia, pe arabil şi în pădurea Paşcani",sec. II - III p. Chr.
67,IF-I-s-A-15146,Situl arheologic de la Bălăceanca,sat BĂLĂCEANCA; comuna CERNICA,"În punct ""Tell-ul Glina"", pe malul drept al râului Dâmboviţa, către hotarul cu comuna Glina",
68,IF-I-m-A-15146.01,Tell,sat BĂLĂCEANCA; comuna CERNICA,"În punct ""Tell-ul Glina"", pe malul drept al râului Dâmboviţa, către hotarul cu comuna Glina","Epoca bronzului, Cultura Glina"
69,IF-I-m-A-15146.02,Tell,sat BĂLĂCEANCA; comuna CERNICA,"În punct ""Tell-ul Glina"", pe malul drept al râului Dâmboviţa, către hotarul cu comuna Glina","Neolitic, Culturile Boian şi Gumelniţa"
70,IF-I-s-B-15147,"Situl arheologic de la Bălăceanca, punct ""Vatra satului""",sat BĂLĂCEANCA; comuna CERNICA,"""Vatra Satului""",
71,IF-I-m-B-15147.01,Aşezare,sat BĂLĂCEANCA; comuna CERNICA,"În punct ""Platforma de la sud-sud-vest de Tell"", pe malul drept al Dâmboviţei, la sud şi vest de tell-ul Glina",sec. XVII - XIX
72,IF-I-m-B-15147.02,Aşezare,sat BĂLĂCEANCA; comuna CERNICA,"În punct ""Platforma de la sud-sud-vest de Tell"", pe malul drept al Dâmboviţei,",sec. II - III p. Chr.
73,IF-I-m-B-15147.03,Aşezare,sat BĂLĂCEANCA; comuna CERNICA,"În punct ""Platforma de la sud-sud-vest de Tell"", pe malul drept al Dâmboviţei, la sud şi vest de tell-ul Glina",Epoca bronzului
74,IF-I-m-B-15147.04,Aşezare,sat BĂLĂCEANCA; comuna CERNICA,"În punct ""Platforma de la sud-sud-vest de Tell"", pe malul drept al Dâmboviţei, la sud şi vest de tell-ul Glina","Epoca neolitică, Culturile Boian şi Gumelniţa"
75,IF-I-m-B-15147.05,Aşezare,sat BĂLĂCEANCA; comuna CERNICA,"Pe malul drept al Dâmboviţei, în punct ""Fosta fermă zootehnică"", la nord-vest de sat",sec. XVII - XIX
76,IF-I-m-B-15147.06,Aşezare,sat BĂLĂCEANCA; comuna CERNICA,"Pe malul drept al Dâmboviţei, în punct ""Fosta fermă zootehnică"", la nord-vest de sat",Epoca geto-dacică
77, IF-I-m-B-15147.07, Aşezare, sat BĂLĂCEANCA; comuna CERNICA," Pe malul drept al Dâmboviţei, în punct ""Fosta fermă zootehnică"", la nord-vest de sat", Epoca bronzului
78,IF-I-m-B-15147.08,Aşezare,sat BĂLĂCEANCA; comuna CERNICA,"Pe malul drept al Dâmboviţei, în punct ""Fosta fermă zootehnică"", la nord-vest de sat",Epoca neolitică
79,IF-I-m-B-15147.09,Aşezare,sat BĂLĂCEANCA; comuna CERNICA,"""Vatra Satului"", pe malul drept al Dâmboviţei",sec. VI
80,IF-I-m-B-15147.10,Aşezare,sat BĂLĂCEANCA; comuna CERNICA,"""Vatra Satului"", pe malul drept al Dâmboviţei",Epoca geto-dacică
81,IF-I-m-B-15147.11,Aşezare,sat BĂLĂCEANCA; comuna CERNICA comuna CERNICA,"""Cariera de nisip"", pe malul drept al Dâmboviţei, în marginea de est a satului. punct ""Cariera de nisip""",sec. IV - V p. Chr.
83,IF-I-s-B-15148,Situl arheologic de la Bălăceanca,sat BĂLĂCEANCA; comuna CERNICA,"În punct ""La malul trăznit"" sau ""Ecluză"", între malul drept al Dâmboviţei şi drumul spre satul Frunzăneşti",
84,IF-I-m-B-15148.01,Aşezare,sat BĂLĂCEANCA; comuna CERNICA,"În punct ""La malul trăznit"" sau ""Ecluză"", între malul drept al Dâmboviţei şi drumul spre satul Frunzăneşti",sec. XVIII - XIX
85,IF-I-m-B-15148.02,Aşezare,sat BĂLĂCEANCA; comuna CERNICA,"În punct ""La malul trăznit"" sau ""Ecluză"", între malul drept al Dâmboviţei şi drumul spre satul Frunzăneşti",sec. IX - X
86,IF-I-m-B-15148.03,Aşezare,sat BĂLĂCEANCA; comuna CERNICA,"În punct ""La malul trăznit"" sau ""Ecluză"", între malul drept al Dâmboviţei şi drumul spre satul Frunzăneşti",sec. VI - VII
87, IF-I-m-B-15148.04, Aşezare, sat BĂLĂCEANCA; comuna CERNICA," În punct ""La malul trăznit"" sau ""Ecluză"", între malul drept al Dâmboviţei şi drumul spre satul Frunzăneşti", sec. IV - III şi II - I a. Chr.
88,IF-I-s-B-15149,Situl arheologic de la Bălteni,sat BĂLTENI; comuna PERIŞ,Pe ambele maluri ale văii Podişaru,
89,IF-I-m-B-15149.01,Aşezare,sat BĂLTENI; comuna PERIŞ,Pe ambele maluri ale văii Podişaru,sec. XVIII
90,IF-I-m-B-15149.02,Aşezare,sat BĂLTENI; comuna PERIŞ,Pe ambele maluri ale văii Podişaru,sec. IX - X
91,IF-I-m-B-15149.03,Aşezare,sat BĂLTENI; comuna PERIŞ,Pe ambele maluri ale văii Podişaru,sec. IV - V p. Chr.
92,IF-I-m-B-15149.04,Aşezare Bălteni,sat BĂLTENI; comuna PERIŞ PERIŞ,Pe ambele maluri ale văii Podişaru Izvorului şi Valea Roşie,sec. II - III p. Chr.
94,IF-I-m-B-15150.01,Aşezare,sat BĂLTENI; comuna PERIŞ,"În partea vestică a satului, între Valea Izvorului şi Valea Roşie",sec. V
95,IF-I-m-B-15150.02,Aşezare,sat BĂLTENI; comuna PERIŞ,"În partea vestică a satului, între Valea Izvorului şi Valea Roşie",sec. II - I a. Chr.
96,IF-I-s-B-15151,Situl arheologic de la Bragadiru,oraş BRAGADIRU,"În punct ""La Moară"", pe malul stâng pârâului Sabar, la vest de FNC Bragadiru",al
97,IF-I-m-B-15151.01,Aşezare,oraş BRAGADIRU,"În punct ""La Moară"", pe malul stâng pârâului Sabar, la vest de FNC Bragadiru",al sec. XV - XVI
98,IF-I-m-B-15151.02,Aşezare,oraş BRAGADIRU,"În punct ""La Moară"", pe malul stâng pârâului Sabar, la vest de FNC Bragadiru",al sec. X - XI
99,IF-I-m-B-15151.03,Aşezare,oraş BRAGADIRU,"În punct ""La Moară"", pe malul stâng pârâului Sabar, la vest de FNC Bragadiru",al sec. III - IV p. Chr.
100,IF-I-m-B-15151.04,Aşezare,oraş BRAGADIRU,"În punct ""La Moară"", pe malul stâng pârâului Sabar, la vest de FNC Bragadiru",al sec. II - I a. Chr.
101,IF-I-s-B-15152,Situl arheologic de la Bragadiru,oraş BRAGADIRU,"În punct ""Staţia de epurare"", pe ambele maluri ale pârâului Sabar, de la est de podul şoselei Bucureşti-Cornetu până hotarul cu orașul Măgurele", la
102,IF-I-m-B-15152.01,Aşezare,oraş BRAGADIRU,"În punct ""Staţia de epurare"", pe ambele maluri ale pârâului Sabar, de la est de podul şoselei Bucureşti-Cornetu până",sec. XIV - XVIII la
103,IF-I-m-B-15152.02,Aşezare,oraş BRAGADIRU,"În punct ""Staţia de epurare"", pe ambele maluri ale pârâului Sabar, de la est de podul şoselei Bucureşti-Cornetu până hotarul cu orașul Măgurele",sec. IX - XI la
104,IF-I-m-B-15152.03,Aşezare,oraş BRAGADIRU,"În punct ""Staţia de epurare"", pe ambele maluri ale pârâului Sabar, de la est de podul şoselei Bucureşti-Cornetu până hotarul cu orașul Măgurele",sec. III - IV p. Chr. la
105,IF-I-m-B-15152.04,Aşezare,oraş BRAGADIRU,"În punct ""Staţia de epurare"", pe ambele maluri ale pârâului Sabar, de la est de podul şoselei Bucureşti-Cornetu până hotarul cu orașul Măgurele",Epoca geto-dacică la
106,IF-I-m-B-15152.05,Aşezare,oraş BRAGADIRU,"În punct ""Staţia de epurare"", pe ambele maluri ale pârâului Sabar, de la est de podul şoselei Bucureşti-Cornetu până hotarul cu orașul Măgurele",Epoca bronzului la
107,IF-I-m-B-15152.06,Aşezare,oraş BRAGADIRU,"În punct ""Staţia de epurare"", pe ambele maluri ale pârâului Sabar, de la est de podul şoselei Bucureşti-Cornetu până hotarul cu orașul Măgurele",Epoca neolitică la
108,IF-I-s-B-15153,Situl arheologic de la Bragadiru,oraş BRAGADIRU,"Pe malul stâng al Ciorogârlei, vis-à-vis de fosta cărămidărie, până la hotarul orașul Măgurele; în punct ""La Fosta Cărămidărie"", pe malul drept al Ciorogârlei, la est de localitate", cu
109,IF-I-m-B-15153.01,Aşezare,oraş BRAGADIRU,"Pe malul stâng al Ciorogârlei, vis-à- vis de fosta cărămidărie, până la hotarul",sec. XVII - XVIII cu
110,IF-I-m-B-15153.02,Aşezare,oraş BRAGADIRU,"Pe malul stâng al Ciorogârlei, vis-à-vis de fosta cărămidărie, până la hotarul orașul Măgurele",sec. IX - XI cu
111,IF-I-m-B-15153.03,Aşezare,oraş BRAGADIRU,"Pe malul stâng al Ciorogârlei, vis-à-vis de fosta cărămidărie, până la hotarul orașul Măgurele",sec. III - IV p. Chr. cu
112,IF-I-m-B-15153.04,Aşezare,oraş BRAGADIRU,"Pe malul stâng al Ciorogârlei, vis-à-vis de fosta cărămidărie, până la hotarul orașul Măgurele",Epoca geto-dacică cu
113,IF-I-m-B-15153.05,Aşezare,oraş BRAGADIRU,"Pe malul stâng al Ciorogârlei, vis-à-vis de fosta cărămidărie, până la hotarul orașul Măgurele",Epoca bronzului cu
114, IF-I-m-B-15153.06, Aşezare, oraş BRAGADIRU," Pe malul stâng al Ciorogârlei, vis-à-vis de fosta cărămidărie, până la hotarul orașul Măgurele", Epoca neolitică cu
115,IF-I-m-B-15153.07,Aşezare,oraş BRAGADIRU,"În punct ""La Fosta Cărămidărie"", pe malul drept al pârâului Ciorogârla, la est de localitate",Epoca geto-dacică
116,IF-I-s-B-15154,Situl arheologic de la Bragadiru,oraş BRAGADIRU,"Pe malul stâng al Ciorogârlei, la circa 1000 m aval de podul şoseaua Bucureşti-Cornetu",
117,IF-I-m-B-15154.01,Aşezare,oraş BRAGADIRU,"Pe malul stâng al Ciorogârlei, la circa 1000m aval de podul şoseaua Bucureşti-Cornetu",sec. XV - XVI
118,IF-I-m-B-15154.02,Aşezare,oraş BRAGADIRU,"Pe malul stâng al Ciorogârlei, la circa 1000m aval de podul şoseaua",sec. IX - XI
119,IF-I-m-B-15155,Aşezare,sat BRĂNEŞTI; comuna BRĂNEŞTI,"În punct ""Ostrov"", situat în mijlocul lacului Brăneşti, din partea de sud-vest a satului",Epoca neolitică
120,IF-I-s-B-15157,Situl arheologic de la Buriaş-Ciocănari,sat BURIAŞ; comuna PERIŞ,"La sud de sat, la 1 km est de şoseaua Buriaş-Ciocănari",
121,IF-I-m-B-15157.01,Aşezare,sat BURIAŞ; comuna PERIŞ,"La sud de sat, la 1 km est de şoseaua Buriaş-Ciocănari","Epoca bronzului, Cultura Glina"
122,IF-I-m-B-15157.02,Aşezare,sat BURIAŞ; comuna PERIŞ,La 200 m est de şoseaua Buriaş- Ciocănari şi 50 m nord de pădurea Buriaş,"Epoca bronzului, Cultura Tei"
123,IF-I-s-B-15158,Situl arheologic de la Căciulaţi,sat CĂCIULAŢI; comuna MOARA VLĂSIEI,"Pe malul stâng al pârâului Cociovaliştea, traversată de drumul care duce în pădurea Paşcani",
124,IF-I-m-B-15158.01,Aşezare,sat CĂCIULAŢI; comuna MOARA VLĂSIEI,"Pe malul stâng al pârâului Cociovaliştea, traversată de drumul care duce în pădurea Paşcani",Epoca bronzului
125,IF-I-m-B-15158.02,Aşezare,sat CĂCIULAŢI; comuna MOARA VLĂSIEI,"Pe malul stâng al pârâului Cociovaliştea, la circa 750 m est de drumul care duce în pădurea Paşcani","Epoca bronzului, Cultura Tei, faza V"
126,IF-I-m-B-15158.03,Aşezare,sat CĂCIULAŢI; comuna MOARA VLĂSIEI,"Pe malul stâng al pârâului Cociovaliştea, în marginea vestică a pădurii Paşcani",sec. X
127,IF-I-m-B-15158.04,Aşezare,sat CĂCIULAŢI; comuna MOARA VLĂSIEI MOARA VLĂSIEI,"Pe malul stâng al pârâului Cociovaliştea, din marginea estică a pădurii Paşcani, până la est de CFR Bucureşti-Snagov Cociovaliştea, din marginea estică a",sec. IX - X
129,IF-I-m-B-15158.06,Aşezare,sat CĂCIULAŢI; comuna MOARA VLĂSIEI,"Pe malul stâng al pârâului Cociovaliştea, din marginea estică a pădurii Paşcani, până la est de CFR Bucureşti-Snagov",Epoca bronzului
130,IF-I-s-B-15160,Aşezare,sat CĂLDĂRARU; comuna CERNICA,"În punct ""Colţul Pădurii Căldăraru"", malul vestic al lacului Cernica, vis-à-vis de ştrandul Cernica",pe Epoca bronzului
131,IF-I-s-A-15161,Situl arheologic de la Căldăraru,sat CĂLDĂRARU; comuna CERNICA,"În punct ""Mănăstirea Iezerul"", pe malul vestic al lacului Cernica, la circa 500 nord de sat", m
132,IF-I-m-B-15161.01,Fosta mănăstire Iezerul (fundaţii),sat CĂLDĂRARU; comuna CERNICA,"În punct ""Mănăstirea Iezerul"", pe malul de vest al lacului Cernica, la circa 500 nord de sat",sec. XVII - XVIII m
133,IF-I-m-B-15161.02,Aşezare,sat CĂLDĂRARU; comuna CERNICA,"În punct ""Mănăstirea Iezerul"", pe malul de vest al lacului Cernica, la circa 500 nord de sat",sec. XVI - XVIII m
134,IF-I-m-B-15161.03,Necropolă,sat CĂLDĂRARU; comuna CERNICA,"În punct ""Mănăstirea Iezerul"", pe malul de vest al lacului Cernica, la circa 500 nord de sat",sec. XVI - XVIII m
135,IF-I-m-B-15161.04,Aşezare,sat CĂLDĂRARU; comuna CERNICA,"În punct ""Mănăstirea Iezerul"", pe malul de vest al lacului Cernica, la circa 500 nord de sat",sec. V - VI p. Chr. m
136,IF-I-m-B-15161.05,Aşezare,sat CĂLDĂRARU; comuna CERNICA,"În punct ""Mănăstirea Iezerul"", pe malul de vest al lacului Cernica, la circa 500",sec. II - III p. Chr. m
137,IF-I-m-B-15161.06,Aşezare,sat CĂLDĂRARU; comuna CERNICA,"În punct ""Mănăstirea Iezerul"", pe malul de vest al lacului Cernica, la circa 500 nord de sat",sec. IV - III a. Chr. m
138,IF-I-m-B-15161.07,Aşezare,sat CĂLDĂRARU; comuna CERNICA,"În punct ""Mănăstirea Iezerul"", pe malul de vest al lacului Cernica, la circa 500 nord de sat","Epoca bronzului, m Culturile Glina şi Tei, faza III"
139,IF-I-m-B-15161.08,Necropolă,sat CĂLDĂRARU; comuna CERNICA,"În punct ""Mănăstirea Iezerul"", pe malul de vest al lacului Cernica, la circa 500 nord de sat","Epoca neolitică, Cultura m Boian, fazele Bolintineanu şi Giuleşti"
140,IF-I-m-B-15161.09,Aşezare,sat CĂLDĂRARU; comuna CERNICA,"În punct ""Mănăstirea Iezerul"", pe malul de vest al lacului Cernica, la circa 500 nord de sat","Epoca neolitică, Cultura m Boian, faza Bolintineanu"
141, IF-I-m-B-15161.10, Aşezare, sat CĂLDĂRARU; comuna CERNICA," În punct ""Mănăstirea Iezerul"", pe malul de vest al lacului Cernica, la circa 500 nord de sat"," Epoca neolitică, Cultura m Dudeşti, faza Cernica"
142,IF-I-s-B-15162,Aşezare,sat CĂLDĂRARU; comuna CERNICA,"În punct ""Gara Căţelu"", pe malul vestic al lacului Pantelimon",Epoca geto-dacică
143,IF-I-s-B-15163,Aşezare,sat CĂLDĂRARU; comuna CERNICA,"Pe malul vestic al lacului Pantelimon, vest de şoseaua de centură",la Epoca daco-romană
144,IF-I-s-B-15164,Situl arheologic de la Căţelu,sat CĂŢELU; comuna GLINA,"Pe malul stâng al Dâmboviţei, din partea de sud-vest a satului, până la şoseaua Căţelu-Glina",
145,IF-I-m-B-15164.01,Aşezare,sat CĂŢELU; comuna GLINA GLINA,"Pe malul stâng al Dâmboviţei, din partea de sud-vest a satului, până la şoseaua Căţelu-Glina partea de sud-vest a satului, până la",sec. III - IV p. Chr.
147,IF-I-s-B-15165,Situl arheologic de la Căţelu,sat CĂŢELU; comuna GLINA,"Pe malul de nord al Dâmboviţei şi pe malurile unei văi afluente, din marginea sud-estică a satului, până la calea ferată",
148,IF-I-m-B-15165.01,Aşezare,sat CĂŢELU; comuna GLINA,"Pe malul de nord al Dâmboviţei şi pe malurile unei văi afluente, din marginea sud-estică a satului, până la calea ferată",sec. IX - XI
149,IF-I-m-B-15165.02,Aşezare,sat CĂŢELU; comuna GLINA,"Pe malul de nord al Dâmboviţei şi pe malurile unei văi afluente, din marginea sud-estică a satului, până la calea ferată",Epoca bronzului
150,IF-I-s-B-15166,Situl arheologic de la Chiajna,sat CHIAJNA; comuna CHIAJNA,"Pe malul drept înalt al Dâmboviţei, între conac şi cimitir",
151, IF-I-m-B-15166.01, Aşezare, sat CHIAJNA; comuna CHIAJNA," Pe malul drept înalt al Dâmboviţei, între conac şi cimitir", sec. XVI - XVII
152,IF-I-m-B-15166.02,Aşezare,sat CHIAJNA; comuna CHIAJNA,"Pe malul drept înalt al Dâmboviţei, între conac şi cimitir",sec. VI
153,IF-I-m-B-15166.03,Aşezare,sat CHIAJNA; comuna CHIAJNA,"Pe malul drept înalt al Dâmboviţei, între conac şi cimitir",Epoca geto-dacică
154,IF-I-m-B-15166.04,Aşezare,sat CHIAJNA; comuna CHIAJNA,"Pe malul drept înalt al Dâmboviţei, între conac şi cimitir","Epoca bronzului, Cultura Tei"
155,IF-I-m-B-15166.05,Aşezare,sat CHIAJNA; comuna CHIAJNA,"Pe malul drept înalt al Dâmboviţei, între conac şi cimitir",Epoca neolitică
156,IF-I-s-B-15167,Aşezare,oraș CHITILA,"""Fosta fermă zootehnică de ovine"", malul nod-vestic al lacului Chitila, pe malul sudic al lacului Mogoşoaia, la",pe Epoca daco-romană E
157,IF-I-s-B-15169,Aşezare,sat CIOLPANI; comuna CIOLPANI,"În punct ""Mănăstirea Ţigăneşti"", pe malul drept al Bălţii Mănăstirii, la confluenţa acesteia cu Valea Schitului",sec. III - IV p. Chr.
158,IF-I-s-B-15170,Situl arheologic de la Ciolpani,sat CIOLPANI; comuna CIOLPANI,"În punct ""La Comoară"", pe malul de vest al văii Lacului Ciurii",
159,IF-I-s-B-15170.01,Aşezare,sat CIOLPANI; comuna CIOLPANI,"În punct ""La Comoară"", pe malul de vest al văii Lacului Ciurii",sec. IV - V p. Chr.
160,IF-I-s-B-15170.02,Aşezare,sat CIOLPANI; comuna CIOLPANI,"În punct ""La Comoară"", pe malul de vest al văii Lacului Ciurii",sec. II - III p. Chr.
161,IF-I-s-B-15171,Situl arheologic de la Ţigăneşti,sat CIOLPANI; comuna CIOLPANI,"În punct ""Sere"", pe malul drept al Ialomiţei",
162,IF-I-m-B-15171.01,Aşezare,sat CIOLPANI; comuna CIOLPANI,"În punct ""Sere"", pe malul drept al Ialomiţei",sec. VI
163,IF-I-m-B-15171.02,Aşezare,sat CIOLPANI; comuna CIOLPANI,"În punct ""Sere"", pe malul drept al Ialomiţei",sec. IV p. Chr.
164,IF-I-s-B-15172,Situl arheologic de la Ţigăneşti,sat CIOLPANI; comuna CIOLPANI,"Pe malul drept al Ialomiţei, la nord-est de sat",
165,IF-I-m-B-15172.01,Aşezare,sat CIOLPANI; comuna CIOLPANI,"Pe malul drept al Ialomiţei, la nord-est de sat",sec. VI
166,IF-I-m-B-15172.02,Aşezare,sat CIOLPANI; comuna CIOLPANI,"Pe malul drept al Ialomiţei, la nord-est de sat",sec. II - IV p. Chr.
167,IF-I-m-B-15172.03,Aşezare,sat CIOLPANI; comuna CIOLPANI,"Pe malul drept al Ialomiţei, la nord-est de sat",Hallstatt
168,IF-I-s-B-15173,Tell-urile de la Ciorogârla,sat CIOROGÂRLA; comuna CIOROGÂRLA,"În punct ""La Plopi"", imediat pe malul stâng al pârâului Ciorogârla, de la circa Bolintin","Epoca neolitică, Cultura Boian"
169,IF-I-s-B-15174,Situl arheologic de la Ciorogârla,sat CIOROGÂRLA; comuna CIOROGÂRLA,"În punct ""Liceul Agro-industrial"", pe malul stâng al pârâului Ciorogârla, la circa 200 m vest de şoseaua Bucureşti- Bolintin",
170,IF-I-s-B-15174.01,Aşezare,sat CIOROGÂRLA; comuna CIOROGÂRLA,"În punct ""Liceul Agro-industrial"", pe malul stâng al pârâului Ciorogârla, la circa 200 m vest de şoseaua Bucureşti- Bolintin",sec. III - IV p. Chr.
171,IF-I-m-B-15174.02,Aşezare,sat CIOROGÂRLA; comuna CIOROGÂRLA,"În punct ""Liceul Agro-industrial"", pe malul stâng al pârâului Ciorogârla, la circa 200 m vest de şoseaua Bucureşti- Bolintin","Epoca bronzului, Cultura Glina"
172,IF-I-m-B-15174.03,Aşezare,sat CIOROGÂRLA; comuna CIOROGÂRLA,"În punct ""Liceul Agro-industrial"", pe malul stâng al pârâului Ciorogârla, la circa 200 m vest de şoseaua Bucureşti- Bolintin",Epoca neolitică
173,IF-I-s-B-15175,Situl arheologic de la Ciorogârla,sat CIOROGÂRLA; comuna CIOROGÂRLA,"În punct ""Valea Mirii"", pe malul drept pârâului Ciorogârla, de la circa 300 m spre V de şoseaua Bucureşti-Bolintin",al
174,IF-I-m-B-15175.01,Aşezare,sat CIOROGÂRLA; comuna CIOROGÂRLA,"În punct ""Valea Mirii"", pe malul drept pârâului Ciorogârla, de la circa 300 m spre vest de şoseaua Bucureşti-Bolintin",al sec. IX - XI
175,IF-I-m-B-15175.02,Aşezare,sat CIOROGÂRLA; comuna CIOROGÂRLA comuna CIOROGÂRLA,"În punct ""Valea Mirii"", pe malul drept pârâului Ciorogârla, de la circa 300 m spre vest de şoseaua Bucureşti-Bolintin pârâului Ciorogârla, de la circa 300 m",al sec. II - IV p. Chr.
177,IF-I-m-B-15175.04,Aşezare,sat CIOROGÂRLA; comuna CIOROGÂRLA,"În punct ""Valea Mirii"", pe malul drept pârâului Ciorogârla, de la circa 300 m spre vest de şoseaua Bucureşti-Bolintin","al Epoca bronzului, Cultura Glina"
178,IF-I-s-B-15176,Situl arheologic de la Clinceni,sat CLINCENI; comuna CLINCENI,"În punct ""Poteca Ciurari-Slobozia"", pe malul drept al pârâului Ciorogârla",
179,IF-I-m-B-15176.01,Aşezare,sat CLINCENI; comuna CLINCENI,"În punct ""Poteca Ciurari-Slobozia"", pe malul drept al pârâului Ciorogârla",sec. XV - XVI
180,IF-I-m-B-15176.02,Aşezare,sat CLINCENI; comuna CLINCENI,"În punct ""Poteca Ciurari-Slobozia"", pe malul drept al pârâului Ciorogârla",sec. III - IV p. Chr.
181,IF-I-s-B-15177,Situl arheologic de la Clinceni,sat CLINCENI; comuna CLINCENI,"În punct ""Biserica lui Ramadam Paleologu"", traversată de drumul spre aeroportul Clinceni, pe malul stâng al pârâului Sabar",
182,IF-I-m-B-15177.01,Aşezare,sat CLINCENI; comuna CLINCENI,"În punct ""Biserica lui Ramadam Paleologu"", traversată de drumul spre aeroportul Clinceni, pe malul stâng al pârâului Sabar",sec. XVI - XVIII
183,IF-I-m-B-15177.02,Aşezare,sat CLINCENI; comuna CLINCENI,"În punct ""Biserica lui Ramadam Paleologu"", traversată de drumul spre aeroportul Clinceni, pe malul stâng al pârâului Sabar",sec. IX - XI
184,IF-I-m-B-15177.03,Aşezare Cocioc,sat CLINCENI; comuna CLINCENI PERIŞ,"În punct ""Biserica lui Ramadam Paleologu"", traversată de drumul spre aeroportul Clinceni, pe malul stâng al pârâului Sabar malul sudic al lacului Snagov",sec. III - IV p. Chr.
186,IF-I-m-B-15178.01,Aşezare,sat COCIOC; comuna PERIŞ,"În punct ""Marginea estică a satului"", malul sudic al lacului Snagov",pe Epoca medievală
187,IF-I-m-B-15178.02,Aşezare,sat COCIOC; comuna PERIŞ,"În punct ""Marginea estică a satului"", malul sudic al lacului Snagov",pe Epoca bronzului
188,IF-I-m-B-15178.03,Aşezare,sat COCIOC; comuna PERIŞ,"În punct ""La Clinceanu"", pe malul sudic al lacului Snagov, la 500 m est de sat",sec. VI
189,IF-I-m-B-15178.04,Aşezare,sat COCIOC; comuna PERIŞ,"În punct ""La Clinceanu"", pe malul sudic al lacului Snagov, la 500 m est de sat",Epoca bronzului
190,IF-I-m-B-15178.05,Aşezare,sat COCIOC; comuna PERIŞ,"În punct ""La Vernescu"", pe malul sudic al lacului Snagov, spre hotarul cu comuna Snagov",sec. IV - V p. Chr.
191,IF-I-m-B-15178.06,Aşezare,sat COCIOC; comuna PERIŞ,"În punct ""La Vernescu"", pe malul sudic al lacului Snagov, spre hotarul cu comuna Snagov","Epoca neolitică, Cultura Gumelniţa"
192,IF-I-s-B-15233,Situl arheologic de la Cocioc,sat COCIOC; comuna PERIŞ,Pe ambele maluri ale Vlăsiei,
193,IF-I-m-B-15233.01,Aşezare,sat COCIOC; comuna PERIŞ,"La 600 m sud-est de calea ferată Bucureşti-Ploieşti, pe malul drept al pârâului Vlăsia",sec. XVII - XVIII
194,IF-I-m-B-15233.02,Aşezare,sat COCIOC; comuna PERIŞ,"La 500 m vest de drumul Periş-Ostratu, pe malul drept al Vlăsiei",Epoca bronzului
195,IF-I-m-B-15233.03,Aşezare,sat COCIOC; comuna PERIŞ,"La est şi vest de drumul Periş-Ostratu, pe ambele maluri ale Vlăsiei","Epoca bronzului, Cultura Glina"
196,IF-I-m-B-15233.04,Aşezare,sat COCIOC; comuna PERIŞ PERIŞ,"La circa 500 m est de drumul Periş- Ostratu, pe ambele maluri ale Vlăsiei Ostratu, pe ambele maluri ale Vlăsiei",sec. II - III p. Chr. geto-dacică
198,IF-I-m-B-15233.06,Aşezare,sat COCIOC; comuna PERIŞ,"Pe malul stâng al Vlăsiei, la est de crescătoria de peşte",sec. V - VI
199,IF-I-m-B-15233.07,Aşezare,sat COCIOC; comuna PERIŞ,"Pe malul stâng al Vlăsiei, la est de crescătoria de peşte",sec. II - III p. Chr.
200,IF-I-s-B-15179,Aşezare,sat CORBEANCA; comuna CORBEANCA,"În punct ""Blocurile de specialişti"", pe malul drept al pârâului Cociovaliştea",sec. III - IV p. Chr.
201,IF-I-s-B-15180,Situl arheologic de la Corbeanca,sat CORBEANCA; comuna CORBEANCA,"În punct ""Fosta Staţie de Pompare"", sud-est de cătunul Mecheaua, pe malul stâng al pârâului Cociovaliştea",la
202,IF-I-m-B-15180.01,Aşezare,sat CORBEANCA; comuna CORBEANCA,"În punct ""Fosta Staţie de Pompare"", sud-est de cătunul Mecheaua, pe malul stâng al pârâului Cociovaliştea",la sec. XVIII
203,IF-I-m-B-15180.02,Aşezare,sat CORBEANCA; comuna CORBEANCA,"În punct ""Fosta Staţie de Pompare"", sud-est de cătunul Mecheaua, pe malul stâng al pârâului Cociovaliştea",la sec. X
204,IF-I-m-B-15180.03,Aşezare,sat CORBEANCA; comuna CORBEANCA,"În punct ""Fosta Staţie de Pompare"", sud-est de cătunul Mecheaua, pe malul stâng al pârâului Cociovaliştea",la sec. V - VI
205,IF-I-m-B-15180.04,Aşezare,sat CORBEANCA; comuna CORBEANCA,"În punct ""Fosta Staţie de Pompare"", sud-est de cătunul Mecheaua, pe malul stâng al pârâului Cociovaliştea","la sec. II - I a. Chr., Epoca geto-dacică"
206,IF-I-m-B-15180.05,Aşezare,sat CORBEANCA; comuna CORBEANCA CORNETU,"În punct ""Fosta Staţie de Pompare"", sud-est de cătunul Mecheaua, pe malul stâng al pârâului Cociovaliştea şoseaua spre aeroportul Clinceni",la Epoca bronzului
208,IF-I-s-B-15182,Fundaţiile bisericii de la Cornetu,sat CORNETU; comuna CORNETU,"În punct ""La Bisericuţă"", în marginea sud a satului, pe malul lacului Mihăileşti-Argeş",de sec. XVII - XVIII
209,IF-I-s-B-20254,Situl arheologic de la Creţuleasca,sat CREŢULEASCA; comuna ŞTEFĂNEŞTII DE JOS,"Pe malul drept al pârâului Pasărea, de la est de hotarul cu comuna Tunari până în marginea vestică a satului Creţuleasca",
210,IF-I-m-B-20254.01,Aşezare,sat CREŢULEASCA; comuna ŞTEFĂNEŞTII DE JOS,"Pe malul drept al pârâului Pasărea, de la est de hotarul cu comuna Tunari până în marginea vestică a satului Creţuleasca",sec. IX - X
211,IF-I-m-B-20254.02,Aşezare,sat CREŢULEASCA; comuna ŞTEFĂNEŞTII DE JOS,"Pe malul drept al pârâului Pasărea, de la est de hotarul cu comuna Tunari până în marginea vestică a satului Creţuleasca",sec. III - IV p. Chr.
212,IF-I-m-B-20254.03,Aşezare,sat CREŢULEASCA; comuna ŞTEFĂNEŞTII DE JOS,"Pe malul drept al pârâului Pasărea, de la est de hotarul cu comuna Tunari până în marginea vestică a satului Creţuleasca",Epoca geto-dacică
213,IF-I-m-B-20254.04,Aşezare,sat CREŢULEASCA; comuna ŞTEFĂNEŞTII DE JOS,"Pe malul drept al pârâului Pasărea, în marginea nord-estică a satului",Epoca daco-romană
214,IF-I-s-B-15183,Situl arheologic de la Dascălu,sat DASCĂLU; comuna DASCĂLU,"La vest de sat, pe ambele maluri ale unei văi afluente pârâului Mostiştea",
215,IF-I-m-B-15183.01,Aşezare,sat DASCĂLU; comuna DASCĂLU DASCĂLU,"La vest de sat, pe ambele maluri ale unei văi afluente pârâului Mostiştea unei văi afluente pârâului Mostiştea","sec. IX - XI, Epoca medieval timpurie"
217,IF-I-s-B-15184,Aşezare,sat DĂRĂŞTI-ILFOV; comuna DĂRĂŞTI-ILFOV,"Pe malul stâng al Argeşului, în marginea sud-vest a satului",sec. XVI - XVII
218,IF-I-s-B-15185,Situl arheologic de la Dimieni,sat DIMIENI; comuna TUNARI,Spre colţul nord-estic al incintei aeroportului Otopeni,
219,IF-I-m-B-15185.01,Aşezare,sat DIMIENI; comuna TUNARI,Spre colţul nord-estic al incintei aeroportului Otopeni,Epoca daco-romană
220,IF-I-m-B-15185.02,Necropolă plană de incineraţie,sat DIMIENI; comuna TUNARI,Spre colţul nord-estic al incintei aeroportului Otopeni,sec. II - I a. Chr.
221,IF-I-m-B-15185.03,Aşezare,sat DIMIENI; comuna TUNARI,Spre colţul est-nord al incintei aeroportului Otopeni,sec. II - I a. Chr.
222,IF-I-s-B-15186,Situl arheologic de la Dimieni,sat DIMIENI; comuna TUNARI,La 1 km vest de şos. Tunari-Baloteşti 300 m nord de incinta aeroportului Otopeni,şi
223,IF-I-m-B-15186.01,Necropolă,sat DIMIENI; comuna TUNARI,La 1 km vest de şos. Tunari-Baloteşti 300 m nord de incinta aeroportului Otopeni,şi sec. XVII
224,IF-I-m-B-15186.02,Aşezare,sat DIMIENI; comuna TUNARI,La 1 km vest de şos. Tunari-Baloteşti 300 m nord de incinta aeroportului Otopeni,şi sec. XVII
225,IF-I-m-B-15186.03,Aşezare,sat DIMIENI; comuna TUNARI,La 1 km vest de şos. Tunari-Baloteşti 300 m nord de incinta aeroportului Otopeni,şi Epoca bronzului
226,IF-I-s-B-15187,Aşezare Domneşti,sat DIMIENI; comuna TUNARI DOMNEŞTI,"La 1 km vest de şos. Tunari-Baloteşti, între CD 10 şi CD 18 pe malul stâng al pârâului Sabar",Epoca geto-dacică
228,IF-I-m-B-15188.01,Aşezare,sat DOMNEŞTI; comuna DOMNEŞTI,"În cătunul Caţiche, la vest de biserică, pe malul stâng al pârâului Sabar",sec. XVI - XVIII
229,IF-I-m-B-15188.02,Aşezare,sat DOMNEŞTI; comuna DOMNEŞTI,"În cătunul Caţiche, la vest de biserică, pe malul stâng al pârâului Sabar",sec. III - IV p. Chr.
230,IF-I-m-B-15188.03,Aşezare,sat DOMNEŞTI; comuna DOMNEŞTI,"În cătunul Caţiche, la vest de biserică, pe malul stâng al pârâului Sabar",Epoca neolitică
231,IF-I-s-B-15189,Situl arheologic de la Domneşti,sat DOMNEŞTI; comuna DOMNEŞTI,"În cătunul Caţiche, pe malul stâng al pârâului Sabar, în apropierea căii ferate",
232,IF-I-m-B-15189.01,Aşezare,sat DOMNEŞTI; comuna DOMNEŞTI,"În cătunul Caţiche, pe malul stâng al pârâului Sabar, în apropierea căii ferate",sec. XV - XVI
233,IF-I-m-B-15189.02,Aşezare,sat DOMNEŞTI; comuna DOMNEŞTI,"În cătunul Caţiche, pe malul stâng al pârâului Sabar, în apropierea căii ferate",Epoca neolitică
234,IF-I-s-A-15190,Situl arheologic de la Domneşti,sat DOMNEŞTI; comuna DOMNEŞTI,"Pe malul stâng al Sabarului, de la 300 vest de drumul spre Ţegheş până la Domneşti-Bucureşti, la est",m şos.
235,IF-I-m-A-15190.01,Aşezare,sat DOMNEŞTI; comuna DOMNEŞTI,"Pe malul stâng al Sabarului, de la 300 vest de drumul spre Ţegheş până la Domneşti-Bucureşti, la est",m sec. XVI - XIX şos.
236, IF-I-m-A-15190.02, Aşezare, sat DOMNEŞTI; comuna DOMNEŞTI," Pe malul stâng al Sabarului, de la 300 vest de drumul spre Ţegheş până la Domneşti-Bucureşti, la est", m sec. IX - XI şos.
237,IF-I-m-A-15190.03,Aşezare,sat DOMNEŞTI; comuna DOMNEŞTI DOMNEŞTI,"Pe malul stâng al Sabarului, de la 300 vest de drumul spre Ţegheş până la Domneşti-Bucureşti, la est vest de drumul spre Ţegheş până la",m sec. III - IV p. Chr. şos. şos.
239,IF-I-s-B-20257,Situl arheologic de la Dumbrăveni,sat DUMBRĂVENI; comuna BALOTEŞTI,"Pe malul drept al pârâului Vlăsia, la de şoseaua spre Sanatoriul TBC şi la nord-vest de sat",vest
240,IF-I-m-B-20257.01,Aşezare,sat DUMBRĂVENI; comuna BALOTEŞTI,"Pe malul drept al pârâului Vlăsia, la de şoseaua spre Sanatoriul TBC",vest Epoca medievală
241,IF-I-m-B-20257.02,Aşezare,sat DUMBRĂVENI; comuna BALOTEŞTI,"Pe malul drept al pârâului Vlăsia, la de şoseaua spre Sanatoriul TBC",vest sec. IX - X
242,IF-I-m-B-20257.03,Aşezare,sat DUMBRĂVENI; comuna BALOTEŞTI,"Pe malul drept al pârâului Vlăsia, la de şoseaua spre Sanatoriul TBC",vest sec. II - III p. Chr.
243,IF-I-m-B-20257.04,Aşezare,sat DUMBRĂVENI; comuna BALOTEŞTI,"Pe malul drept al pârâului Vlăsia, la nord-est de sat",sec. II - I a. Chr.
244,IF-I-s-B-20264,Situl arheologic de la Dumbrăveni,sat DUMBRĂVENI; comuna BALOTEŞTI,"În punct ""La Nisipărie IV"", pe malul stâng al Cociovaliştei, la vest de biserica satului",
245,IF-I-m-B-20264.01,Aşezare,sat DUMBRĂVENI; comuna BALOTEŞTI,"În punct ""La Nisipărie IV"", pe malul stâng al Cociovaliştei, la vest de biserica satului",sec. IV - V p. Chr.
246,IF-I-m-B-20264.02,Aşezare,sat DUMBRĂVENI; comuna BALOTEŞTI,"În punct ""La Nisipărie IV"", pe malul stâng al Cociovaliştei, la vest de biserica satului",sec. II - I a. Chr.
247,IF-I-m-B-20264.03,Aşezare Fundenii Doamnei,sat DUMBRĂVENI; comuna BALOTEŞTI DOBROEŞTI,"În punct ""La Nisipărie IV"", pe malul stâng al Cociovaliştei, la vest de biserica satului est de biserica Fundenii Doamnei","Epoca bronzului, Cultura Tei, faza V"
249,IF-I-m-B-17881.01,Aşezare,sat FUNDENI; comuna DOBROEŞTI,"Pe malul nordic al lacului Fundeni, la est de biserica Fundenii Doamnei",sec. XVII - XVIII
250,IF-I-m-B-17881.02,Aşezare,sat FUNDENI; comuna DOBROEŞTI,"Pe malul nordic al lacului Fundeni, la est de biserica Fundenii Doamnei",sec. VI - VII
251,IF-I-m-B-17881.03,Aşezare,sat FUNDENI; comuna DOBROEŞTI,"Pe malul nordic al lacului Fundeni, la est de biserica Fundenii Doamnei",sec. IV p. Chr.
252,IF-I-m-B-17881.04,Aşezare,sat FUNDENI; comuna DOBROEŞTI,"Pe malul nordic al lacului Fundeni, la est de biserica Fundenii Doamnei",Hallstatt
253,IF-I-m-B-17881.05,Aşezare,sat FUNDENI; comuna DOBROEŞTI,"Pe malul nordic al lacului Fundeni, la est de biserica Fundenii Doamnei","Epoca bronzului, Cultura Tei, faza Fundenii Doamnei"
254,IF-I-m-B-17881.06,Aşezare,sat FUNDENI; comuna DOBROEŞTI,"Pe malul nordic al lacului Fundeni, la est de biserica Fundenii Doamnei","Epoca neolitică, Cultura Dudeşti"
255,IF-I-s-B-15145,"Situl arheologic de la Bălăceanca, punct ""Valea Câlnăului""",sat GLINA; comuna GLINA,"Pe ambele maluri ale Văii Câlnăului, zona clădirilor fostei ferme legumicole Popeşti-Leordeni",în
256,IF-I-m-B-15145.01,Aşezare,sat GLINA; comuna GLINA,"Pe ambele maluri ale Văii Câlnăului, zona clădirilor fostei ferme legumicole Popeşti-Leordeni",în sec. II - IV p. Chr.
257,IF-I-m-B-15145.02,Aşezare,sat GLINA; comuna GLINA,"Pe ambele maluri ale Văii Câlnăului, zona clădirilor fostei ferme legumicole Popeşti-Leordeni",în Epoca bronzului
258,IF-I-s-B-15192,Aşezare Glina,sat GLINA; comuna GLINA GLINA,"În punct ""Abator"", pe malul drept al Dâmboviţei, la vest de abator drept al Dâmboviţei, de la cca 250 m","Epoca bronzului, Cultura Tei"
260,IF-I-m-B-15193.01,Necropolă,sat GLINA; comuna GLINA,"În punct ""Canalul Colector"", pe malul drept al Dâmboviţei, de la cca 250 m est de şoseaua Glina-Căţelu, spre marginea de nord a satului",sec. XVII - XVIII
261,IF-I-m-B-15193.02,Aşezare,sat GLINA; comuna GLINA,"În punct ""Canalul Colector"", pe malul drept al Dâmboviţei, de la cca 250 m est de şoseaua Glina-Căţelu, spre marginea de nord a satului",sec. II - III p. Chr.
262,IF-I-m-B-15193.03,Aşezare,sat GLINA; comuna GLINA,"În punct ""Canalul Colector"", pe malul drept al Dâmboviţei, de la cca 250 m est de şoseaua Glina-Căţelu, spre marginea de nord a satului",Epoca bronzului
263,IF-I-m-B-15193.04,Aşezare,sat GLINA; comuna GLINA,"În punct ""Canalul Colector"", pe malul drept al Dâmboviţei, de la cca 250 m est de şoseaua Glina-Căţelu, spre marginea de nord a satului","Epoca neolitică, Cultura Boian, faza Giuleşti; cultura Gumelniţa"
264,IF-I-s-B-15194,Situl arheologic de la Glina,sat GLINA; comuna GLINA,"În punct ""Via lui Poleaşcă"", imediat est de şos. Popeşti-Leordeni-Glina, pe malul drept al Dâmboviţei",la
265,IF-I-m-B-15194.01,Aşezare,sat GLINA; comuna GLINA,"În punct ""Via lui Poleaşcă"", imediat est de şos. Popeşti-Leordeni-Glina, pe malul drept al Dâmboviţei",la sec. III - IV p. Chr
266,IF-I-m-B-15194.02,Aşezare,sat GLINA; comuna GLINA,"În punct ""Via lui Poleaşcă"", imediat est de şos. Popeşti-Leordeni-Glina, pe","la Epoca neolitică, Cultura Gumelniţa"
267,IF-I-s-B-15195,Situl arheologic de la Glina,sat GLINA; comuna GLINA,"În punct ""Sediul fostei Ferme nr. 1"", malul drept al Dâmboviţei",pe
268,IF-I-m-B-15195.01,Aşezare,sat GLINA; comuna GLINA,"În punct ""Sediul fostei Ferme nr. 1"", malul drept al Dâmboviţei",pe sec. III - IV p. Chr.
269,IF-I-m-B-15195.02,Aşezare,sat GLINA; comuna GLINA,"În punct ""Sediul fostei Ferme nr. 1"", malul drept al Dâmboviţei","pe Epoca bronzului, Cultura Glina"
270,IF-I-m-B-15195.03,Aşezare,sat GLINA; comuna GLINA,"În punct ""Sediul fostei Ferme nr. 1"", malul drept al Dâmboviţei","pe Epoca neolitică, Cultura Boian"
271,IF-I-s-B-15196,Situl arheologic de la Glina,sat GLINA; comuna GLINA,"În jumătatea nord-est a satului, pe terasa înaltă a Dâmboviţei, tăiată de str. Morii",
272,IF-I-m-B-15196.01,Aşezare,sat GLINA; comuna GLINA,"În jumătatea nord-est a satului, pe terasa înaltă a Dâmboviţei, tăiată de str. Morii",sec. XVII - XVIII
273,IF-I-m-B-15196.02,Aşezare,sat GLINA; comuna GLINA,"În jumătatea nord-est a satului, pe terasa înaltă a Dâmboviţei, tăiată de str. Morii",sec. IX - XI
274,IF-I-m-B-15196.03,Aşezare,sat GLINA; comuna GLINA,"În jumătatea nord-est a satului, pe terasa înaltă a Dâmboviţei, tăiată de str. Morii",sec. II - IV p. Chr.
275,IF-I-m-B-15196.04,Aşezare,sat GLINA; comuna GLINA,"În jumătatea nord-est a satului, pe terasa înaltă a Dâmboviţei, tăiată de str. Morii",Epoca bronzului
276,IF-I-m-B-15196.05,Aşezare,sat GLINA; comuna GLINA,"În jumătatea nord-est a satului, pe terasa înaltă a Dâmboviţei, tăiată de","Epoca neolitică, Cultura Gumelniţa"
277,IF-I-s-B-15197,Situl arheologic de la Grădiştea,sat GRĂDIŞTEA; comuna GRĂDIŞTEA,"În punct ""La Ceair"", pe malul de sud lacului Căldăruşani",al
278,IF-I-m-B-15197.01,Aşezare,sat GRĂDIŞTEA; comuna GRĂDIŞTEA,"În punct ""La Ceair"", pe malul de sud lacului Căldăruşani",al sec. II - I a. Chr.
279,IF-I-m-B-15197.02,Aşezare,sat GRĂDIŞTEA; comuna GRĂDIŞTEA,"În punct ""La Ceair"", pe malul de sud lacului Căldăruşani","al Epoca bronzului, Culturile Glina şi Tei"
280,IF-I-s-B-15198,Situl arheologic de la Grădiştea,sat GRĂDIŞTEA; comuna GRĂDIŞTEA,"Pe malul de sud al lacului Căldăruşani, la nord de conacul Hagi Tudorache şi biserica Sf. Vineri",
281,IF-I-m-B-15198.01,Aşezare,sat GRĂDIŞTEA; comuna GRĂDIŞTEA,"Pe malul de sud al lacului Căldăruşani, la nord de conacul Hagi Tudorache şi biserica Sf. Vineri",sec. XVI - XVIII
282,IF-I-m-B-15198.02,Aşezare,sat GRĂDIŞTEA; comuna GRĂDIŞTEA,"Pe malul de sud al lacului Căldăruşani, la nord de conacul Hagi Tudorache şi biserica Sf. Vineri",sec. V - VI
283,IF-I-m-B-15198.03,Aşezare,sat GRĂDIŞTEA; comuna GRĂDIŞTEA,"Pe malul de sud al lacului Căldăruşani, la nord de conacul Hagi Tudorache şi biserica Sf. Vineri",Epoca bronzului
284,IF-I-s-B-15199,Situl arheologic de la Grădiştea,sat GRĂDIŞTEA; comuna GRĂDIŞTEA,"Pe malul de sud al lacului Căldăruşani, la nord-est de sediul Primăriei (Casa Greceanu)",
285,IF-I-m-B-15199.01,Aşezare,sat GRĂDIŞTEA; comuna GRĂDIŞTEA GRĂDIŞTEA,"Pe malul de sud al lacului Căldăruşani, la nord-est de sediul Primăriei (Casa Greceanu) la nord-est de sediul Primăriei (Casa",Epoca geto-dacică
287,IF-I-s-B-15200,Situl arheologic de la Izvorani,sat IZVORANI; comuna CIOLPANI,"Pe malul stâng al văii Lacul Ciurii, la de sat",vest
288,IF-I-m-B-15200.01,Aşezare,sat IZVORANI; comuna CIOLPANI,"Pe malul stâng al văii Lacul Ciurii, la de sat",vest sec. XV - XVIII
289,IF-I-m-B-15200.02,Aşezare,sat IZVORANI; comuna CIOLPANI,"Pe malul stâng al văii Lacul Ciurii, la de sat",vest sec. VI - VII
290,IF-I-m-B-15200.03,Aşezare,sat IZVORANI; comuna CIOLPANI,"Pe malul stâng al văii Lacul Ciurii, la de sat","vest sec. II - I a. Chr., Epoca geto-dacică"
291,IF-I-m-B-15200.04,Aşezare,sat IZVORANI; comuna CIOLPANI,"Pe malul stâng al văii Lacul Ciurii, la de sat",vest Epoca bronzului
292,IF-I-s-B-15201,Situl arheologic de la Lipia,sat LIPIA; comuna GRUIU,"În punct ""Dealul Morii""",
293,IF-I-m-B-15201.01,Aşezare,sat LIPIA; comuna GRUIU,"În punct ""Dealul Morii""",sec. III p. Chr.
294,IF-I-m-B-15201.02,Aşezare,sat LIPIA; comuna GRUIU,"În punct ""Dealul Morii""",Hallstatt
295,IF-I-s-B-15202,Situl arheologic de la Lipia,sat LIPIA; comuna GRUIU,"În punct ""Maidan""",
296,IF-I-m-B-15202.01,Necropolă de înhumaţie,sat LIPIA; comuna GRUIU,"În punct ""Maidan""",sec. XV- XVI
297,IF-I-m-B-15202.02,Aşezare,sat LIPIA; comuna GRUIU,"În punct ""Maidan""","sec. IX - XI, Epoca medieval timpurie"
298,IF-I-m-B-15202.03,Necropolă de incineraţie,sat LIPIA; comuna GRUIU,"În punct ""Maidan""",sec. III p. Chr.
300,IF-I-s-B-15203,Situl arheologic de la Lipia,sat LIPIA; comuna GRUIU,"Pe malul sudic al pârâului Cociovaliştea, la est de hotarul cu comuna Moara Vlăsiei",
301,IF-I-m-B-15203.01,Aşezare,sat LIPIA; comuna GRUIU,"Pe malul sudic al pârâului Cociovaliştea, la est de hotarul cu comuna Moara Vlăsiei",sec. IV - VI p. Chr.
302,IF-I-m-B-15203.02,Aşezare,sat LIPIA; comuna GRUIU,"Pe malul sudic al pârâului Cociovaliştea, la est de hotarul cu comuna Moara Vlăsiei","Epoca bronzului, Cultura Tei"
303,IF-I-m-B-15203.03,Aşezare,sat LIPIA; comuna GRUIU,"Pe malul sudic (drept) al pârâului Cociovaliştea, la circa 300 m de podul şoselei Moara Vlăsiei-Lipia",Epoca bronzului
304, IF-I-m-B-15203.04, Aşezare, sat LIPIA; comuna GRUIU," În punct ""La Pod, I"", pe malul drept pârâului Cociovaliştea, la stânga şoselei Moara Vlăsiei-Lipia", al sec. II - III p. Chr.
305,IF-I-m-B-15203.05,Aşezare,sat LIPIA; comuna GRUIU,"În punct ""La Pod, II"", pe malul sud- vestic al lacului Căldăruşani, la dreapta şoselei Moara Vlăsiei-Lipia",
306,IF-I-m-B-15203.06,Aşezare,sat LIPIA; comuna GRUIU,"În punct ""La Pod, II"", pe malul sud- vestic al lacului Căldăruşani, la dreapta şoselei Moara Vlăsiei-Lipia","sec. II - I a. Chr., Epoca geto-dacică"
307,IF-I-m-B-15203.07,Aşezare,sat LIPIA; comuna GRUIU,"În punct ""La Pod, II"", pe malul sud- vestic al lacului Căldăruşani, la dreapta şoselei Moara Vlăsiei-Lipia",Epoca bronzului
308,IF-I-m-B-15203.08,Aşezare,sat LIPIA; comuna GRUIU,"Pe malul sudic al lacului Căldăruşani, stânga şoselei către Staţia Meteo al lacului Căldăruşani",la sec. II - III p. Chr.
310,IF-I-m-B-15203.10,Aşezare,sat LIPIA; comuna GRUIU,"În punct ""Staţia Meteo"" pe malul sudic al lacului Căldăruşani",sec. IX - X
311,IF-I-m-B-15203.11,Aşezare,sat LIPIA; comuna GRUIU,"În punct ""Staţia Meteo"" pe malul sudic al lacului Căldăruşani",sec. V - VI
312,IF-I-m-B-15203.12,Aşezare,sat LIPIA; comuna GRUIU,"În punct ""Staţia Meteo"" pe malul sudic al lacului Căldăruşani",Epoca bronzului
313,IF-I-s-B-15204,Aşezare,sat MANOLACHE; comuna GLINA,"Pe malul stâng al Dâmboviţei, în marginea sud-estică a satului",Epoca bronzului
314,IF-I-s-B-15205,Aşezare,sat MANOLACHE; comuna GLINA,"La nord-est de sat, pe malurile unei vâlcele secate",Epoca bronzului
315,IF-I-s-B-20262,Aşezare,sat MANOLACHE; comuna GLINA,"Pe malul stâng al Dâmboviţei, la vest sat",de Epoca medievală
316,IF-I-s-B-15206,Situl arheologic de la Măgurele,localitate componentă MĂGURELE; oraş MĂGURELE,"Pe malul nordic al pârâului Ciorogârla, la vest de şoseaua Măgurele-Dărăşti Ilfov",
317,IF-I-m-B-15206.01,"Ruine fundaţii ""Mănăstirea Grindure""",localitate componentă MĂGURELE; oraş MĂGURELE,"Pe malul nordic al pârâului Ciorogârla, la vest de şoseaua Măgurele-Dărăşti Ilfov",sec. XV - XVI
318, IF-I-m-B-15206.02, Necropolă, localitate componentă MĂGURELE; oraş MĂGURELE," Pe malul nordic al pârâului Ciorogârla, la vest de şoseaua Măgurele-Dărăşti Ilfov", sec. XV - XVI
319,IF-I-m-B-15206.03,Aşezare,localitate componentă MĂGURELE; oraş MĂGURELE MĂGURELE; oraş,"Pe malul nordic al pârâului Ciorogârla, la vest de şoseaua Măgurele-Dărăşti Ilfov la vest de şoseaua Măgurele-Dărăşti",sec. XIV - XIX
321,IF-I-m-B-15206.05,Aşezare,localitate componentă MĂGURELE; oraş MĂGURELE,"Pe malul nordic al pârâului Ciorogârla, la vest de şoseaua Măgurele-Dărăşti Ilfov",sec. VI - VII
322,IF-I-m-B-15206.06,Aşezare,localitate componentă MĂGURELE; oraş MĂGURELE,"Pe malul nordic al pârâului Ciorogârla, la vest de şoseaua Măgurele-Dărăşti Ilfov",sec. II - IV p. Chr.
323,IF-I-m-B-15206.07,Aşezare,localitate componentă MĂGURELE; oraş MĂGURELE,"Pe malul nordic al pârâului Ciorogârla, la vest de şoseaua Măgurele-Dărăşti Ilfov",Epoca geto-dacică
324,IF-I-m-B-15206.08,Aşezare,localitate componentă MĂGURELE; oraş MĂGURELE,"Pe malul nordic al pârâului Ciorogârla, la vest de şoseaua Măgurele-Dărăşti Ilfov",Epoca bronzului
325,IF-I-m-B-15207,Aşezare,sat MĂINEASCA; comuna PETRĂCHIOAIA,"Pe ambele maluri ale unei văi afluente Mostiştei, la circa 300 m sud de sat","Epoca bronzului, Cultura Tei"
326,IF-I-s-B-15208,Aşezare,sat MĂINEASCA; comuna PETRĂCHIOAIA,La 500 m vest de grajdurile fostului Măineasca,CAP sec. IV p. Chr.
327,IF-I-m-B-15209,Aşezare,sat MĂINEASCA; comuna PETRĂCHIOAIA,"La sud de sat, pe malul vestic al pârâului Mostiştea",sec. II - I a. Chr.
328,IF-I-s-B-15136,Situl arheologic de la Vlăsia,sat MOARA VLĂSIEI; comuna MOARA VLĂSIEI,"Pe malul stâng al pârâului Cociovaliştea, între satul Vlăsia şi pădurea Surlari",
329,IF-I-m-B-15136.01,Aşezare,sat MOARA VLĂSIEI; comuna MOARA VLĂSIEI comuna MOARA VLĂSIEI,"Pe malul stâng al pârâului Cociovaliştea, între satul Vlăsia şi pădurea Surlari Cociovaliştea, între satul Vlăsia şi",sec. IX - X
331,IF-I-s-B-15159,Situl arheologic de la Moara Vlăsiei,sat MOARA VLĂSIEI; comuna MOARA VLĂSIEI,"Pe malul drept al pârâului Cociovaliştea, spre hotarul cu comuna Gruiu",
332,IF-I-m-B-15159.01,Aşezare,sat MOARA VLĂSIEI; comuna MOARA VLĂSIEI,"Pe malul drept al pârâului Cociovaliştea, spre hotarul cu comuna Gruiu",Epoca medievală
333,IF-I-m-B-15159.02,Aşezare,sat MOARA VLĂSIEI; comuna MOARA VLĂSIEI,"Pe malul drept al pârâului Cociovaliştea, de o parte şi de alta a hotarului cu comuna Gruiu",sec. X
334,IF-I-m-B-15159.03,Aşezare,sat MOARA VLĂSIEI; comuna MOARA VLĂSIEI,"Pe malul drept al pârâului Cociovaliştea, spre hotarul cu comuna Gruiu",sec. III - IV p. Chr.
335,IF-I-m-B-15159.04,Aşezare,sat MOARA VLĂSIEI; comuna MOARA VLĂSIEI,"Pe malul drept al pârâului Cociovaliştea, spre hotarul cu comuna Gruiu",Epoca bronzului
336,IF-I-s-B-15210,Aşezare,sat MOGOŞOAIA; comuna MOGOŞOAIA,"În punct ""Livadă"", pe malul de sud al lacului Mogoşoaia",Epoca geto-dacică
337,IF-I-s-B-15211,Situl arheologic de la Mogoşoaia,sat MOGOŞOAIA; comuna MOGOŞOAIA,"În punct ""Administraţie Fermă"", pe malul sudic al lacului, vis-à-vis de complexul Mogoşoaia",
338,IF-I-m-B-15211.01,Aşezare,sat MOGOŞOAIA; comuna MOGOŞOAIA,"În punct ""Administraţie Fermă"", pe malul sudic al lacului, vis-à-vis de complexul Mogoşoaia",Epoca geto-dacică
339,IF-I-m-B-15211.02,Aşezare,sat MOGOŞOAIA; comuna MOGOŞOAIA,"În punct ""Administraţie Fermă"", pe malul sudic al lacului, vis-à-vis de",Epoca bronzului
340,IF-I-m-B-15212.01,Aşezare,sat MOGOŞOAIA; comuna MOGOŞOAIA,"La sud de pădurea ""Moţoc"", pe malul nordic al lacului Mogoşoaia",Epoca bronzului
341,IF-I-s-B-15213,Situl arheologic de la Mogoşoaia,sat MOGOŞOAIA; comuna MOGOŞOAIA,"În punct ""Livada cu meri"", pe malul nordic al lacului Mogoşoaia",
342,IF-I-m-B-15213.01,Aşezare,sat MOGOŞOAIA; comuna MOGOŞOAIA,"În punct ""Livada cu meri"", pe malul nordic al lacului Mogoşoaia",sec. IX - X
343,IF-I-m-B-15213.02,Aşezare,sat MOGOŞOAIA; comuna MOGOŞOAIA,"În punct ""Livada cu meri"", pe malul nordic al lacului Mogoşoaia",Epoca geto-dacică
344,IF-I-s-A-15214,"Situl arheologic de la Mogoşoaia, de la ""Chitila Fermă""",sat MOGOŞOAIA; comuna MOGOŞOAIA,"În punct ""Chitila Fermă"", pe malul sudic al lacului Mogoşoaia, la est de CFR Bucureşti-Ploieşti",
345,IF-I-m-A-15214.01,"Aşezare, necropolă",sat MOGOŞOAIA; comuna MOGOŞOAIA,"În punct ""Chitila Fermă"", pe malul sudic al lacului Mogoşoaia, la est de CFR Bucureşti-Ploieşti",sec. XVII - XIX
346,IF-I-m-A-15214.02,Aşezare,sat MOGOŞOAIA; comuna MOGOŞOAIA,"În punct ""Chitila Fermă"", pe malul sudic al lacului Mogoşoaia, la est de CFR Bucureşti-Ploieşti",sec. IX - XI
347,IF-I-m-A-15214.03,Aşezare,sat MOGOŞOAIA; comuna MOGOŞOAIA,"În punct ""Chitila Fermă"", pe malul sudic al lacului Mogoşoaia, la est de CFR Bucureşti-Ploieşti",sec. V - VI
348,IF-I-m-A-15214.04,Aşezare,sat MOGOŞOAIA; comuna MOGOŞOAIA,"În punct ""Chitila Fermă"", pe malul sudic al lacului Mogoşoaia, la est de CFR Bucureşti-Ploieşti",sec. II - IV p. Chr.
349,IF-I-m-A-15214.05,Aşezare,sat MOGOŞOAIA; comuna MOGOŞOAIA,"În punct ""Chitila Fermă"", pe malul sudic al lacului Mogoşoaia, la est de CFR",Epoca geto-dacică
350,IF-I-m-A-15214.06,Aşezare,sat MOGOŞOAIA; comuna MOGOŞOAIA,"În punct ""Chitila Fermă"", pe malul sudic al lacului Mogoşoaia, la est de CFR Bucureşti-Ploieşti",Hallstatt
351,IF-I-m-A-15214.07,Aşezare,sat MOGOŞOAIA; comuna MOGOŞOAIA,"În punct ""Chitila Fermă"", pe malul sudic al lacului Mogoşoaia, la est de CFR Bucureşti-Ploieşti","Epoca bronzului, Cultura Tei, fazele III-IV"
352,IF-I-m-A-15214.08,Tell,sat MOGOŞOAIA; comuna MOGOŞOAIA,"În punct ""Chitila Fermă"", pe malul sudic al lacului Mogoşoaia, la est de CFR Bucureşti-Ploieşti","Epoca neolitică, Cultura Gumelniţa"
353,IF-I-m-A-15214.09,Tell,sat MOGOŞOAIA; comuna MOGOŞOAIA,"În punct ""Chitila Fermă"", pe malul sudic al lacului Mogoşoaia, la est de CFR Bucureşti-Ploieşti","Epoca neolitică, Cultura Boian"
354, IF-I-s-B-15215, Aşezare, sat MOGOŞOAIA; comuna MOGOŞOAIA," În punct ""Lunca"", pe malul estic al lacului Chitila, la vest de calea ferată centură", Epoca medievală de
355,IF-I-s-B-15216,Situl arheologic de la Otopeni,oraş OTOPENI,"La 800 m est de şos. Bucureşti-Ploieşti, pe malul nordic al pârâului Pasărea",
356,IF-I-m-B-15216.01,Aşezare,oraş OTOPENI,"La 800 m est de şos. Bucureşti-Ploieşti, pe malul nordic al pârâului Pasărea",sec. XVIII
357,IF-I-m-B-15216.02,Aşezare,oraş OTOPENI,"La 800 m est de şos. Bucureşti-Ploieşti, pe malul nordic al pârâului Pasărea",sec. X - XI
358,IF-I-m-B-15216.03,Aşezare,oraş OTOPENI,"La 800 m est de şos. Bucureşti-Ploieşti, pe malul nordic al pârâului Pasărea",Hallstatt
359,IF-I-m-B-15216.04,Aşezare Pantelimon,oraş OTOPENI,"La 800 m est de şos. Bucureşti-Ploieşti, pe malul nordic al pârâului Pasărea răsăritean al lacului Pantelimon, la sud-","Epoca bronzului, Cultura Tei, faza III"
361,IF-I-m-B-15217.01,Aşezare,oraş PANTELIMON,"În punct ""Colţul Pădurii"", pe malul răsăritean al lacului Pantelimon, la sud- est de complexul ""Lebăda""",sec. VI
362,IF-I-m-B-15217.02,Aşezare,oraş PANTELIMON,"În punct ""Colţul Pădurii"", pe malul răsăritean al lacului Pantelimon, la sud- est de complexul ""Lebăda""",sec. III - IV p. Chr.
363,IF-I-m-B-15217.03,Aşezare,oraş PANTELIMON,"În punct ""Colţul Pădurii"", pe malul răsăritean al lacului Pantelimon, la sud- est de complexul ""Lebăda""","sec. II - I a. Chr., Epoca geto-dacică"
364,IF-I-m-B-15217.04,Aşezare,oraş PANTELIMON,"În punct ""Colţul Pădurii"", pe malul răsăritean al lacului Pantelimon, la sud- est de complexul ""Lebăda""",Epoca bronzului
365,IF-I-s-B-15218,Situl arheologic de la Pantelimon,oraş PANTELIMON,"În punct ""Institut"", pe malul lacului Pantelimon, la circa 300 m vest de şos. de centură",sec. XVII - XVIII
366,IF-I-m-B-15218.01,"Aşezare, vatra fostului sat Obileşti",oraş PANTELIMON,"În punct ""Institut"", pe malul lacului Pantelimon, la circa 300 m vest de şos. de Centură",sec. XVII - XVIII
367,IF-I-s-A-15219,Situl arheologic de la Pantelimon,oraş PANTELIMON,"În punct ""Pădurea Tânganu"", ""La Cantoare"", în marginea de nord-vest satului Tânganu", a
368,IF-I-m-A-15219.01,Fosta Mănăstire Tânganu,oraş PANTELIMON,"În punct ""Pădurea Tânganu"", ""La Cantoare"", în marginea de nord-vest satului Tânganu Cantoare"", în marginea de nord-vest","sec. XIV - XIX, Epoca a medievală a medievală"
370,IF-I-m-A-15219.03,Aşezare,oraş PANTELIMON,"În punct ""Pădurea Tânganu"", ""La Cantoare"", în marginea de nord-vest satului Tânganu","sec. XIV - XIX, Epoca a medievală"
371,IF-I-m-A-15219.04,Aşezare,oraş PANTELIMON,"În punct ""Pădurea Tânganu"", ""La Cantoare"", în marginea de nord-vest satului Tânganu","sec. II - I a. Chr, Epoca a geto-dacică"
372,IF-I-s-B-15220,Situl arheologic de la Periş,sat PERIŞ; comuna PERIŞ,"În punct ""Gospodăria Moldoveanu Lucreţia"", pe malul sudic al lacului Snagov, traversat de calea ferată Bucureşti-Ploieşti",
373,IF-I-m-B-15220.01,Aşezare,sat PERIŞ; comuna PERIŞ,"În punct ""Gospodăria Moldoveanu Lucreţia"", pe malul sudic al lacului Snagov, traversat de calea ferată Bucureşti-Ploieşti",sec. V - VI
374,IF-I-m-B-15220.02,Aşezare,sat PERIŞ; comuna PERIŞ,"În punct ""Gospodăria Moldoveanu Lucreţia"", pe malul sudic al lacului Snagov, traversat de calea ferată Bucureşti-Ploieşti",sec. II - I a. Chr.
375,IF-I-m-B-15220.03,Aşezare,sat PERIŞ; comuna PERIŞ,"În punct ""Cantonul CFR nr. 29"", pe malul stâng al văii Pescăriei, traversat de calea ferată Bucureşti-Ploieşti",Epoca medievală
376,IF-I-m-B-15220.04,Aşezare,sat PERIŞ; comuna PERIŞ,"În punct ""Cantonul CFR nr. 29"", pe malul stâng al văii Pescăriei, traversat de calea ferată Bucureşti-Ploieşti m est de drumul Periş-Ostratu",sec. IX - X
378,IF-I-m-B-15220.06,Aşezare,sat PERIŞ; comuna PERIŞ,"Pe malul drept al văii Pescăriei, la 450 m est de drumul Periş-Ostratu",Epoca bronzului
379,IF-I-m-B-15220.07,Aşezare,sat PERIŞ; comuna PERIŞ,"În punct ""La Saidac"", bot de terasă între valea Pescăriei şi malul sudic al lacului Snagov",sec. V - VI
380,IF-I-m-B-15220.08,Aşezare,sat PERIŞ; comuna PERIŞ,"În punct ""La Saidac"", bot de terasă între valea Pescăriei şi malul sudic al lacului Snagov",sec. II - III p. Chr.
381,IF-I-m-B-15220.09,Aşezare,sat PERIŞ; comuna PERIŞ,"În punct ""La Saidac"", bot de terasă între valea Pescăriei şi malul sudic al lacului Snagov",Epoca bronzului
382,IF-I-s-B-15221,Situl arheologic de la Periş,sat PERIŞ; comuna PERIŞ,"În punct ""Valea Sticlăriei"", pe ambele maluri ale văii, între satul Ciocănari calea ferată Bucureşti-Ploieşti", şi
383,IF-I-m-B-15221.01,Aşezare,sat PERIŞ; comuna PERIŞ,"În punct ""Valea Sticlăriei"", pe ambele maluri ale văii, între satul Ciocănari calea ferată Bucureşti-Ploieşti",Epoca medievală şi
384,IF-I-m-B-15221.02,Aşezare,sat PERIŞ; comuna PERIŞ,"În punct ""Valea Sticlăriei"", pe ambele maluri ale văii, între satul Ciocănari calea ferată Bucureşti-Ploieşti",sec. V - VI p. Chr. şi
385,IF-I-m-B-15221.03,Aşezare,sat PERIŞ; comuna PERIŞ,"În punct ""Valea Sticlăriei"", pe ambele maluri ale văii, între satul Ciocănari calea ferată Bucureşti-Ploieşti",sec. II - IV p. Chr. şi
386,IF-I-m-B-15221.04,Aşezare,sat PERIŞ; comuna PERIŞ comuna PETRĂCHIOAIA,"În punct ""Valea Sticlăriei"", pe ambele maluri ale văii, între satul Ciocănari calea ferată Bucureşti-Ploieşti fostei S.M.A.",Epoca bronzului şi
388,IF-I-s-B-15223,Aşezare,sat PETRĂCHIOAIA; comuna PETRĂCHIOAIA,"Pe malul vestic al Mostiştei, în dreptul puţului de lângă podul de pe şosea","Epoca bronzului, Cultura Tei"
389,IF-I-s-B-15224,Aşezare,oraş POPEŞTI-LEORDENI,"La sud de şos. Bucureşti-Popeşti Leordeni, pe traseul conductei de aducţiune a apei în lacul Văcăreşti",Epoca medievală
390,IF-I-s-B-15225,Situl arheologic de la Popeşti,oraş POPEŞTI-LEORDENI,"Pe malul drept al Dâmboviţei, la circa 300 m sud-est de biserica fostului sat Popeşti",
391,IF-I-m-B-15225.01,Aşezare,oraş POPEŞTI-LEORDENI,"Pe malul drept al Dâmboviţei, la circa 300 m sud-est de biserica fostului sat Popeşti",sec. II - IV p. Chr.
392,IF-I-m-B-15225.02,Aşezare,oraş POPEŞTI-LEORDENI,"Pe malul drept al Dâmboviţei, la circa 300 m sud-est de biserica fostului sat Popeşti",Epoca bronzului
393,IF-I-s-B-15226,"Situl arheologic, punct ""Stadion""",oraş POPEŞTI-LEORDENI,"În punct ""Stadion"", pe malul drept al Dâmboviţei, în vatra fostului sat Popeşti",
394,IF-I-m-B-15226.01,Aşezare,oraş POPEŞTI-LEORDENI,"În punct ""Stadion"", pe malul drept al Dâmboviţei, în vatra fostului sat Popeşti",sec. V - VII p. Chr.
395,IF-I-m-B-15226.02,Aşezare,oraş POPEŞTI-LEORDENI,"În punct ""Stadion"", pe malul drept al Dâmboviţei, în vatra fostului sat Popeşti",Epoca bronzului
396,IF-I-s-B-15227,Situl arheologic de la Popeşti-Leordeni,oraş POPEŞTI-LEORDENI,"În punct ""Conacul Costaforu"", pe malul drept al Dâmboviţei, în marginea estică a fostului sat Popeşti",sf. sec. XIX
397,IF-I-m-B-15227.01,Conacul Costaforu (ruină),oraş POPEŞTI-LEORDENI,"În punct ""Conacul Costaforu"", pe malul drept al Dâmboviţei, în marginea estică",sf. sec. XIX
398,IF-I-m-B-15227.02,Aşezare,oraş POPEŞTI-LEORDENI,"În punct ""Conacul Costaforu"", pe malul drept al Dâmboviţei, în marginea estică a fostului sat Popeşti",Epoca geto-dacică
399,IF-I-m-B-15227.03,Aşezare,oraş POPEŞTI-LEORDENI,"În punct ""Conacul Costaforu"", pe malul drept al Dâmboviţei, în marginea estică a fostului sat Popeşti",Epoca bronzului
400,IF-I-s-B-15228,Situl arheologic de la Popeşti-Leordeni,oraş POPEŞTI-LEORDENI,"În punct ""Borna geodezică"" sau ""Botul Malului"", pe malul drept al Dâmboviţei, în marginea nord-vestică a fostului sat Leordeni",
401,IF-I-m-B-15228.01,Aşezare,oraş POPEŞTI-LEORDENI,"În punct ""Borna geodezică"" sau ""Botul Malului"", pe malul drept al Dâmboviţei, în marginea nord-vestică a fostului sat Leordeni",sec. XVI - XIX
402,IF-I-m-B-15228.02,Aşezare,oraş POPEŞTI-LEORDENI,"În punct ""Borna geodezică"" sau ""Botul Malului"", pe malul drept al Dâmboviţei, în marginea nord-vestică a fostului sat Leordeni",sec. IX - XI
403,IF-I-m-B-15228.03,Aşezare,oraş POPEŞTI-LEORDENI,"În punct ""Borna geodezică"" sau ""Botul Malului"", pe malul drept al Dâmboviţei, în marginea nord-vestică a fostului sat Leordeni",sec. VI - VII
404,IF-I-m-B-15228.04,Aşezare,oraş POPEŞTI-LEORDENI,"În punct ""Borna geodezică"" sau ""Botul Malului"", pe malul drept al Dâmboviţei, în marginea nord-vestică a fostului sat Leordeni Malului"", pe malul drept al Dâmboviţei,",sec. II - IV p. Chr. geto-dacică
406,IF-I-m-B-15228.06,Aşezare,oraş POPEŞTI-LEORDENI,"În punct ""Borna geodezică"" sau ""Botul Malului"", pe malul drept al Dâmboviţei, în marginea nord-vestică a fostului sat Leordeni",Epoca bronzului
407,IF-I-s-B-15229,Aşezare,oraş POPEŞTI-LEORDENI,"În marginea estică a fostului sat Leordeni, la sud de ruinele conacului Manu",Epoca bronzului
408,IF-I-s-B-20259,Situl arheologic de la Poşta,sat POŞTA; comuna CERNICA,"Pe malul drept al Dâmboviţei, între drumul spre Frunzăneşti şi marginea nordică a satului",
409,IF-I-m-B-20259.01,Aşezare,sat POŞTA; comuna CERNICA,"Pe malul drept al Dâmboviţei, între drumul spre Frunzăneşti şi marginea nord a satului",sec. IX - X de
410,IF-I-m-B-20259.02,Aşezare,sat POŞTA; comuna CERNICA,"Pe malul drept al Dâmboviţei, între drumul spre Frunzăneşti şi marginea nord a satului",sec. VI
411,IF-I-m-B-20259.03,Aşezare,sat POŞTA; comuna CERNICA,"Pe malul drept al Dâmboviţei, între drumul spre Frunzăneşti şi marginea nord a satului",sec. III - IV p. Chr. de
412,IF-I-m-B-20259.04,Aşezare,sat POŞTA; comuna CERNICA,"Pe malul drept al Dâmboviţei, între drumul spre Frunzăneşti şi marginea nord a satului",Epoca bronzului
413,IF-I-m-B-20259.05,Aşezare,sat POŞTA; comuna CERNICA,"Pe malul drept al Dâmboviţei, între drumul spre Frunzăneşti şi marginea",Epoca neolitică
414,IF-I-m-B-20259.06,Aşezare,sat POŞTA; comuna CERNICA,"În punct ""Vatra Satului"", pe malul drept al Dâmboviţei, de-a lungul satului",sec. XVII - XIX
415,IF-I-m-B-20259.07,Aşezare,sat POŞTA; comuna CERNICA,"În punct ""Vatra Satului"", pe malul drept al Dâmboviţei, de-a lungul satului",sec. VI
416,IF-I-m-B-20259.08,Aşezare,sat POŞTA; comuna CERNICA,"În punct ""Vatra Satului"", pe malul drept al Dâmboviţei, de-a lungul satului",Epoca geto-dacică
417,IF-I-m-B-20259.09,Aşezare,sat POŞTA; comuna CERNICA,"La sud de sat, pe ambele maluri ale unei văi secate",sec. X
418,IF-I-m-B-20259.10,Aşezare,sat POŞTA; comuna CERNICA,"La sud de sat, pe ambele maluri ale unei văi secate",Epoca geto-dacică
419,IF-I-m-B-20259.11,Aşezare,sat POŞTA; comuna CERNICA,La circa 300 m sud-est de sat,Epoca neolitică
420,IF-I-s-B-15230,Situl arheologic de la Pruni,localitate componentă PRUNI; oraş MĂGURELE,"La circa 500 m nord-vest de sat, pe traseul conductei de aducţiune în lacul Văcăreşti-Bucureşti",
421,IF-I-m-B-15230.01,Aşezare,localitate componentă PRUNI; oraş MĂGURELE,"La circa 500 m nord-vest de sat, pe traseul conductei de aducţiune în lacul Văcăreşti-Bucureşti","sec. II - I a. Chr., Epoca geto-dacică"
422,IF-I-m-B-15230.02,Aşezare,localitate componentă PRUNI; oraş MĂGURELE,"La circa 500 m nord-vest de sat, pe traseul conductei de aducţiune în lacul Văcăreşti-Bucureşti","Epoca bronzului, Cultura Tei"
423,IF-I-s-B-15231,Situl arheologic de la Pruni,localitate componentă PRUNI; oraş MĂGURELE PRUNI; oraş MĂGURELE,"La circa 500 m nord-est de sat, pe traseul conductei de aducţiune în lacul Văcăreşti traseul conductei de aducţiune în lacul", geto-dacică
425,IF-I-m-B-15231.02,Aşezare,localitate componentă PRUNI; oraş MĂGURELE,"La circa 500 m nord-est de sat, pe traseul conductei de aducţiune în lacul Văcăreşti",Hallstatt
426,IF-I-s-B-15232,Aşezarea de la Roşu,sat ROŞU; comuna CHIAJNA,"Pe malul drept al Dâmboviţei, în colţul pădurii","Epoca bronzului, Cultura Glina"
427,IF-I-s-B-15191,Situl arheologic de la Săftica,sat SĂFTICA; comuna BALOTEŞTI,Pe malul stâng al Cociovaliştei,
428,IF-I-m-B-15191.01,Aşezare,sat SĂFTICA; comuna BALOTEŞTI,"Pe malul stâng al Cociovaliştei, în punct ""Fosta Staţie de Pompare"", imediat est de hotarul cu comuna Corbeanca",Epoca bronzului la
429,IF-I-m-B-15191.02,Aşezare,sat SĂFTICA; comuna BALOTEŞTI,"Pe malul stâng al Cociovaliştei, la sud de Ferma avicolă",Epoca bronzului
430,IF-I-m-B-15191.03,Aşezare,sat SĂFTICA; comuna BALOTEŞTI,"În punct ""La Izlaz"" şi ""Cimitir"", între malul stâng al Cociovaliştei, marginea de vest a satului, clădirile fermei de creştere a taurinelor şi construcţiile fostului C.A.P. de la est de şoseaua Bucureşti-Ploieşti",sec. XVII - XIX
431,IF-I-m-B-15191.04,Aşezare,sat SĂFTICA; comuna BALOTEŞTI BALOTEŞTI,"În punct ""La Izlaz"" şi ""Cimitir"", între malul stâng al Cociovaliştei, marginea de vest a satului, clădirile fermei de creştere a taurinelor şi construcţiile fostului C.A.P. de la est de şoseaua Bucureşti-Ploieşti malul stâng al Cociovaliştei, marginea",sec. IX - X
433,IF-I-m-B-15191.06,Aşezare,sat SĂFTICA; comuna BALOTEŞTI,"În punct ""La Izlaz"" şi ""Cimitir"", între malul stâng al Cociovaliştei, marginea de vest a satului, clădirile fermei de creştere a taurinelor şi construcţiile fostului C.A.P. de la est de şoseaua Bucureşti-Ploieşti",sec. III - IV p. Chr
434,IF-I-m-B-15191.07,Aşezare,sat SĂFTICA; comuna BALOTEŞTI,"În punct ""La Izlaz"" şi ""Cimitir"", între malul stâng al Cociovaliştei, marginea de vest a satului, clădirile fermei de creştere a taurinelor şi construcţiile fostului C.A.P. de la est de şoseaua Bucureşti-Ploieşti","sec. II - I a. Chr, Epoca geto-dacică"
435,IF-I-m-B-15191.08,Aşezare,sat SĂFTICA; comuna BALOTEŞTI,"În punct ""La Izlaz"" şi ""Cimitir"", între malul stâng al Cociovaliştei, marginea de vest a satului, clădirile fermei de creştere a taurinelor şi construcţiile fostului C.A.P. de la est de şoseaua Bucureşti-Ploieşti","Epoca bronzului, Cultura Tei, faza III"
436,IF-I-m-B-15191.09,Aşezare,sat SĂFTICA; comuna BALOTEŞTI,"În punct ""La Nisipărie I"", pe malul stâng al Cociovaliştei",sec. IX - X
437,IF-I-m-B-15191.10,Aşezare,sat SĂFTICA; comuna BALOTEŞTI BALOTEŞTI,"În punct ""La Nisipărie I"", pe malul stâng al Cociovaliştei al Cociovaliştei",sec. IV p. Chr.
439,IF-I-m-B-15191.12,Aşezare,sat SĂFTICA; comuna BALOTEŞTI,"În punct ""La Nisipărie II"", pe malul stâng al Cociovaliştei","Epoca bronzului, Cultura Tei, faza V"
440,IF-I-m-B-15191.13,Aşezare,sat SĂFTICA; comuna BALOTEŞTI,"În punct ""La Nisipărie III"", pe malul stâng al Cociovaliştei",sec. II - III p. Chr.
441,IF-I-m-B-15191.14,Aşezare,sat SĂFTICA; comuna BALOTEŞTI,"În punct ""La Nisipărie III"", pe malul stâng al Cociovaliştei",sec. II - I a. Chr.
442,IF-I-s-B-20258,Situl arheologic de la Săftica,sat SĂFTICA; comuna BALOTEŞTI,"Pe malul drept al pârâului Vlăsia, la şi nord-est de sat",est
443,IF-I-m-B-20258.01,Aşezare,sat SĂFTICA; comuna BALOTEŞTI,"Pe malul drept al pârâului Vlăsia, la nord-est de sat",sec. X
444,IF-I-m-B-20258.02,Aşezare,sat SĂFTICA; comuna BALOTEŞTI,"Pe malul drept al pârâului Vlăsia, la de şos. Bucureşti-Ploieşti",est Epoca bronzului
445,IF-I-s-B-20265,Situl arheologic de la Săftica,sat SĂFTICA; comuna BALOTEŞTI,Pe malul drept al pârâului Vlăsia,
446,IF-I-m-B-20265.01,Aşezare,sat SĂFTICA; comuna BALOTEŞTI,"Pe malul drept al pârâului Vlăsia, imediat la sud-est de crescătoria de peşte",sec. V - VI
447,IF-I-m-B-20265.02,Aşezare,sat SĂFTICA; comuna BALOTEŞTI,"Pe malul drept al pârâului Vlăsia, imediat la sud-est de crescătoria de peşte",sec. II - III p. Chr.
448,IF-I-m-B-20265.03,Aşezare,sat SĂFTICA; comuna BALOTEŞTI,Pe malul drept al pârâului Vlăsia,"Epoca bronzului, Cultura Tei"
449,IF-I-m-B-20265.04,Aşezare Siliştea Snagovului,sat SĂFTICA; comuna BALOTEŞTI SNAGOVULUI; comuna,"Pe malul drept al pârâului Vlăsia, la circa 50 m de colţul nord-vest al pădurii Vlăsia m nord-vest-nord de la fântâna din",Epoca bronzului
451,IF-I-m-B-15234.01,Aşezare,sat SILIŞTEA SNAGOVULUI; comuna GRUIU,"Pe malul drept al râului Ialomiţa, la m nord-vest-nord de la fântâna din mijlocul câmpului",850 Epoca bronzului
452,IF-I-m-B-15234.02,Aşezare,sat SILIŞTEA SNAGOVULUI; comuna GRUIU,"Pe malul drept al râului Ialomiţa, la circa 250 m nord de fântâna din mijlocul câmpului",sec. IV p. Chr.
453,IF-I-m-B-15234.03,Aşezare,sat SILIŞTEA SNAGOVULUI; comuna GRUIU,"Pe malul drept al râului Ialomiţa, la nord de sat",Epoca bronzului
454,IF-I-m-B-15234.04,Aşezare,sat SILIŞTEA SNAGOVULUI; comuna GRUIU,"Pe malul drept al râului Ialomiţa, la circa 350 m nord de biserica din centrul satului",sec. II - I a. Chr.
455,IF-I-m-B-15234.05,Aşezare,sat SILIŞTEA SNAGOVULUI; comuna GRUIU,"În punct ""Fundul Strâmt"", pe malul drept al Ialomiţei, în marginea nordică a cătunului Turbaţi",Epoca medievală
456,IF-I-m-B-15234.06,Aşezare,sat SILIŞTEA SNAGOVULUI; comuna GRUIU,"În punct ""Fundul Strâmt"", pe malul drept al Ialomiţei, în marginea nordică a cătunului Turbaţi",Epoca bronzului
457,IF-I-s-B-15235,Situl arheologic Siliştea Snagovului,sat SILIŞTEA SNAGOVULUI; comuna GRUIU,"În punct ""Valea Boului"", în marginea nord-vestică a cătunului Coadele",
458,IF-I-m-B-15235.01,Aşezare,sat SILIŞTEA SNAGOVULUI; comuna GRUIU SNAGOVULUI; comuna,"În punct ""Valea Boului"", în marginea nord-vestică a cătunului Coadele nord-vestică a cătunului Coadele",sec. V - VI
460,IF-I-s-B-15236,Situl arheologic de la Siliştea Snagovului,sat SILIŞTEA SNAGOVULUI; comuna GRUIU,"În punct ""La Coşarnă"", între Valea Ţigăncii şi Valea Coadelor",
461,IF-I-m-B-15236.01,Aşezare,sat SILIŞTEA SNAGOVULUI; comuna GRUIU,"În punct ""La Coşarnă"", între Valea Ţigăncii şi Valea Coadelor",sec. III - IV p. Chr.
462,IF-I-m-B-15236.02,Aşezare,sat SILIŞTEA SNAGOVULUI; comuna GRUIU,"În punct ""La Coşarnă"", între Valea Ţigăncii şi Valea Coadelor",Epoca bronzului
463,IF-I-s-B-15237,Situl arheologic de la Surlari,sat SURLARI; comuna PETRĂCHIOAIA,"La marginea nordică a satului, pe malul drept al pârâului Mostiştea",
464, IF-I-m-B-15237.01, Aşezare, sat SURLARI; comuna PETRĂCHIOAIA," La marginea nordică a satului, pe malul drept al pârâului Mostiştea"," sec. III - II a. Chr., Epoca geto-dacică"
465,IF-I-m-B-15237.02,Aşezare,sat SURLARI; comuna PETRĂCHIOAIA,"La marginea nordică a satului, pe malul drept al pârâului Mostiştea","Epoca bronzului, Cultura Coslogeni"
466,IF-I-m-B-15237.03,Aşezare,sat SURLARI; comuna PETRĂCHIOAIA,"La marginea nordică a satului, pe malul drept al pârâului Mostiştea","Epoca bronzului, Cultura Tei"
467,IF-I-s-B-15238,Aşezare,sat SURLARI; comuna PETRĂCHIOAIA,"La marginea estică a satului, pe malul drept al pârâului Mostiştea",Epoca daco-romană
468,IF-I-s-B-20255,Situl arheologic de la Ştefăneştii de Jos,sat ŞTEFĂNEŞTII DE JOS; comuna ŞTEFĂNEŞTII DE JOS,"Pe malul drept al pârâului Pasărea, în marginea nord-estică a satului",
469,IF-I-m-B-20255.01,Aşezare,sat ŞTEFĂNEŞTII DE JOS; comuna ŞTEFĂNEŞTII DE,"Pe malul drept al pârâului Pasărea, în marginea nord-estică a satului",sec. IX - XI
470,IF-I-m-B-20255.02,Aşezare,sat ŞTEFĂNEŞTII DE JOS; comuna ŞTEFĂNEŞTII DE JOS,"Pe malul drept al pârâului Pasărea, în marginea nord-estică a satului",Epoca bronzului
471,IF-I-m-B-20255.03,Aşezare,sat ŞTEFĂNEŞTII DE JOS; comuna ŞTEFĂNEŞTII DE JOS,"Pe malul drept al pârâului Pasărea, spre hotarul cu com. Afumaţi",Epoca geto-dacică
472,IF-I-s-B-15239,Aşezare,sat TÂNCĂBEŞTI; comuna SNAGOV,În marginea sudică a pădurii Scroviştea,"Epoca bronzului, Cultura Glina"
473,IF-I-s-B-15240,Situl arheologic de la Tâncăbeşti,sat TÂNCĂBEŞTI; comuna SNAGOV,"În punct ""Marginea estică a satului"", malul nordic al lacului Snagov",pe
474,IF-I-m-B-15240.01,Aşezare,sat TÂNCĂBEŞTI; comuna SNAGOV,"În punct ""Marginea estică a satului"", malul nordic al lacului Snagov",pe Epoca bronzului
475,IF-I-m-B-15240.02,Aşezare,sat TÂNCĂBEŞTI; comuna SNAGOV,"În punct ""Gospodăria Mitu al lui Belu""","Epoca bronzului, Cultura Tei"
476,IF-I-m-B-15240.03,Aşezare,sat TÂNCĂBEŞTI; comuna SNAGOV,La confluenţa pe dreapta a Văii Ţiparului cu valea Lacul Ciurii,"sec. I a. Chr., Epoca geto- dacică"
477,IF-I-m-B-15240.04,Aşezare,sat TÂNCĂBEŞTI; comuna SNAGOV,"În punct ""La Ogresie"", pe malul drept văii Lacul Ciurii","al Epoca bronzului, Cultura Tei"
478,IF-I-m-B-15240.05,Aşezare,sat TÂNCĂBEŞTI; comuna SNAGOV,În zona confluenţei văii Lacul Ciurii cu lacul Snagov,"Epoca bronzului, Cultura Tei"
479,IF-I-s-B-20263,Situl arheologic de la Vlădiceasca,sat TÂNCĂBEŞTI; comuna SNAGOV,"Pe malul sudic al lacului Snagov, la est de hotarul cu comuna Periş",
480,IF-I-m-B-20263.01,Aşezare,sat TÂNCĂBEŞTI; comuna SNAGOV SNAGOV,"Pe malul sudic al lacului Snagov, la est de hotarul cu comuna Periş de hotarul cu comuna Periş",sec. V - VI
482,IF-I-m-B-20263.03,Aşezare,sat TÂNCĂBEŞTI; comuna SNAGOV,"Pe malul sudic al lacului Snagov, la est de hotarul cu comuna Periş","Epoca bronzului, Cultura Glina"
483,IF-I-m-B-20263.04,Aşezare,sat TÂNCĂBEŞTI; comuna SNAGOV,"Pe malul stâng al unei văi afluente lacului Snagov, traversată de drumul spre satul Cocioc",sec. II - III p. Chr.
484,IF-I-m-B-20263.05,Aşezare,sat TÂNCĂBEŞTI; comuna SNAGOV,"Pe malul stâng al unei văi afluente lacului Snagov, traversată de drumul spre satul Cocioc",Epoca bronzului
485,IF-I-m-B-20263.06,Aşezare,sat TÂNCĂBEŞTI; comuna SNAGOV,"Pe malul drept al unei văi afluente lacului Snagov, traversată de drumul spre satul Cocioc",sec. IV - V p. Chr.
486,IF-I-m-B-20263.07,Aşezare,sat TÂNCĂBEŞTI; comuna SNAGOV,"Pe malul drept al unei văi afluente lacului Snagov, traversată de drumul spre satul Cocioc",sec. II - III p. Chr.
487,IF-I-s-B-20266,Situl arheologic de la Vlădiceasca,sat TÂNCĂBEŞTI; comuna SNAGOV,Pe malul stâng al pârâului Vlăsia,
488,IF-I-m-B-20266.01,Aşezare,sat TÂNCĂBEŞTI; comuna SNAGOV,"Pe malul stâng al pârâului Vlăsia, imediat la est de hotarul cu comuna Periş",sec. V - VI
489,IF-I-m-B-20266.02,Aşezare,sat TÂNCĂBEŞTI; comuna SNAGOV,"Pe malul stâng al pârâului Vlăsia, imediat la est de hotarul cu comuna Periş",sec. II - III p. Chr.
490,IF-I-m-B-20266.03,Aşezare,sat TÂNCĂBEŞTI; comuna SNAGOV SNAGOV,"La 100 m est de drumul Săftica-Cocioc, pe malul stâng al pârâului Vlăsia nord de colţul nord-vestic al pădurii",Epoca bronzului
492,IF-I-m-B-20266.05,Aşezare,sat TÂNCĂBEŞTI; comuna SNAGOV,"Pe ambele maluri ale unei vâlcele afluente pârâului Vlăsia, la nord de pădurea Vlăsia",Epoca bronzului
493,IF-I-s-B-20267,Situl arheologic de la Vlădiceasca,sat TÂNCĂBEŞTI; comuna SNAGOV,"În punct ""Tâncăbeşti-Benzinărie"", pe malul sudic al lacului Snagov, imediat vest de şoseaua Bucureşti-Ploieşti", la
494,IF-I-m-B-20267.01,Aşezare,sat TÂNCĂBEŞTI; comuna SNAGOV,"În punct ""Tâncăbeşti-Benzinărie"", pe malul sudic al lacului Snagov, imediat vest de şoseaua Bucureşti-Ploieşti",sec. XVIII - XIX la
495,IF-I-m-B-20267.02,Aşezare,sat TÂNCĂBEŞTI; comuna SNAGOV,"În punct ""Tâncăbeşti-Benzinărie"", pe malul sudic al lacului Snagov, imediat vest de şoseaua Bucureşti-Ploieşti",sec. X la
496,IF-I-m-B-20267.03,Aşezare,sat TÂNCĂBEŞTI; comuna SNAGOV,"În punct ""Tâncăbeşti-Benzinărie"", pe malul sudic al lacului Snagov, imediat vest de şoseaua Bucureşti-Ploieşti",sec. VI la
497,IF-I-m-B-20267.04,Aşezare,sat TÂNCĂBEŞTI; comuna SNAGOV,"În punct ""Tâncăbeşti-Benzinărie"", pe malul sudic al lacului Snagov, imediat vest de şoseaua Bucureşti-Ploieşti",sec. II - III p. Chr. la
498,IF-I-s-A-15241,Aşezare,sat TÂNGANU; comuna CERNICA,"Pe malul stâng al Dâmboviţei, între satele Tânganu şi Tânganu-Moară",Epoca geto-dacică
499,IF-I-s-B-15242,Situl arheologic de la Tunari,sat TUNARI; comuna TUNARI,"În incinta Aeroportului Otopeni, imediat la nord de capătul estic al pistei civile nr. 1",
500,IF-I-m-B-15242.01,Aşezare,sat TUNARI; comuna TUNARI,"În incinta Aeroportului Otopeni, imediat la nord de capătul estic al pistei",sec. II - I a. Chr.
501,IF-I-m-B-15242.02,Aşezare,sat TUNARI; comuna TUNARI,"În incinta Aeroportului Otopeni, imediat la nord de capătul estic al pistei civile nr. 1",Hallstatt
502,IF-I-s-B-15243,Aşezare,sat TUNARI; comuna TUNARI,"În incinta Aeroportului Otopeni, la sud de pista civile nr. 2",Epoca geto-dacică
503,IF-I-s-B-15244,Aşezare,sat TUNARI; comuna TUNARI,"În punct ""Ferma zootehnică a fostului CAP Tunari"", pe malul stâng al pârâului Pasărea",
504,IF-I-m-B-15244.01,Aşezare,sat TUNARI; comuna TUNARI,"În punct ""Ferma zootehnică a fostului CAP Tunari"", pe malul stâng al pârâului Pasărea",Epoca geto-dacică
505,IF-I-m-B-15244.02,Aşezare,sat TUNARI; comuna TUNARI,"Pe malul stâng al pârâului Pasărea, la 100 m vest de fosta staţie de pompare SPP4",Epoca bronzului
506,IF-I-m-B-15245.03,Aşezare,sat TUNARI; comuna TUNARI,"La circa 750 m est de şoseaua Tunari- Baloteşti, străpunse de Cd 3",Epoca geto-dacică
507,IF-I-m-B-15245.04,Aşezare,sat TUNARI; comuna TUNARI,"La circa 750 m est de şoseaua Tunari- Baloteşti, străpunse de Cd 3",Epoca bronzului
508,IF-I-s-B-15246,Aşezare,sat TUNARI; comuna TUNARI,"La 1 km est de şoseaua Tunari- Baloteşti, între Cd 4 şi CC II",Epoca bronzului
509,IF-I-s-B-20256,"Aşezare, punct ""Terenul lui Stoianov Emil""",sat TUNARI; comuna TUNARI,"În punct ""Pe terenul lui Stoianov Emil"", pe malul drept al pârâului Pasărea",sec. III - IV p. Chr.
510,IF-I-m-B-20256.01,Aşezare,sat TUNARI; comuna TUNARI TUNARI,"Pe malul drept al pârâului Pasărea, în marginea estică a satului",sec. IX - XI
512,IF-I-m-B-20256.03,Aşezare,sat TUNARI; comuna TUNARI,"Pe malul drept al pârâului Pasărea, la sud-vest de dig",Epoca bronzului
513,IF-I-s-B-15247,Situl arheologic de la Ţegheş,sat ŢEGHEŞ; comuna DOMNEŞTI,"Pe malul stâng al Argeşului, în marginea sud-vest a satului",
514,IF-I-m-B-15247.01,Aşezare,sat ŢEGHEŞ; comuna DOMNEŞTI,"Pe malul stâng al Argeşului, în marginea sud-vest a satului",Epoca medievală
515,IF-I-m-B-15247.02,Aşezare,sat ŢEGHEŞ; comuna DOMNEŞTI,"Pe malul stâng al Argeşului, în marginea sud-vest a satului",Epoca bronzului
516,IF-I-s-B-15248,Situl arheologic de la Ţegheş,sat ŢEGHEŞ; comuna DOMNEŞTI,"Pe malul stâng al Argeşului, în partea nord-vest a satului",
517,IF-I-m-B-15248.01,Aşezare,sat ŢEGHEŞ; comuna DOMNEŞTI,"Pe malul stâng al Argeşului, în partea nord-vest a satului",Epoca medievală
518,IF-I-m-B-15248.02,Aşezare,sat ŢEGHEŞ; comuna DOMNEŞTI,"Pe malul stâng al Argeşului, în partea nord-vest a satului",sec. III p. Chr.
519,IF-I-s-B-15249,Situl arheologic de la Vadul Anei,sat VADUL ANEI; comuna BRĂNEŞTI,"Pe malul stâng al pârâului Pasărea, de la sud de autostrada Bucureşti - Constanţa până în nord-vestul satului",
520,IF-I-m-B-15249.01,Aşezare,sat VADUL ANEI; comuna BRĂNEŞTI,"Pe malul stâng al pârâului Pasărea, de la sud de autostrada Bucureşti- Constanţa până în nord-vestul satului",sec. X
521,IF-I-m-B-15249.02,Aşezare,sat VADUL ANEI; comuna BRĂNEŞTI,"Pe malul stâng al pârâului Pasărea, de la sud de autostrada Bucureşti- Constanţa până în nord-vestul satului",sec. VI - VII
522,IF-I-m-B-15249.03,Aşezare,sat VADUL ANEI; comuna BRĂNEŞTI,"Pe malul stâng al pârâului Pasărea, de la sud de autostrada Bucureşti-",sec. II - IV p. Chr.
523,IF-I-m-B-15249.04,Aşezare,sat VADUL ANEI; comuna BRĂNEŞTI,"Pe malul stâng al pârâului Pasărea, de la sud de autostrada Bucureşti- Constanţa până în nord-vestul satului",Epoca geto-dacică
524,IF-I-s-B-15250,Situl arheologic de la Vânători,sat VÂNĂTORI; comuna PETRĂCHIOAIA,La est de sat,
525,IF-I-m-B-15250.01,Aşezare,sat VÂNĂTORI; comuna PETRĂCHIOAIA,La est de sat,sec. XVI
526,IF-I-m-B-15250.02,Aşezare,sat VÂNĂTORI; comuna PETRĂCHIOAIA,La est de sat,sec. IX - XI
527,IF-I-m-B-15250.03,Aşezare,sat VÂNĂTORI; comuna PETRĂCHIOAIA,La est de sat,sec. VI
528,IF-I-m-B-15250.04,Aşezare,sat VÂNĂTORI; comuna PETRĂCHIOAIA,La est de sat,Epoca geto-dacică
529,IF-I-s-B-15251,"Situl arheologic de la Vârteju, punct ""CAP""",localitate componentă VÂRTEJU; oraş MĂGURELE,"În punct ""Grajdurile fostului CAP Vârteju"", pe malul stâng al pârâului Ciorogârla",
530,IF-I-m-B-15251.01,Aşezare,localitate componentă VÂRTEJU; oraş MĂGURELE,"În punct ""Grajdurile fostului CAP Vârteju"", pe malul stâng al pârâului Ciorogârla",sec. XVII - XVIII
531,IF-I-m-B-15251.02,Aşezare,localitate componentă VÂRTEJU; oraş MĂGURELE,"În punct ""Grajdurile fostului CAP Vârteju"", pe malul stâng al pârâului Ciorogârla",sec. XIV - XIX
532,IF-I-m-B-15251.03,Aşezare,localitate componentă VÂRTEJU; oraş MĂGURELE VÂRTEJU; oraş,"În punct ""Grajdurile fostului CAP Vârteju"", pe malul stâng al pârâului Ciorogârla Vârteju"", pe malul stâng al pârâului",sec. IX - XI
534,IF-I-m-B-15251.05,Aşezare,localitate componentă VÂRTEJU; oraş MĂGURELE,"În punct ""Grajdurile fostului CAP Vârteju"", pe malul stâng al pârâului Ciorogârla",Epoca bronzului
535,IF-I-s-B-15252,Situl arheologic de la Vârteju,localitate componentă VÂRTEJU; oraş MĂGURELE,"Pe malul nordic al pârâului Ciorogârla, în cătunul Chirca",
536,IF-I-m-B-15252.01,Aşezare,localitate componentă VÂRTEJU; oraş MĂGURELE,"Pe malul nordic al pârâului Ciorogârla, în cătunul Chirca",sec. XVII - XVIII
537,IF-I-m-B-15252.02,Aşezare,localitate componentă VÂRTEJU; oraş MĂGURELE,"Pe malul nordic al pârâului Ciorogârla, în cătunul Chirca",sec. IX - XI
538,IF-I-s-B-15253,Situl arheologic de la Vârteju,localitate componentă VÂRTEJU; oraş MĂGURELE,"Pe malul nordic al pârâului Ciorogârla, în apropierea bisericii",
539,IF-I-m-B-15253.01,Aşezare,localitate componentă VÂRTEJU; oraş MĂGURELE,"Pe malul nordic al pârâului Ciorogârla, în apropierea bisericii",sec. XVIII - XIX
540,IF-I-m-B-15253.02,Necropolă,localitate componentă VÂRTEJU; oraş MĂGURELE,"Pe malul nordic al pârâului Ciorogârla, în apropierea bisericii",sec. XVIII - XIX
541,IF-I-m-B-15253.03,Aşezare Vârteju,localitate componentă VÂRTEJU; oraş MĂGURELE VÂRTEJU; oraş,"Pe malul nordic al pârâului Ciorogârla, în apropierea bisericii maluri ale Sabarului, la est de hotarul",sec. XV - XVI
543,IF-I-m-B-20260.01,Aşezare,localitate componentă VÂRTEJU; oraş MĂGURELE,"În punct ""Staţia de epurare"", pe ambele maluri ale Sabarului, la est de hotarul cu orașul Bragadiru",sec. XIV - XVIII
544,IF-I-m-B-20260.02,Aşezare,localitate componentă VÂRTEJU; oraş MĂGURELE,"În punct ""Staţia de epurare"", pe ambele maluri ale Sabarului, la est de hotarul cu orașul Bragadiru",sec. IX - XI
545,IF-I-m-B-20260.03,Aşezare,localitate componentă VÂRTEJU; oraş MĂGURELE,"În punct ""Staţia de epurare"", pe ambele maluri ale Sabarului, la est de hotarul cu orașul Bragadiru",sec. III - IV p. Chr.
546,IF-I-m-B-20260.04,Aşezare,localitate componentă VÂRTEJU; oraş MĂGURELE,"În punct ""Staţia de epurare"", pe ambele maluri ale Sabarului, la est de hotarul cu orașul Bragadiru",Epoca geto-dacică
547,IF-I-m-B-20260.05,Aşezare,localitate componentă VÂRTEJU; oraş MĂGURELE,"În punct ""Staţia de epurare"", pe ambele maluri ale Sabarului, la est de hotarul cu orașul Bragadiru",Epoca bronzului
548,IF-I-m-B-20260.06,Aşezare,localitate componentă VÂRTEJU; oraş MĂGURELE,"În punct ""Staţia de epurare"", pe ambele maluri ale Sabarului, la est de hotarul cu orașul Bragadiru",Neolitic
549,IF-I-s-B-20261,Situl arheologic de la Vârteju,localitate componentă VÂRTEJU; oraş MĂGURELE VÂRTEJU; oraş,"Pe malul stâng al Ciorogârlei, vis-à-vis de fosta cărămidărie, la sud-est de hotarul cu orașul Bragadiru; în punct ""La fosta Cărămidărie"", pe malul drept al pârâului Ciorogârla, la est de hotarul cu orașul Bragadiru de fosta cărămidărie, la sud-est de",
551,IF-I-m-B-20261.02,Aşezare,localitate componentă VÂRTEJU; oraş MĂGURELE,"Pe malul stâng al Ciorogârlei, vis-à-vis de fosta cărămidărie, la sud-est de hotarul cu orașul Bragadiru",sec. IX - XI p. Chr.
552,IF-I-m-B-20261.03,Aşezare,localitate componentă VÂRTEJU; oraş MĂGURELE,"Pe malul stâng al Ciorogârlei, vis-à-vis de fosta cărămidărie, la sud-est de hotarul cu orașul Bragadiru",sec. III - IV p. Chr.
553,IF-I-m-B-20261.04,Aşezare,localitate componentă VÂRTEJU; oraş MĂGURELE,"Pe malul stâng al Ciorogârlei, vis-à-vis de fosta cărămidărie, la sud-est de hotarul cu orașul Bragadiru",Epoca geto-dacică
554,IF-I-m-B-20261.05,Aşezare,localitate componentă VÂRTEJU; oraş MĂGURELE,"Pe malul stâng al Ciorogârlei, vis-à-vis de fosta cărămidărie, la sud-est de hotarul cu orașul Bragadiru",Epoca bronzului
555,IF-I-m-B-20261.06,Aşezare,localitate componentă VÂRTEJU; oraş MĂGURELE,"Pe malul stâng al Ciorogârlei, vis-à-vis de fosta cărămidărie, la sud-est de hotarul cu orașul Bragadiru",Epoca neolitică
556,IF-I-m-B-20261.07,Aşezare,localitate componentă VÂRTEJU; oraş MĂGURELE,"În punct ""La fosta Cărămidărie"", pe malul drept al pârâului Ciorogârla, la est de hotarul cu orașul Bragadiru",Epoca geto-dacică
557,IF-I-s-B-15254,Aşezare,sat VIDRA; comuna VIDRA,"Pe malul stâng al pârâului Sabar, la vest de calea ferată Bucureşti-Giurgiu",sec. XVII - XVIII
558,IF-I-s-A-15255,Situl arheologic de la Vidra,sat VIDRA; comuna VIDRA,"În punct ""Tell-ul Vidra"", pe malul stâng al pârâului Sabar",
559,IF-I-m-A-15255.01,Aşezare,sat VIDRA; comuna VIDRA VIDRA,"În punct ""Tell-ul Vidra"", pe malul stâng al pârâului Sabar al pârâului Sabar",sec. XVIII
561,IF-I-m-A-15255.03,Aşezare,sat VIDRA; comuna VIDRA,"În punct ""Tell-ul Vidra"", pe malul stâng al pârâului Sabar",sec. III - IV p. Chr.
562,IF-I-m-A-15255.04,Aşezare,sat VIDRA; comuna VIDRA,"În punct ""Tell-ul Vidra"", pe malul stâng al pârâului Sabar","Neolitic, Cultura Gumelniţa"
563,IF-I-m-A-15255.05,Aşezare,sat VIDRA; comuna VIDRA,"În punct ""Tell-ul Vidra"", pe malul stâng al pârâului Sabar",Neolitic
564,IF-I-s-B-15256,Situl arheologic de la Vlădiceasca,sat VLĂDICEASCA; comuna SNAGOV,"Pe malul stâng al pârâului Vlăsia, de circa 300 m est de şos. Bucureşti- Ploieşti până la pădurea Vlădiceasca",la
565,IF-I-m-B-15256.01,Aşezare,sat VLĂDICEASCA; comuna SNAGOV,"Pe malul stâng al pârâului Vlăsia, de circa 300 m est de şos. Bucureşti- Ploieşti până la pădurea Vlădiceasca",la sec. X
566,IF-I-m-B-15256.03,Aşezare,sat VLĂDICEASCA; comuna SNAGOV,"Pe malul stâng al pârâului Vlăsia, de circa 300 m est de şos. Bucureşti- Ploieşti până la pădurea Vlădiceasca","la sec. III - IV p. Chr., Epoca post-romană"
567,IF-I-m-B-20267.05,Aşezare,sat VLĂDICEASCA; comuna SNAGOV,"Pe malul drept al unei văi afluente lacului Snagov, traversată de drumul spre satul Cocioc","sec. IV - V p. Chr., Epoca post-romană"
568,IF-II-m-B-15267,"Biserica „Sf. Împăraţi”, fostă biserică de curte",oraş BUFTEA,"Str. Agricultori 116, Cartier Buciumeni",1787
569,IF-II-a-A-15257,Ansamblul fostului Palat Ştirbei,oraş BUFTEA,Str. Ştirbei Vodă 36,mijl. sec. XIX
570,IF-II-m-A-15257.01,Palat,oraş BUFTEA,Str. Ştirbei Vodă 36,mijl. sec. XIX
572,IF-II-m-A-15257.03,Parc,oraş BUFTEA,Str. Ştirbei Vodă 36,mijl. sec. XIX
573,IF-II-m-A-15257.04,Turn de apă,oraş BUFTEA,Str. Ştirbei Vodă 36,înc. sec. XX
574,IF-II-m-A-15257.05,Pavilion de Poartă,oraş BUFTEA,Str. Ştirbei Vodă 36,sf. sec. XIX
575,IF-II-a-A-15258,"Ansamblul fostei curţi a Stolnicului Constantin Cantacuzino, ulterior baron Dumba",sat AFUMAŢI; comuna AFUMAŢI,Str. Ştefăneşti 57-59,"sf. sec. XVII, transf. sec. XIX"
576,IF-II-m-A-15258.01,Conac,sat AFUMAŢI; comuna AFUMAŢI,Str. Ştefăneşti 57,"sf. sec. XVII, transf. sec. XIX"
577,IF-II-m-A-15258.02,Biserica „Adormirea Maicii Domnului”,sat AFUMAŢI; comuna AFUMAŢI,Str. Ştefăneşti 59,"1691, transf. sec. XIX"
578,IF-II-m-A-15258.03,Zid de incintă,sat AFUMAŢI; comuna AFUMAŢI,Str. Ştefăneşti 59,"sf. sec. XVII, transf. sec. XIX"
579, IF-II-m-B-15260, Fost han, sat BALOTEŞTI; comuna BALOTEŞTI, Str. Brătianu I.C. 12, 1910
580,IF-II-m-B-15261,Conacul Bujoiu,sat BALOTEŞTI; comuna BALOTEŞTI,Str. Unirii 120,1932
581,IF-II-m-B-20268,"Biserica „Sf. Nicolae, Teodor şi Stelian”",sat BALOTEŞTI; comuna BALOTEŞTI,Str. Unirii 221,1763
582,IF-II-a-A-15263,Mănăstirea Balamuci,sat BALTA NEAGRĂ; comuna NUCI comuna NUCI,"Drum forestier, la 3 km Nord de satul Sitaru, str. Frasinului 25 Sitaru, str. Frasinului 25",sec. XVII - XIX
584,IF-II-m-A-15263.02,Zid de incintă,sat BALTA NEAGRĂ; comuna NUCI,"Drum forestier, la 3 km Nord de satul Sitaru, str. Frasinului 25",1752
585,IF-II-m-B-15264,Biserica „Adormirea Maicii Domnului”,sat BĂLĂCEANCA; comuna CERNICA,Şos. Gării 43,"1870, 1880 - 1884"
586,IF-II-m-A-15265,Biserica „Sf. Nicolae” a fostului schit Bălteni,sat BĂLTENI; comuna PERIŞ,Str. Sf. Nicolae 114,1626
587,IF-II-a-B-15266,Fosta curte boierească de la Berceni,sat BERCENI; comuna BERCENI,Bd. 1 Mai 720,1882
588,IF-II-m-B-15266.01,Ruinele caselor boiereşti,sat BERCENI; comuna BERCENI,Bd. 1 Mai 720,1882
589,IF-II-m-B-15266.02,Biserica „Sf. Nicolae”,sat BERCENI; comuna BERCENI,Str. Înfrăţirii 3,1882
590,IF-II-m-B-15268.03,Capelă,sat CĂCIULAŢI; comuna MOARA VLĂSIEI,Str. Cimitirului f.n.,1832
591,IF-II-m-B-15268.02,Biserica „Adormirea Maicii Domnului”,sat CĂCIULAŢI; comuna MOARA VLĂSIEI,Şos. Unirii 89,1832
592,IF-II-a-B-15268,Ansamblul fostului palat Alexandru Ghica,sat CĂCIULAŢI; comuna MOARA VLĂSIEI,Str. Unirii 93,înc. sec. XIX
593,IF-II-m-B-15268.01,Palat,sat CĂCIULAŢI; comuna MOARA VLĂSIEI,Str. Unirii 93,1830
594,IF-II-m-B-15268.04,Parc,sat CĂCIULAŢI; comuna MOARA VLĂSIEI,Str. Unirii 93,înc. sec. XIX
595, IF-II-m-B-15269, Biserica „Sf. Nicolae” Ciofliceni, sat CHIAJNA; comuna CHIAJNA SNAGOV, Str. Eroului 40, 1831 - 1897
597,IF-II-a-B-15271,Mănăstirea Ţigăneşti,sat CIOLPANI; comuna CIOLPANI,"DC, la 3,5 km de DN 1","sec. XVIII, XIX, XX"
598,IF-II-m-B-15271.01,"Biserica ""Adormirea Maicii Domnului""",sat CIOLPANI; comuna CIOLPANI,"DC, la 3,5 km de DN 1",1812
599,IF-II-m-B-15271.02,Biserica din cimitir,sat CIOLPANI; comuna CIOLPANI,"DC, la 3,5 km de DN 1",1817
600,IF-II-m-B-15271.03,Stăreţie,sat CIOLPANI; comuna CIOLPANI,"DC, la 3,5 km de DN 1",sf. sec. XIX
601,IF-II-m-B-15271.04,Trapeză,sat CIOLPANI; comuna CIOLPANI,"DC, la 3,5 km de DN 1",sf. sec. XIX
602,IF-II-m-B-15271.05,Arhondaric,sat CIOLPANI; comuna CIOLPANI,"DC, la 3,5 km de DN 1",înc. sec. XIX
603,IF-II-m-B-15271.06,Case monahale,sat CIOLPANI; comuna CIOLPANI,"DC, la 3,5 km de DN 1",sf. sec. XIX - sec. XX
604,IF-II-m-B-15271.07,Turn clopotniţă,sat CIOLPANI; comuna CIOLPANI,"DC, la 3,5 km de DN 1",1776
605,IF-II-m-B-15270,"Biserica ""Adormirea Precistei""",sat CIOLPANI; comuna CIOLPANI,Str. Ţigăneşti 3,sec. XIX
606,IF-II-a-B-15272,Ansamblul fostului conac Grigore Gigurtu,sat CIOROGÂRLA; comuna CIOROGÂRLA,Str. Băii 14-16,înc. sec. XIX
607,IF-II-m-B-15272.01,Biserica „Sf. Gheorghe”,sat CIOROGÂRLA; comuna CIOROGÂRLA,Str. Băii 14,1832
608, IF-II-m-B-15272.02, Conac, sat CIOROGÂRLA; comuna CIOROGÂRLA comuna CIOROGÂRLA, Str. Băii 16, înc. sec. XIX XX
610,IF-II-a-B-15274,Mănăstirea Ciorogârla- Samurcăşeşti,sat CIOROGÂRLA; comuna CIOROGÂRLA,Str. Ipătescu Ana 53,1808
611,IF-II-m-B-15274.01,"Biserica „Sf. Treime”, „Adormirea Maicii Domnului” şi „Cuvioasa Paraschiva”",sat CIOROGÂRLA; comuna CIOROGÂRLA,Str. Ipătescu Ana 53,"1808, ref. 1940"
612,IF-II-m-B-15275,Biserica „Adormirea Maicii Domnului” şi „Sf. Dumitru”,sat COPĂCENI; comuna COPĂCENI,Str. Gârlei 1,"1827, 1939"
613,IF-II-m-B-15276,"Biserica „Buna Vestire""",sat CORBEANCA; comuna CORBEANCA,Str. Independenței 16,1819
614,IF-II-m-B-15278,"Biserica „Sf. Împăraţi Constantin şi Elena”, „Sf. Nicolae”",sat CREŢULEASCA; comuna ŞTEFĂNEŞTII DE JOS,Str. Dudului 12,1669 - 1818
615,IF-II-m-B-15279,Biserica „Adormirea Maicii Domnului” (din fostul sat Vărăşti),sat DASCĂLU; comuna DASCĂLU,Str. Victoriei 102,1817
616,IF-II-m-B-15280,Biserica „Adormirea Maicii Domnului”,sat DÂRVARI; comuna CIOROGÂRLA,Str. 1 Mai 35,a doua jum. sec. XVIII
617,IF-II-m-B-21070,Bateria intermediară 6-7 Afumați,sat DOBROEȘTI; comuna DOBROEȘTI,Șoseaua de Centură,1886 - 1893
618,IF-II-a-B-15281,Ansamblul curţii boiereşti Ciorogârleanu- Ipsilanti,sat DOMNEŞTI; comuna DOMNEŞTI DOMNEŞTI,Pe drumul spre Ţegheş f.n.,sec. XVII - XIX
620,IF-II-m-B-15281.02,Biserica „Cuvioasa Paraschiva”,sat DOMNEŞTI; comuna DOMNEŞTI,Șos. Curtea Domnească 13,sec. XVII - XIX
621,IF-II-m-B-15282,Biserica „Izvorul Tămăduirii”,sat DOMNEŞTI; comuna DOMNEŞTI,Str. Cuza Alexandru Ioan 16,1817
622,IF-II-m-B-15283,Biserica „Adormirea Maicii Domnului”,sat DRAGOMIREŞTI DEAL; comuna DRAGOMIREŞTI VALE,Str. Păcii 24,1760
623,IF-II-m-B-15284,Biserica „Sf. Gheorghe”,sat DUDU; comuna CHIAJNA,Str. Bisericii 8,"1841, 1899"
624,IF-II-m-A-15285,Biserica „Sf. Eftimie” - Fundenii Doamnei,sat FUNDENI; comuna DOBROEŞTI,Şos. Fundeni 138,1699
625,IF-II-m-B-15286,Biserica de lemn „Sf. Dumitru”,sat GAGU; comuna DASCĂLU,Str. Putna 14,1800 - 1801
626,IF-II-m-B-15287,Biserica „Sf. Nicolae”,sat GHERMĂNEŞTI; comuna SNAGOV,Str. Călugăreni 45,1790
627,IF-II-m-B-21007,Conacul Hagi Theodoraky,sat GRĂDIȘTEA; comuna GRĂDIȘTEA,Str. Intrarea Bisericii Măxineni 10,1896
628,IF-II-m-B-15288,"Biserica „Adormirea Maicii Domnului""- Măxineni",sat GRĂDIŞTEA; comuna GRĂDIŞTEA,Str. Intrarea Bisericii Măxineni 15,"1547 - 1657, modif. 1859"
629,IF-II-m-B-15289,"Stăreţia fostei mănăstiri Gruiu, azi grădiniţă",sat GRUIU; comuna GRUIU,Şos. Lunca Gârliţei 18,sf. sec. XIX
630,IF-II-m-A-21037,Fortul 13 Jilava Constantin şi Elena”,sat JILAVA; comuna JILAVA JILAVA,În incinta Penitenciarului Jilava,1886 - 1893
632,IF-II-m-B-15291,Biserica „Adormirea Maicii Domnului”- Mierlari,sat JILAVA; comuna JILAVA,Str. Mierlari 87,"1843, 1986"
633,IF-II-m-B-15292,"Biserica ""Sf. Voievozi""",sat LIPIA; comuna GRUIU,Str. Lujerului 10,1827
634,IF-II-a-A-15293,Mănăstirea Căldăruşani,sat LIPIA; comuna GRUIU,Şos. Mănăstirea Căldăruşani 119,1637 - 1638
635,IF-II-m-A-15293.01,Biserica „Sf. Dimitrie”,sat LIPIA; comuna GRUIU,Şos. Mănăstirea Căldăruşani 119,"1638, 1787, 1820, 1911 - 1915, 1938 - 1939"
636,IF-II-m-A-15293.02,"Biserica „Sf. Ioan Evanghelistul"", în cimitir",sat LIPIA; comuna GRUIU,Şos. Mănăstirea Căldăruşani 119,1817
637,IF-II-m-A-15293.03,Pinacotecă,sat LIPIA; comuna GRUIU,Şos. Mănăstirea Căldăruşani 119,sec. XIX
638,IF-II-m-A-15293.04,"Biserica ""Sf. Varvara"" şi ""Duminica Tuturor Sfinţilor""-Cocioc",sat LIPIA; comuna GRUIU,Şos. Mănăstirea Căldăruşani 119,1825
639, IF-II-a-B-15294, Ansamblul fostului conac Oteteleşanu, localitate componentă MĂGURELE; oraş MĂGURELE, În incinta Institutului de Fizică Atomică și Str. Milcov 2, a doua jum. sec. XIX - sf. sec. XIX
640,IF-II-m-B-15294.01,"Fostul conac Oteteleşanu, azi IFA - Blocul M",localitate componentă MĂGURELE; oraş MĂGURELE,"În incinta Institutului de Fizică Atomică, str. Atomiștilor 409",a doua jum. sec. XIX
641,IF-II-m-B-15294.02,Biserica „Sf. Împăraţi Constantin şi Elena”,localitate componentă MĂGURELE; oraş MĂGURELE PETRĂCHIOAIA,Str. Milcov 2,1851-1953 1925
643,IF-II-a-B-15296,Ansamblul fostului conac Lecca-Micşuneşti,sat MICŞUNEŞTII MARI; comuna NUCI,Şos. Orhideelor 115,mijl. sec. XVIII
644,IF-II-m-B-15296.01,Conac,sat MICŞUNEŞTII MARI; comuna NUCI,Şos. Orhideelor 115,mijl. sec. XVIII
645,IF-II-m-B-15296.02,Turn poartă conac,sat MICŞUNEŞTII MARI; comuna NUCI,Şos. Orhideelor 115,sec. XVII
646,IF-II-m-B-15296.03,Biserica „Născătoarea de Dumnezeu”,sat MICŞUNEŞTII MARI; comuna NUCI,Şos. Orhideelor 117,1748
647,IF-II-m-B-15297,Biserica „Sf. Nicolae”,sat MOARA DOMNEASCĂ; comuna GĂNEASA,Str. Paulina de Kotzebue 35,"1817, modif. 1909"
648,IF-II-a-A-15298,Ansamblul Palatului Brâncovenesc,sat MOGOŞOAIA; comuna MOGOŞOAIA,Str. Valea Parcului 1,sf. sec. XVII - XX
649,IF-II-m-A-15298.01,Palat,sat MOGOŞOAIA; comuna MOGOŞOAIA,Str. Valea Parcului 1,1702
650,IF-II-m-A-15298.02,"Biserica ""Sf. Gheorghe""",sat MOGOŞOAIA; comuna MOGOŞOAIA,Str. Valea Parcului 1,1688
651,IF-II-m-A-15298.03,Turn poartă,sat MOGOŞOAIA; comuna MOGOŞOAIA,Str. Valea Parcului 1,înc. sec. XVIII
652,IF-II-m-A-15298.04,Cuhnie,sat MOGOŞOAIA; comuna MOGOŞOAIA,Str. Valea Parcului 1,înc. sec. XVIII
653,IF-II-a-A-15298.05,Vila d'Elchingen,sat MOGOŞOAIA; comuna MOGOŞOAIA,Str. Valea Parcului 1,sf. sec. XIX - înc. sec. XX
654,IF-II-m-A-15298.06,Sere,sat MOGOŞOAIA; comuna MOGOŞOAIA comuna MOGOŞOAIA,Str. Valea Parcului 1,sec. XVII - XX
656,IF-II-m-A-15298.08,"Parcul, lacul, grădină istorică, livadă (36,4 ha)",sat MOGOŞOAIA; comuna MOGOŞOAIA,Str. Valea Parcului 1,"sec. XVII, ref. în sec. XX"
657,IF-II-m-A-15298.09,Gheţărie,sat MOGOŞOAIA; comuna MOGOŞOAIA,Str. Valea Parcului 1,înc. sec. XVIII
658,IF-II-m-B-15299,Biserica „Sf. Alexandru şi Nicolae” - Netezeşti,sat NUCI; comuna NUCI,Şos. Calea Bucureşti 213,1912
659,IF-II-a-B-15300,Mănăstirea Cernica,oraş PANTELIMON,Str. Cernica 16,1781-1786
660,IF-II-m-B-15300.01,"Biserica mare „Sf. Gheorghe”, „Sfânta Schimbare la Faţă”",oraş PANTELIMON,Str. Cernica 16,"1831 - 1832, ref. în anul 1842"
661,IF-II-m-B-15300.02,Paraclisul „Adormirea Maicii Domnului”,oraş PANTELIMON,Str. Cernica 16,"1790, ref. în anul 1802"
662,IF-II-m-B-15300.03,Trapeză,oraş PANTELIMON,Str. Cernica 16,1842
663,IF-II-m-B-15300.04,Stăreţie,oraş PANTELIMON,Str. Cernica 16,1842
664,IF-II-m-B-15300.05,Chilii,oraş PANTELIMON,Str. Cernica 16,1842
665,IF-II-m-B-15300.06,Paraclisul „Intrarea în Biserică a Maicii Domnului”,oraş PANTELIMON,Str. Cernica 16,1783
666,IF-II-m-B-15300.07,"Biserica „Sf. Lazăr”, în cimitir Ostrov, cu parcul",oraş PANTELIMON,Str. Cernica 16,"1804, sec. XVII, rest. în anul 1863 între anii 1865-1867"
668,IF-II-m-B-15300.09,Muzeu-Lapidarium,oraş PANTELIMON,Str. Cernica 16,sf. sec. XIX
669,IF-II-a-B-15301,Mănăstirea Pasărea,sat PASĂREA; comuna BRĂNEŞTI,"La 2 km spre Nord de Brăneşti, din DN",2 1813
670,IF-II-m-B-15301.01,Biserica „Sf. Treime”,sat PASĂREA; comuna BRĂNEŞTI,"La 2 km spre Nord de Brăneşti, din DN","2 1813, ref. 1846 - 1847"
671,IF-II-m-B-15301.02,Biserica „Adormirea Maicii Domnului”,sat PASĂREA; comuna BRĂNEŞTI,"La 2 km spre Nord de Brăneşti, din DN",2 1834 - 1838
672,IF-II-m-B-15301.03,Case monahale,sat PASĂREA; comuna BRĂNEŞTI,"La 2 km spre Nord de Brăneşti, din DN",2 sf. sec. XIX - înc. sec. XX
673,IF-II-m-B-15301.04,"Fosta Trapeză, azi Muzeu",sat PASĂREA; comuna BRĂNEŞTI,"La 2 km spre Nord de Brăneşti, din DN",2 1846
674,IF-II-m-B-15301.05,Clopotniţă,sat PASĂREA; comuna BRĂNEŞTI,"La 2 km spre Nord de Brăneşti, din DN",2 1846
675,IF-II-m-B-15277,"Biserica ""Sf. Ilie""",sat PASĂREA; comuna BRĂNEŞTI,Str. Nicolae Balcescu 14B,a doua jum. sec. XIX
676,IF-II-m-B-15302,Biserica „Adormirea Maicii Domnului” (Parohia Stoienoaia),sat PETRĂCHIOAIA; comuna PETRĂCHIOAIA,Str. Măineasca 208,1815
677,IF-II-a-B-15303,Biserica „Sf. Mihail şi Gavriil”,sat PETREŞTI; comuna CORBEANCA,Str. Institutului 57,1820
678,IF-II-m-B-15304,"Biserica ""Sf. Ilie” - Pipera- Tătăranu",cartier PIPERA; oraş VOLUNTARI,Str. Drumul Bisericii f.n.,sec. XVIII
679,IF-II-m-B-15305,Biserica „Adormirea Maicii Domnului” Manu,sat PITEASCA; comuna GĂNEASA,Str. Revoluţiei 71,a doua jum. sec. XIX
681,IF-II-m-B-15307.01,Pivniţele boltite ale conacului,oraş POPEŞTI-LEORDENI,Str. Breaza 36,sec. XVII
682,IF-II-m-B-15307.02,Biserica „Sf. Arhangheli Mihail şi Gavril”,oraş POPEŞTI-LEORDENI,Str. Breaza 36,"1808, trans. în 1977"
683,IF-II-m-B-15308,Biserica „Sf. Alexandru” - Vintilă Vodă,sat POPEŞTI-ROMÂNI; oraş POPEŞTI LEORDENI,Str. Unirii 26,1889
684,IF-II-m-B-15309,"Biserica „Sf. Troiţă"", „Sf. Dumitru” şi „Sf. Elisabeta”",sat SĂFTICA; comuna BALOTEŞTI,Str. Biserica Sf. Troiţă 1,"1801, rep. 1840"
685,IF-II-m-A-15310,"Biserica ""Naşterea Maicii Domnului"" a fostului schit Turbaţi (Turbatele)",sat SILIŞTEA SNAGOVULUI; comuna GRUIU,Str. Intrarea Mănăstirea Turbaţi 3,"sec. XVI, rec. sec. XVII, ref. 1813"
686,IF-II-a-B-15311,Biserica „Adormirea Maicii Domnului”,sat SITARU; comuna GRĂDIŞTEA,Str. Crizantemelor 15 (fost sat Grecii Mijloc),de sec. XVIII
687,IF-II-a-A-15312,Ansamblul fostei mănăstiri Snagov,sat SNAGOV; comuna SNAGOV,Pe insulă,sf. sec. XIV - XVIII - XIX
688,IF-II-m-A-15312.01,"Biserica ""Intrarea Maicii Domnului în Biserică""",sat SNAGOV; comuna SNAGOV,Pe insulă,"1517, rep. 1563, 1815"
689, IF-II-m-A-15312.02, Turn clopotniţă, sat SNAGOV; comuna SNAGOV, Pe insulă, sec. XVI - XVIII
690,IF-II-m-B-15313,Biserica „Adormirea Maicii Domnului” şi „Sf. Dumitru” - a fostei mănăstirii Surlari,sat SURLARI; comuna PETRĂCHIOAIA comuna ŞTEFĂNEŞTII DE,Str. Crişului 194,sec. XVIII
692,IF-II-m-B-15315,Han,sat TÂNCĂBEŞTI; comuna SNAGOV,"Şos. Bucureşti - Ploieşti DN 1, km 32, 304",nr. sec. XIX
693,IF-II-m-B-15317,Biserica „Adormirea Maicii Domnului”,sat TÂNGANU; comuna CERNICA,Şos. Burebista 71,1853
694,IF-II-m-B-21071,Bateria intermediară 4-5 Tunari,comuna TUNARI,Șos. de Centură 3,1886 - 1893
695,IF-II-m-B-21072,Fortul 4 Tunari,comuna TUNARI,Șos. de Centură 44,
696,IF-II-a-B-15318,Biserica „Sf. Nicolae” - Tunari a fostei curţi boiereşti a Postelnicului Constantin Cantacuzino,sat TUNARI; comuna TUNARI,Str. Intrarea Bisericii 2,"1742, 1890"
697,IF-II-m-B-15319,"Biserica ""Sf. Împăraţi Constantin şi Elena""",sat VÂNĂTORI; comuna PETRĂCHIOAIA,Şos. Gagu 159,sec. XVIII
698,IF-II-m-B-15259,Biserica „Sf. Treime” - Gherman,localitate componentă VÂRTEJU; oraş MĂGURELE,Str. Alunişu 26,1797
699,IF-II-m-B-15320,Biserica „Sf. Ioachim şi Ana”,localitate componentă VÂRTEJU; oraş MĂGURELE,Str. Sârbilor 2,1818 - 1900
700,IF-III-m-B-15321,Crucea comemorativă a Eroilor căzuţi în primul război mondial căzuţi în primul război,oraş BUFTEA AFUMAŢI,La intersecţia str. Ştirbei Vodă cu str. Mihai Eminescu,1928
702,IF-III-m-B-15323,Monument folosind elemente din crucea comemorativă a Eroilor căzuţi în primul război mondial,oraş BRAGADIRU,"Şos. Alexandriei 249, în faţa Primăriei",
703,IF-III-m-B-15324,Crucea comemorativă a Eroilor căzuţi în primul război mondial,sat CERNICA; comuna CERNICA,Str. Decebal 169,"1920, 1945"
704,IF-III-m-B-15325,Obelisc în memoria Eroilor căzuţi în primul război mondial,oraș CHITILA,"În dreptul str. Banatului 68, la intersecţia cu Şos. Mogoşoaia",
705,IF-III-m-B-15326,Monumentul Eroilor căzuţi în primul război mondial,sat CLINCENI; comuna CLINCENI,"Str. Principală f.n., în faţa bisericii",sec. XX
706,IF-III-m-B-15327,Monumentul Eroilor căzuţi în primul război mondial,sat DASCĂLU; comuna DASCĂLU,Str. Victoriei 99,1916
707,IF-III-m-B-15328,Cruce comemorativă a Eroilor căzuţi în primul război mondial,sat DÂRVARI; comuna CIOROGÂRLA,În dreptul str. 1 Mai,
708,IF-III-m-B-15329,Crucea Pescarilor,sat FUNDENI; comuna DOBROEŞTI,Şos. Fundeni 138,1858
709,IF-III-m-B-15330,Monumentul Eroilor căzuţi în primul război mondial,sat FUNDENI; comuna DOBROEŞTI JILAVA,Şos. Fundeni 138 „Adormirea Maicii Domnului”-Mierlari,
711,IF-III-m-B-15332,Monumentul Eroilor căzuţi în primul război mondial,sat MOARA VLĂSIEI; comuna MOARA VLĂSIEI,"În dreptul str. Eroilor f.n., D.J.101 Baloteşti-Moara Vlăsiei-Grădiştea",1925
712,IF-III-m-B-15333,Monumentul Eroilor căzuţi în primul război mondial,sat MOGOŞOAIA; comuna MOGOŞOAIA,"Şos. Bucureşti - Târgovişte, în faţa Ştrandului Mogoşoaia",
713,IF-III-m-B-15334,Monumentul Eroilor căzuţi în primul război mondial,oraş OTOPENI,În dreptul str. 23 August 10,
714,IF-III-m-B-15335,Monumentul Eroilor căzuţi în primul război mondial,sat PERIŞ; comuna PERIŞ,"Str. Principală, în faţa gării",1920 - 1945
715, IF-III-m-B-15336, Monumentul Eroilor căzuţi în primul război mondial, sat TÂNCĂBEŞTI; comuna SNAGOV," Şos. Bucureşti - Ploieşti, DN 1, km 32, nr. 304",
716,IF-III-m-B-15337,Monumentul Eroilor căzuţi în primul război mondial,sat TUNARI; comuna TUNARI,"În dreptul str. Mihai Eminescu, în apropierea primăriei",
717,IF-IV-a-B-15274.02,Ansamblul cimitirului mănăstirii Ciorogârla - Samurcăşeşti,sat CIOROGÂRLA; comuna CIOROGÂRLA,Str. Ipătescu Ana 53,1808
718,IF-IV-m-B-15274.03,Mormântul ziaristului Alexandru Beldiman,sat CIOROGÂRLA; comuna CIOROGÂRLA,Str. Ipătescu Ana 53,
719,IF-IV-m-B-15274.04,Cenotaf - Căpitanul Valter Mărăcineanu Sarandi,sat CIOROGÂRLA; comuna CIOROGÂRLA comuna CIOROGÂRLA,Str. Ipătescu Ana 53,
721,IF-IV-a-B-15300.10,Ansamblul cimitirului mănăstirii Cernica,oraş PANTELIMON,În cimitirul Mănăstirii Cernica (Ostrov),1877
722,IF-IV-m-B-15300.11,Cavoul Mitropolitului Nifon,oraş PANTELIMON,În cimitirul Mănăstirii (Ostrov),
723,IF-IV-m-B-15300.12,Monumentul funerar al eroului Iorgu Cosma,oraş PANTELIMON,În cimitirul Mănăstirii Cernica (Ostrov),1877
724,IF-IV-m-B-15300.13,Mormântul lui Gala Galaction,oraş PANTELIMON,În cimitirul Mănăstirii Cernica (Ostrov),
725,IF-IV-m-B-15300.14,Mormântul pictorului Ion Ţuculescu,oraş PANTELIMON,În cimitirul Mănăstirii Cernica (Ostrov),
726,IF-IV-m-B-15300.15,Monumentul funerar al Mariei Romanoff,oraş PANTELIMON,În cimitirul Mănăstirii Cernica (Ostrov),sec. XX
727,IF-IV-m-B-15300.16,Mormântul lui Ioan Lupaş,oraş PANTELIMON,În cimitirul Mănăstirii Cernica (Ostrov),sec. XX
728,IF-IV-m-B-15300.17,Monumentul funerar al lui Alexandru Nicolescu,oraş PANTELIMON,În cimitirul Mănăstirii Cernica (Ostrov),sec. XX
729,IF-IV-m-B-15300.18,Monumentul funerar al lui Ştefan Urlăţeanu,oraş PANTELIMON,În cimitirul Mănăstirii Cernica (Ostrov),sec. XX
730,IF-IV-m-B-15300.19,Bustul lui Theodor Văcărescu,oraş PANTELIMON,În cimitirul Mănăstirii Cernica (Ostrov),sec. XX
