Nr. crt.,Cod LMI,Denumire,Localitate,Adresă,Datare
1,MS-I-s-B-15338,"Situl arheologic de la Târgu Mureş, punct ""Dâmbul Pietros""",municipiul TÂRGU MUREŞ,"""Dâmbul Pietros""",Hallstatt
2,MS-I-m-B-15338.01,Aşezare,municipiul TÂRGU MUREŞ,"""Dâmbul Pietros"", cartier 1848",Hallstatt
3,MS-I-m-B-15338.02,Necropolă,municipiul TÂRGU MUREŞ,"""Dâmbul Pietros"", cartier 1848",Hallstatt
4,MS-I-s-B-15339,"Situl arheologic de la Târgu Mureş, punct ""Cotitura Dâmbului”",municipiul TÂRGU MUREŞ,"""Cotitura Dâmbului”",
5,MS-I-m-B-15339.01,Aşezare,municipiul TÂRGU MUREŞ,"""Cotitura Dâmbului”, pe terasa de deasupra drumului ce duce la Budiul Mic","Latène, Cultura geto - dacică"
6,MS-I-m-B-15339.02,Aşezare,municipiul TÂRGU MUREŞ,"""Cotitura Dâmbului”, pe terasa de deasupra drumului ce duce la Budiul Mic",Epoca bronzului
7,MS-I-s-B-15340,Necropolă,sat BAND; comuna BAND,"""Cetatea Surpăturii"", 2,5 km SV de Band",Latène
8,MS-I-s-B-15341,Aşezarea de la Batoș,sat BATOȘ; comuna BATOȘ,"""Grajduri”","sec. III - IV p. Chr., Cultura Sântana de Mureş - Cerneahov"
9,MS-I-s-B-15342,"Situl arheologic de la Batoş, punct ""Gledinel""",sat BATOŞ; comuna BATOŞ,"""Gledinel”",
10,MS-I-m-B-15342.01,Aşezare,sat BATOŞ; comuna BATOŞ,"""Gledinel”, pe terasa inferioară a pârâului Lutu",sec. VIII - X
11,MS-I-m-B-15342.02,Aşezare,sat BATOŞ; comuna BATOŞ,"""Gledinel”, pe terasa inferioară a pârâului Lutu",Epoca daco-romană
12,MS-I-m-B-15342.03,Aşezare,sat BATOŞ; comuna BATOŞ,"""Gledinel”, pe terasa inferioară a pârâului Lutu","Latène, Cultura geto - dacică"
13,MS-I-m-B-15342.04,Aşezare,sat BATOŞ; comuna BATOŞ,"""Gledinel”, pe terasa inferioară a pârâului Lutu",Hallstatt
14,MS-I-m-B-15342.05,Aşezare,sat BATOŞ; comuna BATOŞ,"""Gledinel”, pe terasa inferioară a pârâului Lutu","Epoca bronzului, Cultura Wietenberg"
15,MS-I-m-B-15342.06,Aşezare,sat BATOŞ; comuna BATOŞ,"""Gledinel”, pe terasa inferioară a pârâului Lutu","Perioada de tranziţie la epoca bronzului, Cultura Coţofeni"
16,MS-I-m-B-15342.07,Aşezare,sat BATOŞ; comuna BATOŞ,"""Gledinel”, pe terasa inferioară a pârâului Lutu","Neolitic, Cultura Petreşti"
17,MS-I-m-B-15342.08,Aşezare,sat BATOŞ; comuna BATOŞ,"""Gledinel”, pe terasa inferioară a pârâului Lutu","Neolitic timpuriu, Cultura Starčevo - Criş"
18,MS-I-s-A-15343,Situl arheologic de la Batoş,sat BATOŞ; comuna BATOŞ,"""La Cetate”",
19,MS-I-m-A-15343.01,Aşezare fortificată,sat BATOŞ; comuna BATOŞ,"""La Cetate”, în direcţia drumului ce duce spre Bistriţa, la 4 km de comună",sec. XIII
20,MS-I-m-A-15343.02,Aşezare fortificată,sat BATOŞ; comuna BATOŞ,"""La Cetate”, în direcţia drumului ce duce spre Bistriţa, la 4 km de comună",Eneolitic
21,MS-I-s-B-15344,Necropola birituală de la Băiţa,sat BĂIŢA; comuna LUNCA,"""La Jie”, la 350 m E-NE de sat",Hallstatt
22,MS-I-s-B-15345,Situl arheologic de la Bernadea,sat BERNADEA; comuna BAHNEA,"""Dâmbău”",
23,MS-I-m-B-15345.01,Aşezare fortificată,sat BERNADEA; comuna BAHNEA,"""Dâmbău”, promontoriu dominant, la marginea satului","Latène, Cultura geto - dacică"
24,MS-I-m-B-15345.02,Aşezare,sat BERNADEA; comuna BAHNEA,"""Dâmbău”, promontoriu dominant, la marginea satului","Epoca bronzului, Cultura Wietenberg"
25,MS-I-m-B-15345.03,Aşezare,sat BERNADEA; comuna BAHNEA,"""Dâmbău”, promontoriu dominant, la marginea satului","Neolitic, Cultura Petreşti"
26,MS-I-m-B-15345.04,Aşezare,sat BERNADEA; comuna BAHNEA,"""Dâmbău”, promontoriu dominant, la marginea satului","Neolitic timpuriu, Cultura Starčevo - Criş"
27,MS-I-s-B-15346,Aşezare,sat BEZID; comuna SÂNGEORGIU DE PĂDURE,"""Fîneaţa Mare”(Nagyzenafü)",sec. VI - VII
28,MS-I-m-B-15346.01,Aşezare,sat BEZID; comuna SÂNGEORGIU DE PĂDURE,"""Fîneaţa Mare”(Nagyzenafü), bot de deal pe malul stâng al pârâului Loţ",sec. VI - VII
29, MS-I-m-B-15346.02, Aşezare, sat BEZID; comuna SÂNGEORGIU DE PĂDURE," ""Fîneaţa Mare”(Nagyzenafü), bot de deal pe malul stâng al pârâului Loţ"," Latène, Cultura geto - dacică"
30,MS-I-s-B-15347,Aşezare,sat BEZID; comuna SÂNGEORGIU DE PĂDURE,"""Loţ”, pe malul drept al pârâului Loţ","Latène, Cultura geto - dacică"
31,MS-I-s-B-15348,Aşezare,sat BEZID; comuna SÂNGEORGIU DE PĂDURE,terenul lui Raduly Ferenc,"Epoca migraţiilor, Cultura Sântana de Mureş - Cerneahov"
32,MS-I-s-B-15349,Situl arheologic de la Bogata,sat BOGATA; comuna BOGATA,"""Dâlma bisericii”",
33,MS-I-m-B-15349.01,Aşezare,sat BOGATA; comuna BOGATA,"""Dâlma bisericii”, în vatra satului",Epoca medievală
34,MS-I-m-B-15349.02,Aşezare,sat BOGATA; comuna BOGATA,"""Dâlma bisericii”, în vatra satului",Epoca daco-romană
35,MS-I-m-B-15349.03,Aşezare,sat BOGATA; comuna BOGATA,"""Dâlma bisericii”, în vatra satului",Epoca romană
36,MS-I-m-B-15349.04,Aşezare,sat BOGATA; comuna BOGATA,"""Dâlma bisericii”, în vatra satului","Latène, Cultura geto - dacică"
37,MS-I-m-B-15349.05,Aşezare,sat BOGATA; comuna BOGATA,"""Dâlma bisericii”, în vatra satului",Hallstatt
38,MS-I-s-B-15350,Aşezare,sat BOGATA; comuna BOGATA,"""Sub vii”, pe malul drept al Mureşului","Latène, Cultura geto - dacică"
39,MS-I-s-B-15351,Aşezarea romană şi castrul de la Brâncoveneşti,sat BRÂNCOVENEŞTI; comuna BRÂNCOVENEŞTI,"""Castel""",Epoca romană
40, MS-I-m-B-15351.01, Aşezare civilă, sat BRÂNCOVENEŞTI; comuna BRÂNCOVENEŞTI," ""Castel"", pe malul drept al Mureşului, în livada castelului şi terenul agricol din vecinătatea sediului CAP", Epoca romană
41,MS-I-m-B-15351.02,Castru,sat BRÂNCOVENEŞTI; comuna BRÂNCOVENEŞTI,"""Castel"", pe malul drept al Mureşului, în livada castelului şi terenul agricol din vecinătatea sediului CAP",Epoca romană
42,MS-I-s-B-15352,Aşezarea Latène de la Breaza,sat BREAZA; comuna BREAZA,"Staţia de asfaltare, în stânga şoselei care duce la Reghin, între Valea Luţului şi spatele morii","Latène, Cultura geto - dacică"
43,MS-I-s-B-15353,Aşezare,sat BUDIU MIC; comuna CRĂCIUNEŞTI,"""Teleac-Telek"", la marginea satului, la V de drumul spre Târgu-Mureş","Latène, Cultura geto - dacică"
44,MS-I-s-A-15354,Castrul roman de la Călugăreni,sat CĂLUGĂRENI; comuna EREMITU,"""Ținutul Cetăţii""",Epoca romană
45,MS-I-m-A-15354.01,Castru,sat CĂLUGĂRENI; comuna EREMITU,"""Ţinutul Cetăţii""-, terenul cetăţii (Vártartomny) sau Cetatea Veche (Ovár) - la SV de sat, la stânga drumului judeţean Călugăreni - Dămieni",Epoca romană
46,MS-I-m-A-15354.02,Vicus militaris,sat CĂLUGĂRENI; comuna EREMITU,"""Ţinutul Cetăţii""-, terenul cetăţii (Vártartomny) sau Cetatea Veche (Ovár) - la SV de sat, la stânga drumului judeţean Călugăreni - Dămieni",Epoca romană
47,MS-I-m-B-15354.03,Terme,sat CĂLUGĂRENI; comuna EREMITU,"""Ținutul Cetăţii""-, terenul cetăţii (Vártartomny) sau Cetatea Veche (Ovár) - la SV de sat, la stânga drumului judeţean Călugăreni - Dămieni",Epoca romană
48,MS-I-s-B-15355,Aşezarea romană de la Căluşeri,sat CĂLUŞERI; comuna ERNEI,"""Fântâna Sf. Petru (Szent Peter)""",Epoca romană
49,MS-I-s-B-15356,Valul roman de la Câmpu Cetăţii,sat CÂMPU CETĂŢII; comuna EREMITU,"la 7,5 km de Vf. Dealul Cetăţii, între Vf. Scroafa (1142 m) şi dealul Caţa de Jos (1205 m)",Epoca romană
50,MS-I-s-B-15357,Aşezarea Latène de la Câmpu Cetăţii,sat CÂMPU CETĂŢII; comuna EREMITU,"""Aruncătoarea”, la marginea intravilanului","Latène, Cultura geto - dacică"
51,MS-I-s-B-15358,Aşezarea Latène de la Câmpu Cetăţii,sat CÂMPU CETĂŢII; comuna EREMITU,"""Cetate” (Vár), mamelon către N, la confluenţa Nirajului Mare cu Nirajul Mic","Latène, Cultura geto - dacică"
52,MS-I-s-B-15359,Aşezarea Latène de la Ceuaşu de Câmpie,sat CEUAŞU DE CÂMPIE; comuna CEUAŞU DE CÂMPIE,"""Dealul Mare”, la marginea satului","Latène, Cultura geto - dacică"
53,MS-I-s-B-15360,Situl arheologic de la Cheţani,sat CHEŢANI; comuna CHEŢANI,În vatra satului,
54,MS-I-m-B-15360.01,Aşezare,sat CHEŢANI; comuna CHEŢANI,În vatra satului,Epoca migraţiilor
55, MS-I-m-B-15360.02, Aşezare rurală, sat CHEŢANI; comuna CHEŢANI, În vatra satului, Epoca romană
56,MS-I-m-B-15360.03,Aşezare,sat CHEŢANI; comuna CHEŢANI,În vatra satului,"Epoca bronzului, Cultura Wietenberg"
57,MS-I-m-B-15360.04,Aşezare,sat CHEŢANI; comuna CHEŢANI,În vatra satului,Eneolitic
58,MS-I-s-B-15361,Fortificaţia de pământ de Chibed,la sat CHIBED; comuna CHIBED,"""Csombod"", la NV de sat",Epoca neprecizată
59,MS-I-s-B-15362,Fortificaţie de pământ,sat CHINARI; comuna SÂNTANA DE MUREŞ,La 2 km NV de sat,sec. IX - XIII
60,MS-I-s-B-15363,Necropolă tumulară,sat CIPĂU; comuna IERNUT,"""Gară""",Hallstatt
61,MS-I-s-A-15364,"Situl arheologic de la Cipău, punct ""Icia""",sat CIPĂU; comuna IERNUT,"""Icia”",
62,MS-I-m-A-15364.01,Necropolă de inhumaţie,sat CIPĂU; comuna IERNUT,"""Icia”, 250 m NV de ""Gârlă"", lângă cantonul CFR de la intersecţia căii ferate cu şoseaua",Hallstatt târziu
63,MS-I-m-B-15364.02,Aşezare,sat CIPĂU; comuna IERNUT,"""Icia”, 250 m NV de ""Gârlă"", lângă cantonul CFR de la intersecţia căii ferate cu şoseaua",Hallstatt
64,MS-I-m-B-15364.03,Aşezare,sat CIPĂU; comuna IERNUT,"""Icia”, 250 m NV de ""Gârlă"", lângă cantonul CFR de la intersecţia căii ferate cu şoseaua","Neolitic timpuriu, Cultura Starčevo - Criş"
65,MS-I-m-A-15364.04,Aşezare,sat CIPĂU; comuna IERNUT,"""Icia”, 250 m NV de ""Gârlă"", lângă cantonul CFR de la intersecţia căii ferate cu şoseaua","Perioada de tranziţie la epoca bronzului, Cultura Coţofeni"
66, MS-I-s-A-15365," Situl arheologic de la Cipău, punct ""Gârle""", sat CIPĂU; comuna IERNUT," ""Gârle”", Epoca postromană
67,MS-I-m-A-15365.01,Aşezare,sat CIPĂU; comuna IERNUT,"""Gârle”, Pescărie",sec. VI
68,MS-I-m-A-15365.02,Necropolă,sat CIPĂU; comuna IERNUT,"""Gârle”, Pescărie",sec. VI
69,MS-I-s-B-15366,Aşezarea de la Corneşti,sat CORNEŞTI; comuna CRĂCIUNEŞTI,"""Dâlma lui Bene”, deasupra bisericii reformate","sec. III - IV p. Chr., Cultura Sântana de Mureş - Cerneahov"
70,MS-I-s-B-15367,Aşezarea Latène de la Corunca,sat CORUNCA; comuna CORUNCA,"Lângă sat, pe dealul sondei de exploatare gaz metan","Latène, Cultura geto - dacică"
71,MS-I-s-B-15368,Situl arheologic de la Cristeşti,sat CRISTEŞTI; comuna CRISTEŞTI,"Hosuba, Azomureş",Epoca romană
72,MS-I-m-B-15368.01,Aşezare rurală,sat CRISTEŞTI; comuna CRISTEŞTI,"Hosuba, Azomureş, la marginea de E a satului Cristeşti, pe malul stâng al Mureşului, între râu şi calea ferată Tg. Mureş - Cristeşti şi pe partea dreaptă a Mureşului.",Epoca romană
73,MS-I-m-B-15368.02,Castru,sat CRISTEŞTI; comuna CRISTEŞTI,"Hosuba, Azomureş, la marginea de E a satului Cristeşti, pe malul stâng al Mureşului, între râu şi calea ferată Tg. Mureş - Cristeşti şi pe partea dreaptă a Mureşului.",Epoca romană
74,MS-I-s-B-15369,Necropola scitică de la Cristeşti,sat CRISTEŞTI; comuna CRISTEŞTI,"""Cariera de nisip”, pe partea stângă a drumului judeţean Tg. Mureş - Cristeşti",Latène
75,MS-I-s-B-15370,Aşezarea Latène de la Cucerdea,sat CUCERDEA; comuna CUCERDEA,La 1 km de marginea de sud a satului şi la 250 m de şosea,"Latène, Cultura geto - dacică"
76,MS-I-s-B-15371,"Situl arheologic de la Cuci, punct ""Dealul Orosiei""",sat CUCI; comuna CUCI,"""Dealul Orosiei""",
77,MS-I-m-B-15371.01,Aşezare,sat CUCI; comuna CUCI,"""Dealul Orosiei"", hotarul Orosiei, între satele Cuci şi Orosia",Epoca migraţiilor
78,MS-I-m-B-15371.02,Aşezare,sat CUCI; comuna CUCI,"""Dealul Orosiei"", hotarul Orosiei, între satele Cuci şi Orosia",Epoca bronzului
79,MS-I-m-B-15371.03,Aşezare,sat CUCI; comuna CUCI,"""Dealul Orosiei"", hotarul Orosiei, între satele Cuci şi Orosia",Neolitic
80,MS-I-s-B-15372,"Situl arheologic de la Cuci, punct ""Szörösdomb """,sat CUCI; comuna CUCI,"""Szörösdomb”",Epoca bronzului timpuriu
81,MS-I-m-B-15372.01,Aşezare,sat CUCI; comuna CUCI,"""Szörösdomb”, la marginea intravilanului",Epoca bronzului timpuriu
82,MS-I-m-B-15372.02,Necropolă,sat CUCI; comuna CUCI,"""Szörösdomb”, la marginea intravilanului",Epoca bronzului timpuriu
83,MS-I-s-B-15373,"Aşezarea Latène de la Cuci, punct ""Berc""",sat CUCI; comuna CUCI,"""Berc”, între Cuci şi Dătăşeni, pe malul drept al Mureşului","Latène, Cultura geto - dacică"
84,MS-I-s-B-15374,Aşezarea neolitică de la Dumbrăveni,sat DUMBRĂVIOARA; comuna ERNEI,Între Dumbrăvioara şi Gorneşti,Neolitic
85,MS-I-s-A-15375,Fortificaţie medievală timpurie de la Eremitu,sat EREMITU; comuna EREMITU,"""Cetatea Vital” (Vityalvàra), pe culmea Becheci, la 1,2 km V-NV de dealul Tompa, deasupra confluenţei pârâurilor Valea Frunţilor (Várpatok) şi Valea Fâneţelor (Vityal-patak)",sec. XII
86,MS-I-s-B-15376,Burgus de la Eremitu,sat EREMITU; comuna EREMITU,"""Cetatea Mare” şi ""Cetatea Mică”, culmea Tâmpa (Tompa)",Epoca romană
87, MS-I-s-B-15377, Aşezarea de epoca bronzului de la Gălăţeni, sat GĂLĂŢENI; comuna PĂSĂRENI," ""Gyepüszegárka"", pe dealul din marginea satului", Epoca bronzului
88,MS-I-s-B-15378,Necropola de la Gheja,localitate componentă GHEJA; oraș LUDUŞ,La marginea de est a satului,sec. IV p. Chr.
89,MS-I-s-B-15379,Situl arheologic de la Ghindari,sat GHINDARI; comuna GHINDARI,"""Ascuţişul cetăţii” (Mákavár)",
90,MS-I-m-B-15379.01,Aşezare,sat GHINDARI; comuna GHINDARI,"""Ascuţişul cetăţii” (Mákavár), la S de sat, pe malul Târnavei",sec. XV - XVII
91,MS-I-m-B-15379.02,"""Dava"" de la Ghindari",sat GHINDARI; comuna GHINDARI,"""Ascuţişul cetăţii” (Mákavár), la S de sat, pe malul Târnavei","Latène, Cultura geto - dacică"
92,MS-I-s-B-15380,Drum roman,sat GRÂUŞORUL; comuna VĂRGATA,În partea de N a satului,Epoca romană
93,MS-I-s-B-15381,Situl arheologic de la Gurghiu,sat GURGHIU; comuna GURGHIU,"""Dealul Rakoczi”, ""Dealul Cetăţii”",
94,MS-I-m-B-15381.01,Cetate,sat GURGHIU; comuna GURGHIU,"""Dealul Rakoczi”, ""Dealul Cetăţii”",sec. XIV
95,MS-I-m-B-15381.02,Cetate medievală,sat GURGHIU; comuna GURGHIU,"""Dealul Rakoczi”, ""Dealul Cetăţii”",Epoca medievală
96,MS-I-s-B-15382,Aşezarea romană de la Gurghiu,sat GURGHIU; comuna GURGHIU,În vatra satului,Epoca romană
97,MS-I-s-A-15383,"Situl arheologic de la Iernut, punct ""Fundu Bedeelor""",oraş IERNUT,"""Fundu Bedeelor”",
98,MS-I-m-B-15383.01,Aşezare,oraş IERNUT,"""Fundu Bedeelor”, la SV de localitate, spre Sălcud",sec. XII - XIII
99,MS-I-m-A-15383.02,Necropolă,oraş IERNUT,"""Fundu Bedeelor”, la SV de localitate, spre Sălcud",sec. IV - V
100,MS-I-m-A-15383.03,Necropolă,oraş IERNUT,"""Fundu Bedeelor”, la SV de localitate, spre Sălcud",sec. III - IV p. Chr.
101,MS-I-m-A-15383.04,Aşezare,oraş IERNUT,"""Fundu Bedeelor”, la SV de localitate, spre Sălcud",Hallstatt
102,MS-I-m-A-15383.05,Aşezare,oraş IERNUT,"""Fundu Bedeelor”, la SV de localitate, spre Sălcud",Epoca bronzului
103,MS-I-m-A-15383.06,Aşezare,oraş IERNUT,"""Fundu Bedeelor”, la SV de localitate, spre Sălcud","Neolitic timpuriu, Cultura Starčevo - Criş"
104,MS-I-s-B-15384,"Situl arheologic de la Iernut, punct ""La Hulpişti""",oraş IERNUT,"""La Hulpişti”",
105,MS-I-m-B-15384.01,Aşezare,oraş IERNUT,"""La Hulpişti”, în stânga Mureşului, la 350-400 m de Fundu Bedeelor",Epoca postromană
106,MS-I-m-B-15384.02,Aşezare,oraş IERNUT,"""La Hulpişti”, în stânga Mureşului, la 350-400 m de Fundu Bedeelor",sec. III - IV p. Chr.
107,MS-I-m-B-15384.03,Aşezare,oraş IERNUT,"""La Hulpişti”, în stânga Mureşului, la 350-400 m de Fundu Bedeelor","Latène, Cultura geto - dacică"
108,MS-I-m-B-15384.04,Aşezare,oraş IERNUT,"""La Hulpişti”, în stânga Mureşului, la 350-400 m de Fundu Bedeelor","Epoca bronzului, Cultura Wietenberg"
109,MS-I-s-B-15385,Aşezarea medievală de Iştihaza,la sat IŞTIHAZA; comuna AŢINTIŞ,"""Movila Oaselor” (Csontosdomb)",Epoca medievală timpurie
110,MS-I-m-B-15385.01,Aşezare,sat IŞTIHAZA; comuna AŢINTIŞ,"""Movila Oaselor” (Csontosdomb)","sec. XI, Epoca medievală timpurie"
111,MS-I-m-B-15385.02,Cimitir de inhumaţie,sat IŞTIHAZA; comuna AŢINTIŞ,"""Movila Oaselor” (Csontosdomb)",Epoca medievală timpurie
112,MS-I-s-B-15386,Aşezarea romană de la Ivăneşti,sat IVĂNEŞTI; comuna LIVEZENI,"""Dealul Chibelei"" (Kibeleitetö), în vatra satului",sec. II - III p. Chr.
113,MS-I-s-A-15387,Situl arheologic de la Lechinţa de Mureş,sat aparţinător LECHINŢA DE MUREŞ; oraş IERNUT,"""Podei”",
114, MS-I-m-A-15387.01, Aşezare, sat aparţinător LECHINŢA DE MUREŞ; oraş IERNUT," ""Podei”, pe malul drept al Mureşului, în vecinătatea podului către Band", sec. II - III p. Chr.
115,MS-I-m-B-15387.02,Aşezare,sat aparţinător LECHINŢA DE MUREŞ; oraş IERNUT,"""Podei”, pe malul drept al Mureşului, în vecinătatea podului către Band","Epoca bronzului, Cultura Wietenberg, faza III"
116,MS-I-s-A-15388,"Situl arheologic de la Lechinţa de Mureş, punct ""Sălişte""",sat aparţinător LECHINŢA DE MUREŞ; oraş IERNUT,"""Sălişte”",
117,MS-I-m-A-15388.01,Necropolă,sat aparţinător LECHINŢA DE MUREŞ; oraş IERNUT,"""Sălişte”",sec. XII
118,MS-I-m-A-15388.02,Aşezare,sat aparţinător LECHINŢA DE MUREŞ; oraş IERNUT,"""Sălişte”",sec. IV - VI
119,MS-I-m-A-15388.03,Aşezare,sat aparţinător LECHINŢA DE MUREŞ; oraş IERNUT,"""Sălişte”",Epoca romană
120,MS-I-m-A-15388.04,Aşezare,sat aparţinător LECHINŢA DE MUREŞ; oraş IERNUT,"""Sălişte”","Latène, Cultura geto - dacică"
121,MS-I-m-A-15388.05,Aşezare,sat aparţinător LECHINŢA DE MUREŞ; oraş IERNUT,"""Sălişte”","Epoca bronzului, Cultura Wietenberg"
122,MS-I-m-A-15388.06,Aşezare,sat aparţinător LECHINŢA DE MUREŞ; oraş IERNUT,"""Sălişte”","Perioada de tranziţie la epoca bronzului, Cultura Coţofeni"
123,MS-I-m-A-15388.07,Aşezare,sat aparţinător LECHINŢA DE MUREŞ; oraş IERNUT,"""Sălişte”","Hallstatt, Cultura Basarabi"
124,MS-I-s-A-15389,"Necropola romană de la Lechinţa de Mureş, punct ""Grădina fostului IAS""",sat aparţinător LECHINŢA DE MUREŞ; oraş IERNUT,"""Grădina fostului IAS"", lângă sediul IAS, la NE de sat",sec. III p. Chr.
125,MS-I-s-B-15390,Situl arheologic de la Livezeni,sat LIVEZENI; comuna LIVEZENI,"""Duduma""",
126,MS-I-m-B-15390.01,Drum,sat LIVEZENI; comuna LIVEZENI,"""Duduma""",sec. II - III p. Chr.
127,MS-I-m-B-15390.02,Mormânt scitic,sat LIVEZENI; comuna LIVEZENI,"""Duduma""",sec. V a. Chr
128, MS-I-s-B-15391, Aşezarea daco-romană Loţu, de la sat LOŢU; comuna SÂNGIORGIU DE PĂDURE," ""Terenul lui Raduly Ferenc"", la 4 km SE de Sângeorgiu de Pădure, în valea pârâului Loţ", sec. III - IV p. Chr.
129,MS-I-s-B-15392,Situl arheologic de la Luduş,oraş LUDUŞ,"""Fabrica de zahăr”",
130,MS-I-m-B-15392.01,Aşezare,oraş LUDUŞ,"""Fabrica de zahăr”, pe terenul fabricii de zahăr şi al topitoriei de in",sec. XI
131,MS-I-m-B-15392.02,Necropolă,oraş LUDUŞ,"""Fabrica de zahăr”, pe terenul fabricii de zahăr şi al topitoriei de in",sec. XI
132,MS-I-m-B-15392.03,Aşezare,oraş LUDUŞ,"""Fabrica de zahăr”, pe terenul fabricii de zahăr şi al topitoriei de in",sec. IV - V
133,MS-I-m-B-15392.04,Necropolă,oraş LUDUŞ,"""Fabrica de zahăr”, pe terenul fabricii de zahăr şi al topitoriei de in",sec. IV - V
134,MS-I-s-B-15393,Fortificaţie,sat MĂGHERANI; comuna MĂGHERANI,"""Cetatea lui Cocio” (Kacso-vára), pe „Dealul lui Kati” (Katihegyese)",Epoca medievală
135,MS-I-s-B-15394,Aşezarea de la Măgherani,sat MĂGHERANI; comuna MĂGHERANI,"""Piscul Cetăţii""",
136,MS-I-m-B-15394.01,Aşezare,sat MĂGHERANI; comuna MĂGHERANI,"""Piscul Cetăţii"", panta de SE a dealului Várberc, la 1,8 km V-NV de comună","Latène, Cultura geto - dacică"
137,MS-I-m-B-15394.02,Aşezare,sat MĂGHERANI; comuna MĂGHERANI,"""Piscul Cetăţii"", panta de SE a dealului Várberc, la 1,8 km V-NV de comună",Hallstatt
138,MS-I-s-B-15395,Movila de la Măgherani,sat MĂGHERANI; comuna MĂGHERANI,"""Chiserhed-Orhegy”, ""Dâmbul mătăsii”, ""Dealul umbrar”, ""Dealul fetei”, ""Dâmbul cioplit”, ""Dealul clopotului”, la N de sat",
139,MS-I-s-B-15396,Villa rustica de la Mărculeni,sat MĂRCULENI; comuna MĂGHERANI,"""Ungna Mare"", la NV de sat",sec. II - III p. Chr.
140,MS-I-s-B-15397,"Situl arheologic de la Moreşti, punct ""Citfalău","sat MOREŞTI; "" comuna UNGHENI","""Citfalău""",
141,MS-I-m-B-15397.01,Necropolă,sat MOREŞTI; comuna UNGHENI,"""Citfalău"", în jurul bisericii cătunului dispărut Citfalău","sec. XII, sec. XIV - XVII"
142,MS-I-m-B-15397.02,Aşezare,sat MOREŞTI; comuna UNGHENI,"""Citfalău"", în jurul bisericii cătunului dispărut Citfalău",sec. II - III p. Chr.
143,MS-I-s-A-15398,"Situl arheologic de la Moreşti, punct ""Podei sau Cetăţuia""",sat MOREŞTI; comuna UNGHENI,"""Podei sau Cetăţuia”",
144,MS-I-m-B-15398.01,Aşezare fortificată,sat MOREŞTI; comuna UNGHENI,"""Podei sau Cetăţuia”, platou dominant pe malul drept al Mureşului, la N de sat",sec. XI - XII
145,MS-I-m-A-15398.02,Aşezare fortificată,sat MOREŞTI; comuna UNGHENI,"""Podei sau Cetăţuia”, platou dominant pe malul drept al Mureşului, la N de sat",sec. V - VI
146,MS-I-m-A-15398.03,Aşezare,sat MOREŞTI; comuna UNGHENI,"""Podei sau Cetăţuia”, platou dominant pe malul drept al Mureşului, la N de sat",Epoca migraţiilor
147,MS-I-m-A-15398.04,Aşezare rurală,sat MOREŞTI; comuna UNGHENI,"""Podei sau Cetăţuia”, platou dominant pe malul drept al Mureşului, la N de sat",sec. III p. Chr.
148,MS-I-m-A-15398.05,Necropolă,sat MOREŞTI; comuna UNGHENI,"""Podei sau Cetăţuia”, platou dominant pe malul drept al Mureşului, la N de sat",sec. II - III p. Chr.
149,MS-I-m-A-15398.06,Aşezare,sat MOREŞTI; comuna UNGHENI,"""Podei sau Cetăţuia”, platou dominant pe malul drept al Mureşului, la N de sat",sec. III a. Chr.
150,MS-I-m-A-15398.07,Aşezare,sat MOREŞTI; comuna UNGHENI,"""Podei sau Cetăţuia”, platou dominant pe malul drept al Mureşului, la N de sat","Epoca bronzului târziu, Cultura Noua"
151,MS-I-m-A-15398.08,Aşezare,sat MOREŞTI; comuna UNGHENI,"""Podei sau Cetăţuia”, platou dominant pe malul drept al Mureşului, la N de sat","Epoca bronzului, Cultura Schneckenberg; cultura Wietenberg"
152,MS-I-m-B-15398.09,Aşezare,sat MOREŞTI; comuna UNGHENI,"""Podei sau Cetăţuia”, platou dominant pe malul drept al Mureşului, la N de sat","Neolitic, Cultura Starčevo - Criş"
153,MS-I-m-A-15398.10,Aşezare,sat MOREŞTI; comuna UNGHENI,"""Podei sau Cetăţuia”, platou dominant pe malul drept al Mureşului, la N de sat","Eneolitic, Cultura Coţofeni"
154,MS-I-s-B-15399,Drum roman,sat MURGEŞTI; comuna ACĂŢARI,Între satele Murgeşti şi Riteni,Epoca romană
155,MS-I-s-B-15400,Situl arheologic de la Nazna,sat NAZNA; comuna SÂNCRAIU DE MUREŞ,,
156,MS-I-m-B-15400.01,Fortificaţie,sat NAZNA; comuna SÂNCRAIU DE MUREŞ,"Pe un monticul, la NV de sat",Epoca medievală
157,MS-I-m-B-15400.02,Drum,sat NAZNA; comuna SÂNCRAIU DE MUREŞ,"În malul Mureşului, pe un monticul, la NV de sat",sec. II - III p. Chr.
158, MS-I-s-B-15401, Aşezarea romană de la, Ogra sat OGRA; comuna OGRA," ""Cipău-fermă"", în vatra satului", sec. II - III p. Chr.
159,MS-I-s-B-15402,Aşezarea romană de la Ormeniş,sat ORMENIŞ; comuna VIIŞOARA,În vatra satului,sec. II - III p. Chr.
160,MS-I-s-B-15403,Aşezarea neolitică de la,Ozd sat OZD; comuna BICHIŞ,"""Lotrul Domnişoarei”, la E de sat","Neolitic, Cultura Petreşti"
161,MS-I-s-B-15404,Aşezarea romană de la,Ozd sat OZD; comuna BICHIŞ,"""Vale”, la E de sat",Epoca romană
162,MS-I-s-B-15405,Necropola Latène de la Papiu Ilarian,sat PAPIU ILARIAN; comuna PAPIU ILARIAN,"""La străunie”, în vatra satului","Latène, Cultura geto - dacică"
163,MS-I-s-B-15406,Aşezarea romană de la Papiu Ilarian,sat PAPIU ILARIAN; comuna PAPIU ILARIAN,"""Dealul bisericii"", în vatra satului",Epoca romană
164,MS-I-s-B-15407,Aşezarea de epoca bronzului de la Păsăreni,sat PĂSĂRENI; comuna PĂSĂRENI,"""Gâtul Bozului”, mamelon la NE de sat (toponim - Comori)","Epoca bronzului timpuriu, Cultura Coţofeni"
165,MS-I-s-B-15408,Situl arheologic de la Petrilaca de Mureş,sat PETRILACA DE MUREŞ; comuna GORNEŞTI,"""Ciortos”",
166,MS-I-m-B-15408.01,Aşezare,sat PETRILACA DE MUREŞ; comuna GORNEŞTI,"""Ciortos”, la E de sat",sec. IV p. Chr.
167,MS-I-m-B-15408.02,Necropolă,sat PETRILACA DE MUREŞ; comuna GORNEŞTI,"""Ciortos”, la E de sat",sec. IV p. Chr.
168,MS-I-m-B-15408.03,Aşezare,sat PETRILACA DE MUREŞ; comuna GORNEŞTI,"""Ciortos”, la E de sat",Epoca romană
169,MS-I-m-B-15408.04,Aşezare,sat PETRILACA DE MUREŞ; comuna GORNEŞTI,"""Ciortos”, la E de sat","Epoca bronzului, Cultura Wietenberg"
170,MS-I-s-B-15409,Aşezare de epoca bronzului de la Ranta,sat RANTA; comuna BOGATA,Promontoriu la SV de sat,"Epoca bronzului, Cultura Wietenberg"
171,MS-I-s-B-15410,Aşezarea Latène de la Ranta,sat RANTA; comuna BOGATA,"""Bercul ţărcilor”, la E de intravilan","Latène, Cultura geto - dacică"
172,MS-I-s-B-15411,Situl arheologic de la Reghin,municipiul REGHIN,"""Dealul bisericii (Kirchberg)""",
173,MS-I-m-B-15411.01,Aşezare,municipiul REGHIN,"""Dealul bisericii (Kirchberg)""",sec. IV - V
174,MS-I-m-B-15411.02,Aşezare,municipiul REGHIN,"""Dealul bisericii (Kirchberg)""","Latène, Cultura geto - dacică"
175,MS-I-s-B-15412,Aşezarea romană de la Saschiz,sat SASCHIZ; comuna SASCHIZ,"""Cetatea Uriaşilor”, la 4 km NE de comună",sec. II - III p. Chr.
176,MS-I-s-B-15413,Turn roman de la Săcădat,sat aparţinător SĂCĂDAT; oraş SOVATA,"""Sakadat sorco”",Epoca romană
177,MS-I-s-B-15414,Situl arheologic de la Sălaşuri,sat SĂLAŞURI; comuna VEŢCA,"""Teglas dülo (Cărămidărie)”",
178,MS-I-m-B-15414.01,Aşezare,sat SĂLAŞURI; comuna VEŢCA,"""Teglas dülo (Cărămidărie)”, terasa lângă pârâul lui Szolgo Peter",sec. VII - VIII
179,MS-I-m-B-15414.02,Aşezare,sat SĂLAŞURI; comuna VEŢCA,"""Teglas dülo (Cărămidărie)”, terasa lângă pârâul lui Szolgo Peter","Latène, Cultura geto - dacică"
180,MS-I-s-B-15415,Aşezarea fortificată de la Sălcud,sat aparţinător SĂLCUD; oraş IERNUT,"""Moara lui Lörinczi”",Hallstatt
181,MS-I-s-B-15416,"Situl arheologic de la Sărăţeni, punct ""Castru""",sat SĂRĂŢENI; comuna SĂRĂŢENI - SOVATA,"""Castru""",
182,MS-I-m-B-15416.01,Aşezare,sat SĂRĂŢENI; comuna SĂRĂŢENI - SOVATA,"""Castru"", în vatra satului, între str. Principală, str. Jacob, str. Vârfoc, la E de biserică",sec. II - III p. Chr.
183,MS-I-m-B-15416.02,Castru,sat SĂRĂŢENI; comuna SĂRĂŢENI - SOVATA,"""Castru"", în vatra satului, între str. Principală, str. Jacob, str. Vârfoc, la E de biserică",sec. II - III p. Chr.
184,MS-I-s-B-15417,Situl arheologic de la Sărăţeni,sat SĂRĂŢENI; comuna SĂRĂŢENI - SOVATA,"""Cetatea lui Csombod”",
185,MS-I-m-B-15417.01,Fortificaţie,sat SĂRĂŢENI; comuna SĂRĂŢENI - SOVATA,"""Cetatea lui Csombod”, bot de deal la V de Sărăţeni şi la N de DJ Sărăţeni - Sîngeorgiu de Pădure",sec. XVI
186,MS-I-m-B-15417.02,Fortificaţie,sat SĂRĂŢENI; comuna SĂRĂŢENI - SOVATA,"""Cetatea lui Csombod”, bot de deal la V de Sărăţeni şi la N de DJ Sărăţeni - Sîngeorgiu de Pădure","Latène, Cultura geto- dacică"
187,MS-I-m-B-15417.03,Fortificaţie,sat SĂRĂŢENI; comuna SĂRĂŢENI - SOVATA,"""Cetatea lui Csombod”, bot de deal la V de Sărăţeni şi la N de DJ Sărăţeni - Sîngeorgiu de Pădure",Hallstatt
188,MS-I-m-B-15417.04,Fortificaţie,sat SĂRĂŢENI; comuna SĂRĂŢENI - SOVATA,"""Cetatea lui Csombod”, bot de deal la V de Sărăţeni şi la N de DJ Sărăţeni - Sîngeorgiu de Pădure",Epoca bronzului
189,MS-I-s-B-15418,Drumul roman de la Sărăţeni,sat SĂRĂŢENI; comuna SĂRĂŢENI - SOVATA,"""Cetatea lui Csombod"", pe panta de E a dealului",sec. II - III p. Chr.
190,MS-I-s-B-15419,Situl arheologic de la Sâmbriaş,sat SÎMBRIAŞ; comuna HODOSA,"""Chished”",
191,MS-I-m-B-15419.01,Schit,sat SÎMBRIAŞ; comuna HODOSA,"""Chished”, pe drumul dintre Sâmbriaş şi Matrici",1707
192,MS-I-m-B-15419.02,Turn,sat SÎMBRIAŞ; comuna HODOSA,"""Chished”, pe drumul dintre Sâmbriaş şi Matrici",sec. II - III p. Chr.
193,MS-I-s-B-15420,"Situl arheologic de la Sâncraiu de Mureş, punct ""Dealul Păgânilor""",sat SÂNCRAIU DE MUREŞ; comuna SÂNCRAIU DE MUREŞ,"""Dealul Păgânilor""",
194,MS-I-m-B-15420.01,Aşezare,sat SÂNCRAIU DE MUREŞ; comuna SÂNCRAIU DE MUREŞ,"""Dealul Păgânilor"", lângă sat",sec. XII - XIII
195,MS-I-m-B-15420.02,Aşezare fortificată,sat SÂNCRAIU DE MUREŞ; comuna SÂNCRAIU DE MUREŞ,"""Dealul Păgânilor"", lângă sat",Epoca bronzului
196,MS-I-s-B-15421,Aşezarea medievală de Sâncraiu de Mureş,la sat SÂNCRAIU DE MUREŞ; comuna SÂNCRAIU DE MUREŞ,"""Biserică""",sec. XII - XIII
197,MS-I-s-B-15422,Aşezarea fortificată de la Sângeorgiu de Pădure,sat SÂNGEORGIU DE PĂDURE; comuna SÂNGEORGIU DE PĂDURE,"""Cetăţuia” (Vár), la S de sat, în valea pârâului Küsmöd",Hallstatt
198,MS-I-s-B-15423,Aşezarea fortificată de la Sângeorgiu de Pădure,sat SÂNGEORGIU DE PĂDURE; comuna SÂNGEORGIU DE PĂDURE,"""Cseholdal”, la E de sat",sec. IX a. Chr.
199,MS-I-s-B-15424,Aşezarea romană de la Sângeorgiu de Pădure,sat SÂNGEORGIU DE PĂDURE; comuna SÂNGEORGIU DE PĂDURE,Pe malul drept al pârâului Löcz,Epoca romană
200,MS-I-s-B-15425,Drumul roman de la Sânpaul,sat SÂNPAUL; comuna SÂNPAUL,În vatra satului,sec. II - III p. Chr.
201,MS-I-s-A-15426,Necropola romană de la Sighişoara,municipiul SIGHIŞOARA,"""Pârâul Hotarului”, la 2 km de oraş, pe versantul sudic al Şaeşului, în dreapta DJ Sighişoara - Şaeş",Epoca romană
202,MS-I-s-A-15427,Castrul roman de la Sighişoara,municipiul SIGHIŞOARA,"""Podmoale” (Burgstadel)",Epoca romană
203,MS-I-m-A-15427.01,Castru,municipiul SIGHIŞOARA,"""Podmoale” (Burgstadel), la 3 km NV de oraş, pe şoseaua Sighişoara - Mediaş",sec. II - III p. Chr.
204,MS-I-m-A-15427.02,Vicus militaris,municipiul SIGHIŞOARA,"""Podmoale” (Burgstadel), la 3 km NV de oraş, pe şoseaua Sighişoara - Mediaş",sec. II - III p. Chr.
205,MS-I-s-A-15428,"Situl arheologic de la Sighişoara, punct ""Dealul Turcului""",municipiul SIGHIŞOARA,"""Dealul Turcului” (Wietenberg)",
206, MS-I-m-A-15428.01, Aşezare fortificată, municipiul SIGHIŞOARA," ""Dealul Turcului” (Wietenberg), la 2 km NV de oraş"," sec. II - I a. Chr., Cultura geto - dacică"
207,MS-I-m-A-15428.02,Necropolă,municipiul SIGHIŞOARA,"""Dealul Turcului” (Wietenberg), la 2 km NV de oraş","sec. II - I a. Chr., Cultura geto - dacică"
208,MS-I-m-A-15428.03,Aşezare fortificată,municipiul SIGHIŞOARA,"""Dealul Turcului” (Wietenberg), la 2 km NV de oraş","Epoca bronzului, Cultura Wietenberg"
209,MS-I-s-B-15429,Aşezarea romană de la Sovata,oraş SOVATA,"""Dealul Földvár”, la SV de oraş",sec. I - III p. Chr.
210,MS-I-s-B-15430,Aşezarea de la Şilea Nirajului,sat ŞILEA NIRAJULUI; comuna MĂGHERANI,"""Pallota"", la 1,5 km S de sat, pe terasa pârâului Şugău, care se varsă în Niraj",Epoca bronzului
211,MS-I-s-B-15431,Aşezarea de la Şincai,sat ŞINCAI; comuna ŞINCAI,"""Cetatea Păgânilor” (Poganyvár), tell aplatizat la 3 km SV de sat","Perioada de tranziţie la epoca bronzului, Cultura Coţofeni"
212,MS-I-s-B-15432,Situl arheologic de la Tăureni,sat TĂURENI; comuna TĂURENI,"""Curechias""",
213,MS-I-m-B-15432.01,Aşezare,sat TĂURENI; comuna TĂURENI,"""Curechias"", la 1 km E de sat",sec. II - III p. Chr.
214,MS-I-m-B-15432.02,Aşezare,sat TĂURENI; comuna TĂURENI,"""Curechias"", la 1 km E de sat","Epoca bronzului târziu, Cultura Noua"
215,MS-I-s-B-15433,Aşezare,sat TĂURENI; comuna TĂURENI,"""Sediul fostului CAP"", în vatra satului","Epoca bronzului târziu, Cultura Noua"
216,MS-I-s-B-15434,Castrul roman de la Târnăveni,municipiul TÂRNĂVENI,La nord de centrul oraşului spre râul Târnava,Epoca romană
217,MS-I-m-B-15434.01,Castru,municipiul TÂRNĂVENI,"La nord de centrul oraşului spre râul Târnava, între Strada Principală şi râul Târnava",Epoca romană
218,MS-I-m-B-15434.02,Canabae,municipiul TÂRNĂVENI,"La nord de centrul oraşului spre râul Târnava, între Strada Principală şi râul Târnava",sec. II - III p. Chr.
219,MS-I-s-B-15435,Situl arheologic de la Târnăveni,municipiul TÂRNĂVENI,Str. 1 Mai,Epoca romană
220,MS-I-m-B-15435.01,Aşezare,municipiul TÂRNĂVENI,"Str. 1 Mai, în zona cinematografului Olimpia",sec. I - III p. Chr.
221,MS-I-m-B-15435.02,Necropolă,municipiul TÂRNĂVENI,"Str. 1 Mai, în zona cinematografului Olimpia",sec. I - III p. Chr.
222,MS-I-s-B-15436,Aşezare romană,sat TOLDAL; comuna VOIVODENI,"""Clădirea CAP""- Pepenişte, la ieşirea din sat, în direcţia Voivodeni",sec. II - III p. Chr.
223,MS-I-s-B-15437,Situl arheologic de la Torba,sat TORBA; comuna MĂGHERANI,În grădina conacului Bereki,
224,MS-I-m-B-15437.01,Aşezare,sat TORBA; comuna MĂGHERANI,În grădina conacului Bereki,sec. XVI - XVII
225,MS-I-m-B-15437.02,Aşezare,sat TORBA; comuna MĂGHERANI,În grădina conacului Bereki,"Epoca bronzului, Cultura Schneckenberg"
226,MS-I-s-B-15438,Aşezarea romană de la Tuşinu,sat TUŞINU; comuna SÂNPETRU DE CÂMPIE,În vatra satului,sec. II - III p. Chr.
227,MS-I-s-B-15439,Drumul roman de la Valea,sat VALEA; comuna VĂRGATA,La nord de sat,sec. II - III p. Chr.
228,MS-I-s-B-15440,Aşezare,sat VALEA IZVOARELOR; comuna SÂNPAUL,"""Teleacul Mic”, promontoriu la marginea satului","sec. I a. Chr., Cultura geto - dacică"
229,MS-I-s-B-15441,Aşezare,sat VALEA IZVOARELOR; comuna SÂNPAUL,"""La măzărişte”, la extremitatea S a satului",sec. IV p. Chr.
230,MS-I-s-B-15442,Necropolă,sat VALEA LARGĂ; comuna VALEA LARGĂ,"""Capul satului”, cariera de argilă, la 2,5 km V de sat",sec. VII
231,MS-I-s-B-15443,Necropola medievală de Vălenii,la sat VĂLENII; comuna ACĂŢARI,În jurul bisericii din sat,sec. XIII - XIV
232,MS-I-s-B-15444,Drum,sat VEŢCA; comuna VEŢCA,"""Câmpul rotund"" (Kerek mezö), între satele Veţca şi Acăţari, la NV de Veţca",sec. II - III p. Chr.
233,MS-I-s-B-15445,Aşezare,sat VIDRASĂU; comuna UNGHENI,"Pe malul drept al Mureşului, la 1 km vest de sat",sec. VI
234,MS-I-s-A-15446,Situl arheologic de la Viilor,sat VIILOR; comuna DEALUL VIILOR - SIGHIŞOARA,"La 4 km E de oraş, pe drumul Sighişoara – Boiu",
235,MS-I-m-B-15446.01,Aşezare,sat VIILOR; comuna DEALUL VIILOR - SIGHIŞOARA,"La 4 km E de oraş, pe drumul Sighişoara – Boiu",sec. IV - VIII
236,MS-I-m-A-15446.02,Aşezare,sat VIILOR; comuna DEALUL VIILOR - SIGHIŞOARA,"La 4 km E de oraş, pe drumul Sighişoara – Boiu",sec. III p. Chr.
237, MS-I-m-A-15446.03, Aşezare, sat VIILOR; comuna DEALUL VIILOR - SIGHIŞOARA," La 4 km E de oraş, pe drumul Sighişoara – Boiu"," Epoca bronzului târziu, Cultura Noua"
238,MS-I-m-A-15446.04,Aşezare,sat VIILOR; comuna DEALUL VIILOR - SIGHIŞOARA,"La 4 km E de oraş, pe drumul Sighişoara – Boiu",Hallstatt
239,MS-I-m-A-15446.05,Aşezare,sat VIILOR; comuna DEALUL VIILOR - SIGHIŞOARA,"La 4 km E de oraş, pe drumul Sighişoara – Boiu",sec. XI - XII
240,MS-I-s-A-15447,Aşezarea romană de la Voiniceni,sat VOINICENI; comuna CEUAŞU DE CÂMPIE,În vatra satului,Epoca romană
241,MS-I-m-B-15448,Fortificaţia Latène de la Voivodeni,sat VOIVODENI; comuna VOIVODENI,Bunghart,"Latène, Cultura geto - dacică"
242,MS-I-s-B-15449,Aşezarea de la Zau de Câmpie,sat ZAU DE CÂMPIE; comuna ZAU DE CÂMPIE,"""Între pâraie"" (Hodaia oilor)","sec. II - III, sec.VI - VII p. Chr."
243,MS-II-m-A-15450,"Biserica de lemn ""Sf. Arhangheli""",municipiul TÂRGU MUREŞ,În incinta Garnizoanei de Tancuri,"sec. XVII, renovată 1789"
244,MS-II-a-A-15451,"Ansamblul urban ""Piaţa Trandafirilor"" (partea de nord-est)",municipiul TÂRGU MUREŞ,"SE - Piaţa Trandafirilor, de la nr. 51 la 61 inclusiv; NE - Piaţa Petöfi de la intersecţia cu str. Poştei până la Piaţa Trandafirilor nr. 2 şi str. Revoluţiei nr. 1; NV - între clădirile din str. Călăraşi nr. 1 - Piaţa Trandafirilor nr.11, inclusiv",sec. XVI - XIX
245,MS-II-a-A-15452,Ansamblul urban Zona centrală - centrul comercial,municipiul TÂRGU MUREŞ,"Între Piaţa Trandafirilor, nr.1-32, 33- 60, Piaţa Victoriei nr.1-10, 11-36; str. Bolyai nr. 1-7, 2-14, str. Enescu George nr. 1, Primăriei nr.1.",sec. XVII - XIX
246,MS-II-a-A-15453,Ansamblul urban Centrul istoric al oraşului - zona meşteşugărească,municipiul TÂRGU MUREŞ,"Str. Ştefan cel Mare între nr. 1-37, 2- 28; P-ţa Bisericii Mici între nr. 1-17; str. Liszt de la nr. 1-15 şi 2-6; str. Justiţiei 2-12; str. Lupeni 1-41, 2-36; str. Koteles 1-29, 2-16; str. Sportivilor 1-3, 2-14; str. Strâmbă 1- 53; str. Arinului; str. Retezatului între nr.1-21 şi 2-26; str. Izvorului 1- 7, 2-14; str. Fântânii 1-11, 2-14.",sec. XVII - XIX
247,MS-II-a-A-15454,"Ansamblul urban ""Zona cetăţii""",municipiul TÂRGU MUREŞ,"P-ţa Bernady György de la nr. 1-5 şi 2-10; P-ţa Petöffi; str.Târgului nr. 1- 17, 2-18, str. Avram Iancu, Bd. 1 Mai, str. N. Iorga.",sec. XVII - XIX
248,MS-II-a-B-15455,"Ansamblul urban ""Cartierul Oncea"" - case muncitoreşti",municipiul TÂRGU MUREŞ,"Str. Partizanilor de la nr. 2-26, str. Bernath Audar de la nr.1-33 şi 2-34, str. Lebedei de la nr. 1-31, str. Mioriţa de la nr. 1-55 şi 2-62, str. Aradului de la nr. 1-33, str. Salcâmului nr. 28",1905 -1988
249,MS-II-a-A-15456,"Ansamblul urban ""Cartierul românesc""",municipiul TÂRGU MUREŞ,"Str. Avram Iancu de la 1A-67 şi 2-68; Pasajul Palas de la nr. 1-17 şi 2-8; str. Spitalului Vechi de la nr. 1-9 şi 2-18; str. Doiceşti, de la nr. 1-37 şi 2-28; str. Cosminului 19 şi 2-24; str. Topliţa de la nr. 1-15 şi 2-8; str. Vâscului nr. 5 şi 2-8; str. Azuga 2-29; str. Bujorului 1-27, 2a-12; str. Cibinului 1-15, 2-12.",sec. XVIII - XIX
250,MS-II-a-A-15457,"Ansamblul urban ""Str. Revoluţiei"" - stradă comercială",municipiul TÂRGU MUREŞ,"Str. Revoluţiei de la nr. 1-49, 2-48",sec. XVIII - XIX
251,MS-II-a-B-15458,"Ansamblul urban ""Case muncitoreşti""",municipiul TÂRGU MUREŞ,"Str. Amurgului de la nr. 1-7 şi 2-8; str. Bucegi de la nr. 1-15 şi 2-28; str. Dâmboviţei de la nr. 1-17; str. Antal Budai Nagy de la nr. 7-35; str. Păltiniş de la nr. 1-25 şi 2-22; str. Siliştei de la nr. 1-21 şi 2-18, str. Vulturilor de la nr. 1-35 şi 2-32.",1950
252,MS-II-a-A-15459,"Ansamblul urban ""Str. Rodnei""",municipiul TÂRGU MUREŞ,"Str. Rodnei (nr. 4, 8, 10, 12, 14, 20, 22, 24)",1910 - 1914
253,MS-II-a-A-15460,"Ansamblul urban ""Piaţa Bolyai""",municipiul TÂRGU MUREŞ,Piaţa Bolyai de la nr. 3-29 şi 16-24,sec. XVIII - XX
254,MS-II-a-A-15461,"Ansamblul urban ""Str. Călăraşilor""",municipiul TÂRGU MUREŞ,Str. Călăraşilor de la nr. 1-7 şi 2-52,sec. XVIII - XX
255,MS-II-a-A-15462,"Ansamblul urban ""Str. Horia""",municipiul TÂRGU MUREŞ,Str. Horia de la 1-5 şi 2-14,sec. XIX - XX
256,MS-II-m-B-15468,Casa de vamă,municipiul TÂRGU MUREŞ,Bd. 1848 2,1882
257,MS-II-m-B-15469,Casa Rado,municipiul TÂRGU MUREŞ,Str. Artei 7,1912
258,MS-II-m-B-15470,Casă,municipiul TÂRGU MUREŞ,Str. Avram Iancu 11-13,sec. XIX
259,MS-II-m-B-15471,"Casa ""Avram Iancu”",municipiul TÂRGU MUREŞ,Str. Avram Iancu 23,sec. XVIII
260,MS-II-m-B-15472,Casă,municipiul TÂRGU MUREŞ,Str. Avram Iancu 34,sf. sec. XVIII - sec. XIX
261,MS-II-m-B-15473,Casă,municipiul TÂRGU MUREŞ,Str. Avram Iancu 55,sf. sec. XVIII
262,MS-II-m-B-15474,Casă,municipiul TÂRGU MUREŞ,Str. Avram Iancu 68,sec. XIX
263,MS-II-m-B-15521,Casă,municipiul TÂRGU MUREŞ,Str. Belşugului 22,sf. sec. XIX
264,MS-II-m-B-15476,Casa Haller,municipiul TÂRGU MUREŞ,Piaţa Bernady György 2,"sec. XIX, modificări sec. XX"
265,MS-II-m-A-15477,"Casa Teleky Domokos, azi casa parohială reformată",municipiul TÂRGU MUREŞ,Piaţa Bernady György 3,1797 - 1803
266,MS-II-a-A-15475,Ansamblul cetăţii medievale,municipiul TÂRGU MUREŞ,Piaţa Bernady György 5,sec. XV - XIX
267,MS-II-m-A-15475.01,Biserica reformată,municipiul TÂRGU MUREŞ,Piaţa Bernady György 5,sec. XV - XIX
268,MS-II-m-A-15475.02,"Incinta fortificată, cu bastioanele: Porţii, Croitorilor, Măcelarilor, Dogarilor, Blănarilor, Cizmarilor şi corpul de legătură",municipiul TÂRGU MUREŞ,Piaţa Bernady György 5,1602 - 1653
269,MS-II-m-A-15475.03,Fosta cazarmă austriacă,municipiul TÂRGU MUREŞ,Piaţa Bernady György 5,sec. XVIII
270,MS-II-m-A-15478,"Liceul ""Al. Papiu Ilarian”",municipiul TÂRGU MUREŞ,Str. Bernady György 12,1910 - 1914
271, MS-II-a-A-15479," Ansamblul liceului ""Bolyai Farkas""", municipiul TÂRGU MUREŞ, Str. Bolyai 3, 1908
272,MS-II-m-A-15479.01,"Liceul ""Bolyai Farkas"" - clădirea centrală",municipiul TÂRGU MUREŞ,Str. Bolyai 3,1908
273,MS-II-m-A-15479.02,Internat,municipiul TÂRGU MUREŞ,Str. Bolyai 3,1803
274,MS-II-m-A-15479.03,Dispensar,municipiul TÂRGU MUREŞ,Str. Bolyai 3,1871
275,MS-II-m-A-15480,Prefectura Veche,municipiul TÂRGU MUREŞ,Str. Bolyai 5,1745 - 1843
276,MS-II-m-B-15481,Casă,municipiul TÂRGU MUREŞ,Str. Bolyai 9,1905 - 1910
277,MS-II-m-B-15482,Casă,municipiul TÂRGU MUREŞ,Str. Bolyai 10,1850 - 1900
278,MS-II-m-B-15483,Casa Palffy,municipiul TÂRGU MUREŞ,Str. Bolyai 12,1640
279,MS-II-m-B-15484,"Clădire, la parter birouri, comerţ, la etaj biserica unitariană",municipiul TÂRGU MUREŞ,Str. Bolyai 13,1929
280,MS-II-m-A-15486,Biblioteca Teleky-Bolyai,municipiul TÂRGU MUREŞ,Str. Bolyai 17,1799 - 1803
281,MS-II-m-B-15487,Casă,municipiul TÂRGU MUREŞ,Str. Bolyai 28,sf. sec. XIX
282,MS-II-m-B-15485,Casa Kendeffy (Curtea de apel),municipiul TÂRGU MUREŞ,Str. Bolyai 30,1789
283,MS-II-a-B-15519,Ansamblul barajului pe Mureş,râul municipiul TÂRGU MUREŞ,Aleea Carpaţi 61,1905 - 1913
284,MS-II-m-B-15488,Casă,municipiul TÂRGU MUREŞ,Str. Călăraşilor 52,sf. sec. XVIII
285,MS-II-m-B-15542,"Restaurantul ""Cocoşul de Aur”, fosta casă Bürger",municipiul TÂRGU MUREŞ,Str. Călăraşilor 106,1889
286,MS-II-m-B-15463,Casă,municipiul TÂRGU MUREŞ,Bd. Cetăţii 1,înc. sec. XIX
287,MS-II-m-B-15464,Casă,municipiul TÂRGU MUREŞ,Bd. Cetăţii 5,înc. sec. XX
288,MS-II-m-B-15465,Casă,municipiul TÂRGU MUREŞ,Bd. Cetăţii 12,înc. sec. XX
289,MS-II-m-B-15466,Casă,municipiul TÂRGU MUREŞ,Bd. Cetăţii 25,sf. sec. XIX
290,MS-II-m-B-15467,Casă,municipiul TÂRGU MUREŞ,Bd. Cetăţii 35,înc. sec. XX
291,MS-II-m-B-15489,"Fosta şcoală superioară administraţie, azi Palatul Sindicatelor",de municipiul TÂRGU MUREŞ,Str. Cuza Vodă 22,1902 - 1913
292,MS-II-m-B-15490,Casă,municipiul TÂRGU MUREŞ,Str. Cuza Vodă 34-36,1910 - 1916
293,MS-II-m-B-15491,Casă (Vila Csonka),municipiul TÂRGU MUREŞ,Str. Cuza Vodă 35,1910 - 1911
294,MS-II-m-B-15492,Casă,municipiul TÂRGU MUREŞ,Str. Cuza Vodă 38,1910 - 1916
295,MS-II-m-B-15493,"Vila Csiszàr-Vàradi, azi birouri",municipiul TÂRGU MUREŞ,Str. Cuza Vodă 97,cca. 1910
296,MS-II-m-B-15497,"Ateliere pentru micii meseriaşi, azi magazine",municipiul TÂRGU MUREŞ,Str. Doja Gheorghe 13-15,1902
297,MS-II-m-B-15498,"Casă, azi Sanepid",municipiul TÂRGU MUREŞ,Str. Doja Gheorghe 34,1911
298,MS-II-a-A-15499,Casa Csonka,municipiul TÂRGU MUREŞ,Str. Doja Gheorghe 35,1910
299,MS-II-m-A-15499.01,Casă,municipiul TÂRGU MUREŞ,Str. Doja Gheorghe 35,1910
300,MS-II-m-A-15499.02,Parc,municipiul TÂRGU MUREŞ,Str. Doja Gheorghe 35,1910
301,MS-II-m-B-15500,"Casă, azi Spitalul de boli contagioase",municipiul TÂRGU MUREŞ,Str. Doja Gheorghe 127,1910
302,MS-II-m-A-15502,Casa Schmidt,municipiul TÂRGU MUREŞ,Str. Eminescu Mihai 3,înc. sec. XX
303,MS-II-m-A-15504,"Palatul Pensionarilor, azi locuinţe",municipiul TÂRGU MUREŞ,Str. Enescu 2,1909 - 1911
304,MS-II-m-B-15505,Fost cămin de bătrâni,municipiul TÂRGU MUREŞ,Str. Evreilor Martiri 29,înc. sec. XX
305,MS-II-m-B-15506,Fost cămin de bătrâni,municipiul TÂRGU MUREŞ,Str. Evreilor Martiri 31,înc. sec. XX
306,MS-II-m-B-15501,Sinagogă,municipiul TÂRGU MUREŞ,Str. Filimon Aurel 21,1899-1900
307,MS-II-m-A-15510,"Fostul Muzeu al Meseriilor Ţinutului Secuiesc, azi Muzeul de Ştiinţe Naturale",municipiul TÂRGU MUREŞ,Str. Horea 24,1890 - 1893
308,MS-II-m-B-15572,"Casă, azi Universitatea ""Petru Maior""",municipiul TÂRGU MUREŞ,Str. Iorga Nicolae 1,1905
309,MS-II-m-B-15511,Palatul Justiţiei,municipiul TÂRGU MUREŞ,Str. Justiţiei 1,1856 - 1897
310,MS-II-m-B-15512,Casa Kemeny,municipiul TÂRGU MUREŞ,Str. Kogălniceanu Mihail 14,sec. XVIII
311,MS-II-a-A-15507,"Fostul ansamblu al administraţiei Uzinelor Comunale, azi R. A. Aquaserv şi S. C. Energomur S.A.",municipiul TÂRGU MUREŞ,Str. Kos Karoly 1A şi 1B,1910 - 1913
312,MS-II-m-A-15507.01,Clădire administrativă,municipiul TÂRGU MUREŞ,Str. Kos Karoly 1A,1910 - 1913
313,MS-II-m-A-15507.02,"Fostă locuinţă de serviciu, azi birouri",municipiul TÂRGU MUREŞ,Str. Kos Karoly 1B,1910 - 1913
314,MS-II-m-A-15507.03,"Fostul pavilion al porţii, dispensar",azi municipiul TÂRGU MUREŞ,Str. Kos Karoly 1A,1910 - 1913
315,MS-II-m-A-15507.04,"Foste ateliere, azi ateliere contoare",municipiul TÂRGU MUREŞ,Str. Kos Karoly 1B,1910 - 1913
316,MS-II-m-A-15507.05,"Foste ateliere, azi secţia apă-canal",municipiul TÂRGU MUREŞ,Str. Kos Karoly 1A,1910 - 1913
317,MS-II-a-B-15513,Mănăstirea minorită,municipiul TÂRGU MUREŞ,Str. Köteles Samuel 4,1750 - 1903
318,MS-II-m-B-15513.01,"Biserica romano-catolică ""Sf. Anton"" (a minoriţilor)",municipiul TÂRGU MUREŞ,Str. Köteles Samuel 4,1740 - 1767
319,MS-II-m-B-15513.02,Claustrul şi anexele,municipiul TÂRGU MUREŞ,Str. Köteles Samuel 4,"1740 - 1767, 1903"
320,MS-II-m-B-15514,Casa Bolyai,municipiul TÂRGU MUREŞ,Str. Köteles Samuel 5,înc. sec. XIX
321,MS-II-m-B-15515,Staţie de epurare,municipiul TÂRGU MUREŞ,Str. Libertăţii 114,1905
322,MS-II-m-B-15516,"Fostul cămin al ucenicilor români ""Avram Iancu"", sediul Inspecţiei Muncii jud. Mureş",municipiul TÂRGU azi MUREŞ din,Str. Maniu Iuliu 2,1914 - 1915
323,MS-II-m-B-15577,"Fostul cămin al şcolii de ucenici, azi internat şi cantină pentru Grupul Şcolar ""Avram Iancu""",municipiul TÂRGU MUREŞ,Str. Maniu Iuliu 4,1926 - 1934
324,MS-II-m-B-15517,"Fostă locuinţă pentru muncitori a fabricii de mobilă Szekely şi Retty, locuinţă",municipiul TÂRGU MUREŞ azi,Str. Margaretelor 17,1919
325,MS-II-m-B-15518,"Fostă locuinţă pentru muncitori a fabricii de mobilă Szekely şi Retty, locuinţă",municipiul TÂRGU MUREŞ azi,Str. Margaretelor 18,1919
326,MS-II-a-B-15520,"Ansamblul fostei Şcoli militare, azi Universitatea de Medicină şi Farmacie",municipiul TÂRGU MUREŞ,Str. Marinescu Gheorghe 38,1909
327,MS-II-m-B-15520.01,Universitatea de Medicină şi Farmacie,municipiul TÂRGU MUREŞ,Str. Marinescu Gheorghe 38,1909
328,MS-II-m-B-15520.02,Parc,municipiul TÂRGU MUREŞ,Str. Marinescu Gheorghe 38,1909
329,MS-II-m-B-15523,Cârciuma „Surlott Grádics”,municipiul TÂRGU MUREŞ,Str. Mihai Viteazul 3,sec. XVIII
330,MS-II-m-B-21049,Casă de locuit,municipiul TÂRGU MUREŞ,Str. Mihai Viteazul 44,1909 - 1910
331,MS-II-m-B-15524,Casa Kárnász,municipiul TÂRGU MUREŞ,Piaţa Petöfi Sándor 2,sec. XIX
332,MS-II-m-B-15526,Fosta casă de cultură evreiască,municipiul TÂRGU MUREŞ,Str. Poligrafiei 4,1927
333,MS-II-m-B-15527,Casă,municipiul TÂRGU MUREŞ,Str. Poştei 12,înc. sec. XIX
334,MS-II-m-B-15528,Casa Redmey,municipiul TÂRGU MUREŞ,Str. Poştei 14,înc. sec. XIX
335,MS-II-m-A-15529,Camera de Industrie şi Comerţ,municipiul TÂRGU MUREŞ,Str. Primăriei 1,1910 - 1912
336,MS-II-m-B-15530,Casă,municipiul TÂRGU MUREŞ,Str. Rădulescu Ion Heliade 2,1906
337,MS-II-m-B-15509,Casă,municipiul TÂRGU MUREŞ,Str. Rebreanu Liviu 1,1905
338,MS-II-m-B-15531,Casă de locuit şi grădiniţă,municipiul TÂRGU MUREŞ,Str. Republicii 12,"sf. sec. XVIII, 1909"
339,MS-II-m-A-15532,Casa Köpeczi,municipiul TÂRGU MUREŞ,Str. Revoluţiei 1,"1554, 1756"
340,MS-II-m-B-15533,"Fostul liceu confesional romano-catolic de fete, liceu de artă",municipiul TÂRGU azi MUREŞ,Str. Revoluţiei 9,1860
341,MS-II-m-B-15534,"Biserica unitariană, cu turnul",municipiul TÂRGU MUREŞ,Str. Revoluţiei 10,"sf. sec. XIII, renovări 1743, 1796, sf. sec. XIX - înc. sec. XX"
342,MS-II-m-B-15535,"Fostă locuinţă, azi spital",municipiul TÂRGU MUREŞ,Str. Revoluţiei 33,"sf. sec. XVIII, mijl. sec. XIX"
343,MS-II-m-B-15536,"Fost spital orăşenesc, azi Clinica medicală II",municipiul TÂRGU MUREŞ,Str. Revoluţiei 35,"1811, extins 1854, 1881"
344, MS-II-m-B-15537," Casa ""Makarias” -locuinţă pentru oficialităţi, azi internat", municipiul TÂRGU MUREŞ, Str. Revoluţiei 45," 1750, transf. 1850"
345,MS-II-m-B-15538,Casă,municipiul TÂRGU MUREŞ,Str. Rodnei 12,înc. sec. XX
346,MS-II-m-B-15539,Casă,municipiul TÂRGU MUREŞ,Str. Rodnei 14,înc. sec. XX
347,MS-II-m-B-15540,Casă,municipiul TÂRGU MUREŞ,Str. Rodnei 22,1920
348,MS-II-m-B-15541,Casă,municipiul TÂRGU MUREŞ,Str. Rodnei 25,sf. sec. XIX
349,MS-II-m-B-15543,Fabrica de Bere Bürger,municipiul TÂRGU MUREŞ,Str. Sinaia 3,1880 - 1885
350,MS-II-m-B-15494,"Biserica ""Înălţarea Domnului”",municipiul TÂRGU MUREŞ,"Str. Şaguna Andrei, mitropolit 9",1794
351,MS-II-m-B-15495,"Prima şcoală românească, în care a funcţionat Petru Maior",municipiul TÂRGU MUREŞ,"Str. Şaguna Andrei, mitropolit 9",sf. sec. XVIII
352,MS-II-m-A-15496,"Biserica de lemn ""Sf. Arhanghel Mihail”",municipiul TÂRGU MUREŞ,"Str. Şaguna Andrei, mitropolit 13","1793, 1814"
353,MS-II-m-B-15545,Casă,municipiul TÂRGU MUREŞ,Str. Ştefan cel Mare 8,sf. sec. XIX - înc. sec. XX
354,MS-II-m-B-15546,Biserica reformată mică,municipiul TÂRGU MUREŞ,Str. Ştefan cel Mare 22,1815 - 1830
355,MS-II-m-B-15547,Casa Bornemisza,municipiul TÂRGU MUREŞ,Str. Târgului 1,sec. XIX
356,MS-II-m-B-15548,"Catedrala ""Înălţarea Domnului”",municipiul TÂRGU MUREŞ,Piaţa Trandafirilor 1,1925 - 1934
357,MS-II-m-B-15549,Casa Görog,municipiul TÂRGU MUREŞ,Piaţa Trandafirilor 2,sec. XVIII
358,MS-II-m-B-15550,Casă,municipiul TÂRGU MUREŞ,Piaţa Trandafirilor 3,sec. XIX
359,MS-II-m-B-15551,Palatul Apollo,municipiul TÂRGU MUREŞ,Piaţa Trandafirilor 5,1820
360,MS-II-m-A-15552,Turnul-clopotniţă al fostei mănăstiri franciscane,municipiul TÂRGU MUREŞ,Piaţa Trandafirilor 10,1820
361,MS-II-m-A-15553,Palatul Toldalagi,municipiul TÂRGU MUREŞ,Piaţa Trandafirilor 11,1759 - 1771
362,MS-II-m-B-15554,Casa Banyai,municipiul TÂRGU MUREŞ,Piaţa Trandafirilor 12,1904
363,MS-II-m-B-15555,"Fosta casă a breslei măcelarilor, azi birouri",municipiul TÂRGU MUREŞ,Piaţa Trandafirilor 13,1888
364,MS-II-m-A-15556,Casa Wamos,municipiul TÂRGU MUREŞ,Piaţa Trandafirilor 18,1910
365,MS-II-m-B-15557,"Fostul cazinou evreiesc, birouri",azi municipiul TÂRGU MUREŞ,Piaţa Trandafirilor 21,1900 - 1910
366,MS-II-m-A-15558,"Fosta Bancă Agrară, azi Banca Comercială",municipiul TÂRGU MUREŞ,Piaţa Trandafirilor 26,"1909, ext. 1930 - 1940"
367,MS-II-m-B-15559,"Fosta casă a breslei cizmarilor, azi locuinţă şi birouri",municipiul TÂRGU MUREŞ,Piaţa Trandafirilor 49,1890
368,MS-II-m-B-15560,Casă,municipiul TÂRGU MUREŞ,Piaţa Trandafirilor 51,cca. 1860
369,MS-II-m-B-15561,Casă,municipiul TÂRGU MUREŞ,Piaţa Trandafirilor 52,1880 - 1900
370,MS-II-m-B-15562,Casă,municipiul TÂRGU MUREŞ,Piaţa Trandafirilor 53,1860
371,MS-II-m-B-15563,"Casa ""Câinele negru""",municipiul TÂRGU MUREŞ,Piaţa Trandafirilor 54,1827
372,MS-II-m-B-15564,Casa Steibel,municipiul TÂRGU MUREŞ,Piaţa Trandafirilor 55,sec. XIX
373,MS-II-m-B-15565,Casa Rozenfeld,municipiul TÂRGU MUREŞ,Piaţa Trandafirilor 56,sec. XIX
374,MS-II-m-B-15566,Casă,municipiul TÂRGU MUREŞ,Piaţa Trandafirilor 57,"cca. 1810, transf. 1930"
375,MS-II-m-B-15567,Casă,municipiul TÂRGU MUREŞ,Piaţa Trandafirilor 58,sec. XIX
376,MS-II-m-B-15568,Casă,municipiul TÂRGU MUREŞ,Piaţa Trandafirilor 59,1877
377,MS-II-a-A-15569,"Mănăstirea Iezuiţilor, casa ""Francisc Nagy Szabo""",municipiul TÂRGU MUREŞ,Piaţa Trandafirilor 61,"1623, 1725 - 1749"
378,MS-II-m-A-15569.01,Biserica fostei mănăstiri iezuiţilor,a municipiul TÂRGU MUREŞ,Piaţa Trandafirilor 61,1728 - 1754
379,MS-II-m-A-15569.02,"Claustru, azi casa parohială romano-catolică",municipiul TÂRGU MUREŞ,Piaţa Trandafirilor 61,sec. XVII - XVIII
380,MS-II-m-B-15570,Casă,municipiul TÂRGU MUREŞ,Str. Trebely 5,înc. sec. XIX
381,MS-II-m-B-15571,"Casa Bustya Lajos, cu poarta de lemn",municipiul TÂRGU MUREŞ,Str. Trebely 14,1925
382,MS-II-m-B-15522,Uzină electrică,municipiul TÂRGU MUREŞ,Str. Uzinei 1,1910 - 1912
383,MS-II-a-B-15508,Uzina de apă şi parcul,municipiul TÂRGU MUREŞ,Str. Verii 4,1908 - 1909
384,MS-II-m-B-15508.01,Staţia de pompare,municipiul TÂRGU MUREŞ,Str. Verii 4,1908 - 1909
385,MS-II-m-B-15508.02,Parc,municipiul TÂRGU MUREŞ,Str. Verii 4,1908 - 1909
386,MS-II-m-B-15508.03,Rezervoare de apă,municipiul TÂRGU MUREŞ,Str. Verii 4,1908 - 1909
387,MS-II-m-B-15574,"Staţia de pompare, fostă locuinţă de serviciu, azi locuinţă",municipiul TÂRGU MUREŞ,Str. Verii 71,1906
388,MS-II-m-A-15503,Palatul Culturii,municipiul TÂRGU MUREŞ,Piaţa Victoriei 1,1907 - 1913
389,MS-II-m-A-15575,"Fosta Primărie a municipiului, azi Prefectura",municipiul TÂRGU MUREŞ,Piaţa Victoriei 2,1905 - 1907
390,MS-II-m-B-15576,"Fostul Palat al Prefecturii, azi Primăria municipiului",municipiul TÂRGU MUREŞ,Piaţa Victoriei 3,1936 - 1941
391,MS-II-m-B-15578,"Biserica ""Buna Vestire”",municipiul TÂRGU MUREŞ,Piaţa Victoriei 4,1926 - 1936
392,MS-II-m-A-15579,"Fosta bancă ""Albina"", azi Federalcoop, birouri",municipiul TÂRGU MUREŞ,Piaţa Victoriei 5,1910
393,MS-II-m-B-15580,Casă,municipiul TÂRGU MUREŞ,Piaţa Victoriei 14,1913
394,MS-II-m-B-15581,"Casa ""Dr. Fekete""",municipiul TÂRGU MUREŞ,Piaţa Victoriei 31,1900
395,MS-II-m-B-15582,"Casa ""Csiki""",municipiul TÂRGU MUREŞ,Piaţa Victoriei 32,1900
396,MS-II-m-A-15583,Casă,municipiul TÂRGU MUREŞ,Piaţa Victoriei 34,1900
397,MS-II-m-B-15584,Depozitele oraşului,municipiul TÂRGU MUREŞ,Str. Vladimirescu Tudor 36,cca. 1900
398,MS-II-m-A-15585,Castelul Apor,sat ABUŞ; comuna MICA,53,1775 - 1830
399,MS-II-m-B-15586,"Biserica de lemn ""Sf. Arhangheli”",sat ABUŞ; comuna MICA,143,sec. XVIII
400,MS-II-m-A-15587,Biserica unitariană,sat ADĂMUŞ; comuna ADĂMUŞ,Str. Livezilor 7,sec. XVI
401,MS-II-a-A-15588,Ansamblul bisericii reformate,sat AGRIŞTEU; comuna BĂLĂUŞERI,95,sec. XIII - XVIII
402,MS-II-m-A-15588.01,Biserica reformată,sat AGRIŞTEU; comuna BĂLĂUŞERI,95,sec. XIII - XIV
403,MS-II-m-A-15588.02,Clopotniţă din lemn,sat AGRIŞTEU; comuna BĂLĂUŞERI,95,sec. XVIII
404,MS-II-m-A-15589,Casa parohială a bisericii reformate,sat ALBEŞTI; comuna ALBEŞTI,Str. Florilor 14,sf. sec. XIX
405,MS-II-m-A-15590,Biserica reformată,sat ALBEŞTI; comuna ALBEŞTI,Str. Lungă 121,sec. XV - XVIII
406,MS-II-m-A-15592,Castel,localitate componentă APALINA; municipiul REGHIN,Str. Castelului 12,sec. XVIII - XIX
407,MS-II-m-A-15591,Biserica romano-catolică,localitate componentă APALINA; municipiul REGHIN,Str. Castelului 101,sec. XIII - XV
408,MS-II-m-B-20924.01,Gara C.F.-staţie Apold,sat APOLD; comuna APOLD,"La km 17+100 m, în centrul localitatii, vizavi de biserica evanghelica",sf. sec. XIX
409,MS-II-m-B-20924.02,Pod metalic,sat APOLD; comuna APOLD,"La km 17+100 m, la 29 km distanţă de Agnita",sf. sec. XIX
410,MS-II-m-B-20924.03,Pod metalic,sat APOLD; comuna APOLD,La 31 km distanţă de Agnita,sf. sec. XIX
411,MS-II-m-A-15593,"Biserica ""Sf. Gheorghe”",sat APOLD; comuna APOLD,223,1721
412,MS-II-a-A-15594,Ansamblul bisericii evanghelice fortificate,sat APOLD; comuna APOLD,259A,sec. XV - XVII
413,MS-II-m-A-15594.01,Biserica evanghelică fortificată,sat APOLD; comuna APOLD,259A,sec. XV - XVII
414,MS-II-m-A-15594.02,Incinta fortificată,sat APOLD; comuna APOLD,259A,sec. XV - XVII
415,MS-II-m-B-15595,Ruinele primăriei,sat ARCHITA; comuna VÂNĂTORI,27,sec. XVIII - XIX
416,MS-II-a-A-15596,Ansamblul bisericii evanghelice fortificate,sat ARCHITA; comuna VÂNĂTORI,294,a doua jum. a sec. XIII - sec. XVIII
417,MS-II-m-A-15596.01,Biserica evanghelică fortificată,sat ARCHITA; comuna VÂNĂTORI,294,a doua jum. a sec. XIII - sec. XVIII
418,MS-II-m-A-15596.02,"Dubla incintă fortificată, turnurile",cu sat ARCHITA; comuna VÂNĂTORI,294,sec. XV - sec. XVIII
419,MS-II-m-B-15597,"Biserica reformată, cu turnul-clopotniţă",sat BAHNEA; comuna BAHNEA,Str. Republicii 25,"sec. XIV, turn 1904"
420,MS-II-m-A-15598,Castelul Bethlen,sat BAHNEA; comuna BAHNEA,Str. Republicii 55,sec. XVI
421,MS-II-m-A-15599,"Biserica ""Sf. Maria”",sat BAND; comuna BAND,,sec. XVII
422,MS-II-a-A-15600,Ansamblul bisericii evanghelice,sat BATOŞ; comuna BATOŞ,325,sec. XVI - XVIII
423,MS-II-m-A-15600.01,Biserica evanghelică,sat BATOŞ; comuna BATOŞ,325,sec. XVI - XVIII
424,MS-II-m-A-15600.02,"Incinta, cu turn-clopotniţă",sat BATOŞ; comuna BATOŞ,325,"sec. XVI - XVIII, turn 1638"
425,MS-II-m-A-15602,Casa Johann Schuller,sat BĂGACIU; comuna BĂGACIU,Str. Mare 181,1773
426,MS-II-a-A-15601,Ansamblul bisericii evanghelice fortificate,sat BĂGACIU; comuna BĂGACIU,Str. Principală 88,sec. XV - XVIII
427,MS-II-m-A-15601.01,Biserica evanghelică,sat BĂGACIU; comuna BĂGACIU,Str. Principală 88,sec. XV - XVIII
428,MS-II-m-A-15601.02,Incintă fortificată,sat BĂGACIU; comuna BĂGACIU,Str. Principală 88,sec. XV - XVI
429,MS-II-a-A-15604,"Ansamblul bisericii de lemn ""Sfinţii Arhangheli""",sat BĂIŢA; comuna LUNCA,70 (în cimitirul vechi),1723
430,MS-II-m-A-15604.01,"Biserica de lemn ""Sfinţii Arhangheli""",sat BĂIŢA; comuna LUNCA,70,1723
431,MS-II-m-A-15604.02,Turn-clopotniţă,sat BĂIŢA; comuna LUNCA,70,1723
432,MS-II-m-A-15604.03,Poarta,sat BĂIŢA; comuna LUNCA,70,1723
433,MS-II-m-A-15604.04,Casa parohială,sat BĂIŢA; comuna LUNCA,70,1723
434,MS-II-m-A-15605,Biserica reformată,sat BÂRA; comuna BERENI,20A,sec. XIV - XVIII
435,MS-II-m-B-15606,"Biserica de lemn ""Sf. Nicolae”",sat BEICA DE JOS; comuna BEICA DE JOS,132A,1810
436,MS-II-a-B-15607,"Ansamblul rural ""Str. Principală""",sat BERENI; comuna BERENI,"Str. Principală nr 20, 39, 45, 46, 49, 60, 95, 98, 126.",sf. sec. XIX
437,MS-II-m-B-15608,"Biserica de lemn ""Sfinţii Voievozi""",sat BERNADEA; comuna BAHNEA,111,1805
438,MS-II-m-B-15609,"Biserica de lemn ""Sf. Arhangheli Mihail şi Gavril""",sat aparţinător BOBOHALMA; oraş TÂRNĂVENI,137,sec. XVIII
439,MS-II-m-B-15611,Casă,sat BOIU; comuna ALBEŞTI,Str. Principală 198,sf. sec. XIX
440,MS-II-m-B-15612,Casa parohială a bisericii romano-catolice,sat BORDOŞIU; comuna FÂNTÂNELE,88,1812
441,MS-II-m-A-15613,Biserica romano-catolică turnul-clopotniţă,şi sat BORDOŞIU; comuna FÂNTÂNELE,115,"sec. XV, transf. 1857"
442,MS-II-m-B-15614,"Biserica de lemn ""Sf. Arhangheli”, cu turn clopotniţă",sat BOZED; comuna CEUAŞU DE CÂMPIE,102,1750
443,MS-II-m-B-15615,Biserica reformată,sat BRÂNCOVENEŞTI; comuna BRÂNCOVENEŞTI,188,1727
444,MS-II-a-A-15616,Ansamblul castelului Kendy- Kemeny,sat BRÂNCOVENEŞTI; comuna BRÂNCOVENEŞTI,215,"sec. XVI, sec. XIX"
445,MS-II-m-A-15616.01,Castelul Kendy-Kemeny,sat BRÂNCOVENEŞTI; comuna,215,sec. XVI
446,MS-II-m-A-15616.02,Parc,sat BRÂNCOVENEŞTI; comuna BRÂNCOVENEŞTI,215,sec. XIX
447,MS-II-m-A-15617,Biserica reformată,sat BREAZA; comuna BREAZA,Str. Principală 87,"biserica, sec. XIV - XV, turn - clopotniţă 1895"
448,MS-II-m-A-15618,Biserica fostei mănăstiri Franciscanilor,a sat CĂLUGĂRENI; comuna EREMITU,Str. Kandia 42,1666 - 1678
449,MS-II-m-A-15619,"Biserica unitariană, cu turnul-clopotniţă",sat CĂLUŞERI; comuna ERNEI,197,"biserica 1726, turn- clopotniţă 1783"
450,MS-II-m-B-15620,Conacul Sandor,sat CĂPUŞU DE CÂMPIE; comuna ICLĂNZEL,243,sec. XIX
451,MS-II-m-A-15621,Biserica reformată cu turnul-clopotniţă,sat CÂNDU; comuna BERENI,21,1828
452,MS-II-m-B-15623,"Biserica de lemn ""Sf. Arhangheli”",sat CERGHIZEL; oraş UNGHENI,31,1726
453,MS-II-a-A-15624,Ansamblul bisericii reformate,sat CEUAŞU DE CÂMPIE; comuna CEUAŞU DE CÂMPIE,200,sec. XVI - XIX
454,MS-II-m-A-15624.01,Biserica reformată,sat CEUAŞU DE CÂMPIE; comuna CEUAŞU DE CÂMPIE,200,sec. XVIII - XIX
455,MS-II-m-A-15624.02,Turn-clopotniţă,sat CEUAŞU DE CÂMPIE; comuna CEUAŞU DE CÂMPIE,200,1570
456,MS-II-m-A-15624.03,Zid de incintă,sat CEUAŞU DE CÂMPIE; comuna CEUAŞU DE CÂMPIE,200,1570
457,MS-II-a-A-15625,Ansamblul castelului,sat CHENDU; comuna BĂLĂUŞERI,200,înc. sec. XIX
458,MS-II-m-A-15625.01,Castel,sat CHENDU; comuna BĂLĂUŞERI,200,înc. sec. XIX
459,MS-II-m-A-15625.02,Zid incintă,sat CHENDU; comuna BĂLĂUŞERI,200,înc. sec. XIX
460,MS-II-m-B-15626,"Biserica de lemn ""Sf. Arhangheli”",sat CHEŢANI; comuna CHEŢANI,204,sec. XVIII
461,MS-II-m-B-15627,Cetate,sat CHIHERU DE SUS; comuna CHIHERU DE JOS,,sec. XIV - XV
462,MS-II-m-A-15628,Biserica reformată,sat CHINARI; comuna SÂNTANA DE MUREŞ,Str. Principală 140,"sec. XIII - XVI, ref. 1911"
463,MS-II-m-A-15629,"Biserica de lemn ""Sf. Arhangheli”",sat CHINCIUŞ; comuna ADĂMUŞ,f. n.,sec. XVIII
464,MS-II-m-A-15630,Biserica reformată,sat CIPĂU; oraş IERNUT,194,sec. XV - XVIII
465,MS-II-a-A-15631,Ansamblul bisericii evanghelice fortificate,sat CLOAŞTERF; comuna SASCHIZ,85,1500 - 1525
466,MS-II-m-A-15631.01,Biserica evanghelică fortificată,sat CLOAŞTERF; comuna SASCHIZ,85,1521 - 1524
467,MS-II-m-A-15631.02,Incinta fortificată,sat CLOAŞTERF; comuna SASCHIZ,85,1500 - 1525
468,MS-II-a-A-15632,Ansamblul castelului Tholdalagi,sat CORUNCA; comuna CORUNCA,376,1830
469,MS-II-m-A-15632.01,Turnul castelului Tholdalagi,sat CORUNCA; comuna CORUNCA,376,1830
470,MS-II-m-A-15632.02,Cripta familiei Tholdalagi,sat CORUNCA; comuna CORUNCA,376,1830
471,MS-II-m-A-15633,Biserica reformată,sat COTUŞ; comuna SÂNGEORGIU DE MUREŞ,48,1791
472, MS-II-a-A-15634," Ansamblul bisericii ""Sf. Arhangheli”", sat COZMA; comuna COZMA, Str. Principală 38, sec. XIV - XIX
473,MS-II-m-A-15634.01,"Biserica ""Sf. Arhangheli”",sat COZMA; comuna COZMA,Str. Principală 38,sec. XIV - XIX
474,MS-II-m-A-15634.02,Cimitir,sat COZMA; comuna COZMA,Str. Principală 38,sec. XIV
475,MS-II-a-A-15636,"Ansamblul bisericii de lemn ""Sf. Arhangheli”",sat CRĂCIUNEŞTI; comuna CRĂCIUNEŞTI,45,sec. XIX
476,MS-II-m-A-15636.01,"Biserica de lemn ""Sf. Arhangheli”",sat CRĂCIUNEŞTI; comuna CRĂCIUNEŞTI,45,sec. XIX
477,MS-II-m-A-15636.02,Clopotniţă,sat CRĂCIUNEŞTI; comuna CRĂCIUNEŞTI,45,sec. XIX
478,MS-II-m-A-15637,Biserica reformată,sat CRĂCIUNEŞTI; comuna CRĂCIUNEŞTI,547,1622
479,MS-II-m-B-20924.05,Pinten pod beton,sat CRIŞ; comuna DANEŞ,"La 5 km de municipiul Sighisoara, langa vechiul pod de sosea",sf. sec. XIX
480,MS-II-m-B-20924.06,Pod beton,sat CRIŞ; comuna DANEŞ,La 5 km de municipiul Sighişoara (pe amplasamentul vechiului pod din lemn),sf. sec. XIX
481, MS-II-m-B-20924.07, Haltă, sat CRIŞ; comuna DANEŞ," La 4 km de Sighişoara, pe traseul liniei înguste", sf. sec. XIX
482,MS-II-m-B-15638,"Casa Ioan Bethlen, apoi primărie",sat CRIŞ; comuna DANEŞ,176,sec. XVII - XIX
483,MS-II-a-A-15639,Ansamblul castelului Bethlen,sat CRIŞ; comuna DANEŞ,188-190,sec. XVI - XVIII
484,MS-II-m-A-15639.01,Castelul Georgius Bethlen,sat CRIŞ; comuna DANEŞ,188-190,sec. XVI - XVII
485,MS-II-m-A-15639.02,Castelul Alexius Bethlen,sat CRIŞ; comuna DANEŞ,188-190,sec. XVI - XVII
486,MS-II-m-A-15639.03,Incintă fortificată,sat CRIŞ; comuna DANEŞ,188-190,sec. XVI - XVII
487,MS-II-m-A-15639.04,Parcul şi criptele,sat CRIŞ; comuna DANEŞ,188-190,sec. XVIII
488,MS-II-m-A-15641,"Biserica reformată, cu turnul-clopotniţă",sat CUCI; comuna CUCI,113,"sec. XV - XIX, 1835 (clopotniţa)"
489,MS-II-m-B-15640,"Biserica de lemn ""Sf. Arhangheli”, cu clopotniţa",sat CUCI; comuna CUCI,228,"sec. XVII, sec. XIX"
490,MS-II-a-B-15642,Ansamblul castelului Degentfeld,sat CUCI; comuna CUCI,261,sec. XIX
491,MS-II-m-B-15642.01,Castelul Degentfeld,sat CUCI; comuna CUCI,261,sec. XIX
492,MS-II-m-B-15642.02,Parc,sat CUCI; comuna CUCI,261,sec. XIX
493,MS-II-m-A-15643,"Biserica reformată, cu turnul",sat CUIEŞD; comuna PĂNET,153,"înc. sec. XVII, 1800 (turn)"
494,MS-II-a-B-15645,"Ansamblul bisericii de lemn ""Sf. Arhangheli”",sat CULPIU; comuna CEUAŞU DE CÂMPIE,În cimitir,sec. XIX
495,MS-II-m-B-15645.01,"Biserica de lemn ""Sf. Arhangheli”",sat CULPIU; comuna CEUAŞU DE CÂMPIE,În cimitir,sec. XIX
496,MS-II-m-B-15645.02,Clopotniţă din lemn,sat CULPIU; comuna CEUAŞU DE CÂMPIE,În cimitir,sec. XIX
497,MS-II-m-B-15644,Clopotniţa de lemn a bisericii reformate,sat CULPIU; comuna CEUAŞU DE CÂMPIE,Str. Principală 74,sec. XIX
498,MS-II-m-A-15646,Biserica evanghelică,sat CUND; comuna BAHNEA,Str. Principală 36,"biserica sec. XIV-XV, turn 1804"
499,MS-II-m-A-15647,"Biserica de lemn ""Sf. Arhangheli”",sat aparţinător CUŞTELNIC; municipiul TÂRNĂVENI,,1780
500,MS-II-m-A-15648.03,Turn-clopotniţă,sat DAIA; comuna APOLD,74,sec. XIX
501,MS-II-a-A-15648,Ansamblul bisericii evanghelice fortificate,sat DAIA; comuna APOLD,140,sec. XV - XIX
502,MS-II-m-A-15648.01,Biserica evanghelică,sat DAIA; comuna APOLD,140,sec. XV - XIX
503,MS-II-m-A-15648.02,Incintă fortificată,sat DAIA; comuna APOLD,140,sec. XVI
504,MS-II-a-A-15649,Ansamblul bisericii evanghelice fortificate,sat DANEŞ; comuna DANEŞ,160,sec. XV - XVI
505,MS-II-m-A-15649.01,Biserica evanghelică fortificată,sat DANEŞ; comuna DANEŞ,160,sec. XV - XVI
506, MS-II-m-A-15649.02, Fragment de incintă fortificată cu turn clopotniţă, sat DANEŞ; comuna DANEŞ, 160, sec. XV - XVI
507,MS-II-m-A-15650,"Biserica ""Sf. Nicolae”",sat DANEŞ; comuna DANEŞ,393,1796
508,MS-II-m-B-15651,"Biserica de lemn ""Sf. Arhangheli”",sat DÂMBĂU; comuna ADĂMUŞ,Str. Cimitirului 11A,sec. XVIII
509,MS-II-m-A-15652,"Biserica de lemn ""Buna Vestire”",sat DEAG; oraş IERNUT,f. n.,sec. XVIII
510,MS-II-a-A-15653,"Ansamblul bisericii de lemn ""Sf. Arhangheli”",sat DEAG; oraş IERNUT,f. n.,1765
511,MS-II-m-A-15653.01,"Biserica de lemn ""Sf. Arhangheli”",sat DEAG; oraş IERNUT,f. n.,1765
512,MS-II-m-A-15653.02,Turn-clopotniţă,sat DEAG; oraş IERNUT,f. n.,1765
513,MS-II-m-A-15654,Reşedinţă nobiliară (Conacul Pataki ),sat DEAJ; comuna MICA,31,1910
514,MS-II-m-A-15655,Biserica unitariană,sat DEAJ; comuna MICA,108,1834
515,MS-II-m-A-15656,Biserică de lemn,sat DEAJ; comuna MICA,225,
516,MS-II-m-A-15657,Casă (Conacul Pap),sat DEAJ; comuna MICA,264,1796
517,MS-II-m-B-15658,Poarta de lemn a şcolii,sat DEDA; comuna DEDA,,
518,MS-II-m-B-15659,Biserica evanghelică,sat DEDRAD; comuna BATOȘ,42,cca. 1860
519,MS-II-m-B-15661,Biserica evanghelică fortificată,sat DELENII; comuna BĂGACIU,,sec. XVI - XVII
520,MS-II-m-A-15660,Clopotniţa de lemn a bisericii unitariene,sat DELENII; comuna BĂGACIU,Str. Bisericii,1699
521,MS-II-m-A-15662,Biserica reformată,sat DUMBRĂVIOARA; comuna ERNEI,297,1785
522,MS-II-m-A-15663,Castelul Teleky,sat DUMBRĂVIOARA; comuna ERNEI,340,sec. XVIII - XX
523,MS-II-m-A-15664,Biserica romano-catolică,sat DUMITRENI; comuna BĂLĂUŞERI,187,sec. XVII - XVIII
524,MS-II-a-A-15665,Ansamblul bisericii reformate,sat ERCEA; comuna BĂLA,90,sec. XV - XVIII
525,MS-II-m-A-15665.01,Biserica reformată,sat ERCEA; comuna BĂLA,90,sec. XV - XVIII
526,MS-II-m-A-15665.02,Turn-clopotniţă din lemn,sat ERCEA; comuna BĂLA,90,sec. XVIII
527,MS-II-m-A-15666,Biserica reformată,sat EREMIENI; comuna BERENI,141A,"sec. XV, transf. sec. XVI - XIX"
528,MS-II-m-B-15669,Ruine castel,sat EREMITU; comuna EREMITU,,
529,MS-II-m-A-15668,Biserica romano-catolică,sat EREMITU; comuna EREMITU,299,sec. XV
530,MS-II-m-A-15670,Biserica reformată,sat FÂNTÂNELE; comuna FÂNTÂNELE,66,sec. XIII - XVIII
531,MS-II-m-A-15671,Casa Lazar,sat FÂNTÂNELE; comuna FÂNTÂNELE,Str. Principală 81-82,sec. XVIII
532,MS-II-m-B-15672,Casă,sat FÂNTÂNELE; comuna FÂNTÂNELE,Str. Principală 83,înc. sec. XIX
533,MS-II-a-A-15674,Ansamblul bisericii evanghelice fortificate,sat FILITELNIC; comuna BĂLĂUŞERI,98,sec. XV - XVIII
534,MS-II-m-A-15674.01,Biserica evanghelică,sat FILITELNIC; comuna BĂLĂUŞERI,98,sec. XV - XVIII
535,MS-II-m-A-15674.02,"Incinta fortificată, cu turnurile",sat FILITELNIC; comuna BĂLĂUŞERI,98,sec. XV - XVIII
536,MS-II-m-A-15674.03,Casa parohială,sat FILITELNIC; comuna BĂLĂUŞERI,98,sec. XVII
537,MS-II-a-A-15673,Ansamblul bisericii reformate,sat FILPIŞU MARE; comuna BREAZA,146,sec. XIV - XVIII
538, MS-II-m-A-15673.01, Biserica reformată, sat FILPIŞU MARE; comuna BREAZA, 146, sec. XIV - XVII
539,MS-II-m-A-15673.02,Turn-clopotniţă din lemn,sat FILPIŞU MARE; comuna BREAZA,146,sec. XVIII
540,MS-II-m-A-15675,Biserica unitariană,sat GĂLĂŢENI; comuna PĂSĂRENI,,sec. XV - XVIII
541,MS-II-m-A-15677,Casa Tolnay,sat GĂLEŞTI; comuna GĂLEŞTI,Str. Principală 54,sec. XVII
542,MS-II-m-A-15679,Biserica romano-catolică,sat GĂNEŞTI; comuna GĂNEŞTI,490,1806 - 1809
543,MS-II-m-B-15680,Castelul Banffy,localitate componentă GHEJA; oraș LUDUŞ,"Str. Castelului 3, la marginea satului",înc. sec. XIX
544,MS-II-m-B-15681,Ruinele cetăţii Maka,sat GHINDARI; comuna GHINDARI,,sec. XIV
545,MS-II-m-B-15682,Biserica reformată,sat GHINDARI; comuna GHINDARI,460,sec. XVIII - XIX
546,MS-II-m-B-15683,"Biserica de lemn ""Sf. Arhangheli”",sat GLODENI; comuna GLODENI,328,sec. XVII
547,MS-II-m-B-15684,Conacul Teleki,sat GLODENI; comuna GLODENI,369,1872
548,MS-II-a-A-15686,Ansamblul bisericii reformate din Gogan - Varolea,sat GOGAN; comuna BAHNEA,199,sec. XIII - XVIII
549,MS-II-m-A-15686.01,Biserica reformată,sat GOGAN; comuna BAHNEA,199,sec. XIII - XVIII
550,MS-II-m-A-15686.02,Clopotniţă din lemn,sat GOGAN; comuna BAHNEA,199,sec. XVIII
551,MS-II-m-A-15686.03,Casa parohială,sat GOGAN; comuna BAHNEA,199,sec. XVI
552,MS-II-m-A-15687,Biserica reformată,sat GORENI; comuna BATOȘ,171,"sec. XVII, ref. 1889-1890"
553,MS-II-m-A-15688,Biserica reformată cu turnul-clopotniţă,sat GORNEŞTI; comuna GORNEŞTI,,"biserica sec. XV - XIX, turn 1797"
554,MS-II-a-A-15689,Ansamblul castelului Teleki,sat GORNEŞTI; comuna GORNEŞTI,479,sec. XVIII - XIX
555,MS-II-m-A-15689.01,Castelul Teleki,sat GORNEŞTI; comuna GORNEŞTI,479,1771 - 1778
556,MS-II-m-A-15689.02,Parc,sat GORNEŞTI; comuna GORNEŞTI,479,sec. XIX
557,MS-II-m-B-15690,"Biserica de lemn ""Sf. Arhangheli” şi ""Sf. Ioan Botezătorul”",sat GRINDENI; comuna CHEŢANI,134,sec. XVIII
558,MS-II-a-A-15691,Fabrica de porţelan,sat GURGHIU; comuna GURGHIU,,sec. XVII
559,MS-II-a-A-15692,Ansamblul castelului Bornemisza,sat GURGHIU; comuna GURGHIU,Str. Eroilor 2,sec. XVIII - XIX
560,MS-II-m-A-15692.01,Castelul Bornemisza,sat GURGHIU; comuna GURGHIU,Str. Eroilor 2,sec. XVIII - XIX
561,MS-II-m-A-15692.02,Capela Rakoczi şi turnul,sat GURGHIU; comuna GURGHIU,Str. Eroilor 2,"1730 (capela), 1867 (turnul)"
562,MS-II-m-A-15692.03,Parc dendrologic,sat GURGHIU; comuna GURGHIU,Str. Eroilor 2,sec. XIX
563,MS-II-m-A-15694,"Biserica de lemn ""Sf. Arhangheli”",sat HĂRŢĂU; comuna PĂNET,102,"1775, ref. 1824"
564,MS-II-a-A-15693,Ansamblul bisericii reformate,sat HĂRŢĂU; comuna PĂNET,119,sec. XIII - XIX
565,MS-II-m-A-15693.01,Biserica reformată,sat HĂRŢĂU; comuna PĂNET,119,sec. XIII
566,MS-II-m-A-15693.02,Clopotniţă din lemn,sat HĂRŢĂU; comuna PĂNET,119,1818
567,MS-II-m-B-15696,Biserica romano-catolică,sat HEREPEA; comuna ADĂMUŞ,,sec. XVI - XIX
568,MS-II-m-B-15697,Biserica unitariană,sat HEREPEA; comuna ADĂMUŞ,,sec. XIX
569,MS-II-m-A-15695,Biserica reformată cu turnul-clopotniţă,sat HEREPEA; comuna ADĂMUŞ,19,"sec. XIII - XIV, 1646 (turn)"
570,MS-II-m-A-15698,"Biserica ""Buna Vestire”",sat aparţinător HETIUR; municipiul SIGHIŞOARA,f. n.,1808
571,MS-II-m-A-15699,Biserica evanghelică,sat aparţinător HETIUR; municipiul SIGHIŞOARA,1,"biserica sec. XV, transf. sec. XVII, sec. XIX, turn- clopotniţă 1774 - 1775"
572,MS-II-m-A-15700,Biserica romano-catolică,sat HODOŞA; comuna HODOŞA,126,"sec. XIV - XVIII, sec. XIX"
573,MS-II-m-A-15701,"Biserica de lemn ""Sf. Arhangheli”",sat ICLANDU MARE; comuna ICLĂNZEL,,sec. XVIII
574,MS-II-m-B-15703,Casă,sat IDECIU DE JOS; comuna IDECIU DE JOS,Str. Principală 187,sec. XIX
575, MS-II-m-A-15704, Biserica reformată, oraş IERNUT,, sec. XV - XIX
576,MS-II-m-A-15705,Castelul Kornis-Rakoczy- Bethlen,oraş IERNUT,Str. Vladimirescu Tudor 4,sec. XVII
577,MS-II-m-A-15706,Biserica unitariană,sat ISLA; comuna HODOŞA,153,sec. XVII
578,MS-II-a-B-15707,Ansamblul castelului de vânătoare Lăpuşna,sat LĂPUŞNA; comuna IBĂNEŞTI,f. n.,1900 - 1930
579,MS-II-m-A-15708,"Biserica de lemn ""Sf. Nicolae”",sat LĂPUŞNA; comuna IBĂNEŞTI,f. n.,1779
580,MS-II-m-A-15709,Biserica reformată,sat LEORDENI; comuna GHEORGHE DOJA,,1815
581,MS-II-m-B-15710,"Biserica de lemn ""Sf. Arhangheli”",sat LEPINDEA; comuna BAHNEA,115,1796
582,MS-II-m-A-15711,Casa Bornemisza,sat LOGIG; comuna LUNCA,267,sec. XVIII
583,MS-II-m-B-15712,Casă,sat LOGIG; comuna LUNCA,Str. Principală 10,sf. sec. XIX
584,MS-II-m-B-15713,Casă,sat LOGIG; comuna LUNCA,Str. Principală 15,sf. sec. XIX
585,MS-II-m-B-15714,Casă,sat LOGIG; comuna LUNCA,Str. Principală 265,sf. sec. XIX
586,MS-II-m-A-15715,Biserica unitariană,sat MAIAD; comuna GĂLEŞTI,84,sec. XIV - XVIII
587,MS-II-m-A-15716,Castelul Bethlen,sat MĂDĂRAŞ; comuna MĂDĂRAŞ,42,1517
588,MS-II-m-B-15702,"Biserica de lemn ""Sf. Apostoli Petru şi Pavel”",sat MĂDĂRĂȘENI; comuna ICLĂNZEL,,sec. XVIII
589,MS-II-a-B-15717,"Ansamblu rural ""Str. Principală""",sat MĂGHERANI; comuna MĂGHERANI,"Str. Principală, ambele laturi",sf. sec. XIX
590,MS-II-a-A-15718,Ansamblul bisericii evanghelice,sat MĂGHERUŞ; comuna NADEŞ,114,sec. XIV - XIX
591,MS-II-m-A-15718.01,"Biserica evanghelică, cu turnul-clopotniţă",sat MĂGHERUŞ; comuna NADEŞ,114,sec. XIV - XVI
592,MS-II-m-A-15718.02,Zidul de incintă cu turnul poartă,de sat MĂGHERUŞ; comuna NADEŞ,114,"sec. XVI, transf. 1725 şi 1814"
593,MS-II-m-B-15719,Conacul Keresztes- Eperjesi (primăria comunei),sat MICA; comuna MICA,56,sf. sec. XVIII
594,MS-II-m-A-15720,"Biserica de lemn ""Sf. Arhangheli din Sântandrei”",oraş MIERCUREA NIRAJULUI,Str. Bisericii 14,1843
595,MS-II-a-A-15721,Ansamblul bisericii reformate din Sântana Nirajului,oraş MIERCUREA NIRAJULUI,Str. Sântana 119,sec. XV - XVIII
596,MS-II-m-A-15721.01,Biserica reformată,oraş MIERCUREA NIRAJULUI,Str. Sântana 119,sec. XV
597,MS-II-m-A-15721.02,Clopotniţă din lemn,oraş MIERCUREA NIRAJULUI,Str. Sântana 119,sec. XVIII
598,MS-II-m-B-15722,Casă,oraş MIERCUREA NIRAJULUI,Str. Trandafirilor 78,1908
599,MS-II-m-B-15723,Fosta Judecătorie de plasă,oraş MIERCUREA NIRAJULUI,Str. Trandafirilor 79,1905
600,MS-II-m-A-15724,Castelul Haller,sat MIHAI VITEAZU; comuna SASCHIZ,f. n.,sec. XVI - XVIII
601,MS-II-m-B-15725,Casă,sat MIHAI VITEAZU; comuna SASCHIZ,Str. Principală 28,1909
602,MS-II-m-A-15726,Biserica unitariană,sat MITREŞTI; comuna VĂRGATA,58,sec. XIII - XVII
603,MS-II-m-A-15727,"Biserica de lemn ""Sf. Arhangheli""",sat MOIŞA; comuna GLODENI,f. n.,1752
604,MS-II-a-B-15728,Ansamblu rural - case româneşti,sat MORĂRENI; comuna RUŞII MUNŢI,De la nr. 1-5,înc. sec. XX
605,MS-II-m-A-15729,Biserica reformată,sat MOŞUNI; oraş MIERCUREA NIRAJULUI,76,1780
606,MS-II-m-B-15730,"Biserica de lemn ""Sf. Arhangheli”",sat MURA MARE; comuna GORNEŞTI,,sec. XVII
607,MS-II-m-B-15731,"Biserica de lemn ""Sf. Arhangheli” şi ""Sf. Nicolae”",sat MURA MICĂ; comuna GORNEŞTI,"Pe deal, în cimitir",sec. XVII
608,MS-II-m-B-15732,"Poarta de lemn, în faţa bisericii de lemn ""Sf. Nicolae”",sat NADĂŞA; comuna BEICA DE JOS,163,1863
609,MS-II-m-A-15733,"Biserica de lemn ""Sf. Nicolae”",sat NADĂŞA; comuna BEICA DE JOS,163,1717
610,MS-II-a-A-15735,Ansamblul bisericii evanghelice fortificate,sat NADEŞ; comuna NADEŞ,1,sec. XIV - XVI
611,MS-II-m-A-15735.01,Biserica evanghelică,sat NADEŞ; comuna NADEŞ,1,sec. XIV - XV
612,MS-II-m-A-15735.02,Incintă fortificată,sat NADEŞ; comuna NADEŞ,1,sec. XV - XVI
613,MS-II-m-A-15734,Casa parohială a bisericii evanghelice,sat NADEŞ; comuna NADEŞ,3,1771 - 1789
614,MS-II-m-B-15635,"Biserica de lemn ""Sf. Nicolae” din Nicoleşti",sat NICOLEȘTI; comuna CRĂCIUNEŞTI,172A,sec. XVIII
615,MS-II-m-B-15736,Biserica de lemn,sat NIMA RÂCIULUI; comuna RÂCIU,60,1800
616,MS-II-m-A-15737,Castelul Haller,sat OGRA; comuna OGRA,466,sec. XVII
617,MS-II-a-A-15738,Ansamblul bisericii evanghelice,sat ORMENIŞ; comuna VIIŞOARA,Str. Principală 204,sec. XVI - XVIII
618,MS-II-m-A-15738.01,Biserica evanghelică,sat ORMENIŞ; comuna VIIŞOARA,Str. Principală 204,sec. XVI - XVIII
619,MS-II-m-A-15738.02,"Zidul de incintă, cu turnul- clopotniţă",sat ORMENIŞ; comuna VIIŞOARA,Str. Principală 204,sec. XVIII
620,MS-II-m-B-15739,"Biserica de lemn ""Sf. Arhangheli”-Ungureni",sat OROIU; comuna BAND,,"1690 - 1720, transf. 1953"
621,MS-II-m-A-15740,"Biserica de lemn ""Intrarea Maicii Domnului în Biserică”",sat OROIU; comuna BAND,150,"1784, transf. 1935"
622,MS-II-m-A-15741,Castelul Pekri,sat OZD; comuna BICHIŞ,5,"ante 1705, refăcut 1732"
623,MS-II-m-A-15742,Biserica reformată,sat PAPIU ILARIAN; comuna PAPIU ILARIAN,153,sec. XIV
624,MS-II-m-A-15744,"Biserica de lemn ""Sf. Arhangheli”",sat PĂCURENI; comuna GLODENI,7,sec. XVIII
625,MS-II-m-A-15743,Biserica reformată,sat PĂCURENI; comuna GLODENI,10,sec. XV
626,MS-II-m-A-15745,Castel,sat PĂNET; comuna PĂNET,,mijl. sec. XVIII
627,MS-II-a-A-15746,"Ansamblul bisericii de lemn ""Sf. Arhangheli”",sat PĂNET; comuna PĂNET,480,sec. XVIII - XIX
628,MS-II-m-A-15746.01,"Biserica de lemn ""Sf. Arhangheli”",sat PĂNET; comuna PĂNET,480,1740
629,MS-II-m-A-15746.02,Clopotniţă de lemn,sat PĂNET; comuna PĂNET,480,1848
630,MS-II-m-A-15747,Poartă din lemn,sat PĂNET; comuna PĂNET,"676, la intrarea în curtea bisericii reformate",1787
631,MS-II-a-A-15748,Ansamblul bisericii reformate,sat PERIŞ; comuna GORNEŞTI,271,sec. XIV - XVIII
632,MS-II-m-A-15748.01,Biserica reformată,sat PERIŞ; comuna GORNEŞTI,271,sec. XIV
633,MS-II-m-A-15748.02,Clopotniţă din lemn,sat PERIŞ; comuna GORNEŞTI,271,sec. XVIII
634,MS-II-m-B-15749,Biserica evanghelică,sat PETEA; comuna BAND,,sec. XIX
635,MS-II-a-A-15750,"Ansamblul bisericii de lemn ""Sf. Apostoli”",sat PETEA; comuna BAND,68,mijl. sec. XVIII
636,MS-II-m-A-15750.01,"Biserica de lemn ""Sf. Apostoli”",sat PETEA; comuna BAND,68,1741
637,MS-II-m-A-15750.02,Clopotniţă din lemn,sat PETEA; comuna BAND,68,1761
638,MS-II-a-A-15752,Ansamblu rural - case săseşti,sat PETELEA; comuna PETELEA,"Nr. 239, 370-372, 379, 385-389, 392, 396-398, 404, 407, 422-423, 425- 427, 430-435, 460, 553-554, 567, 570-574, 577-581, 593-594, 598- 601, 605-609, 621-623, 629-633, 636-637, 648-649, 654, 661-666, 674-680, 684, 686, 691-694.",sec. XVIII - XX
639,MS-II-a-B-15753,"Ansamblul bisericii de lemn ""Sf. Arhangheli”",sat PETELEA; comuna PETELEA,306,1750 - 1850
640,MS-II-m-B-15753.01,"Biserica de lemn ""Sf. Arhangheli”",sat PETELEA; comuna PETELEA,306,1761
641,MS-II-m-B-15753.02,Clopotniţă din lemn,sat PETELEA; comuna PETELEA,306,1848
642,MS-II-m-A-15754,"Biserica reformată, cu turn- clopotniţă",sat PETRILACA; comuna CUCI,,"1782 - 1786 (biserica), 1861 (turnul)"
643,MS-II-m-A-15755,"Biserica de lemn ""Sf. Ioan Botezătorul”",sat PORUMBENI; comuna CEUAŞU DE CÂMPIE,41,1749
644,MS-II-m-A-15756,"Biserica ""Sf. Nicolae”",sat RĂSTOLIŢA; comuna RĂSTOLIŢA,"322-323, în cimitirul vechi","1750, transf. sec. XIX"
645,MS-II-m-B-15757,"Biserica ""Înălţarea Domnului""",sat RÂPA DE JOS; comuna VĂTAVA,În cimitirul vechi,1757
646,MS-II-a-A-15758,"Ansamblul urban ""Centrul istoric""",municipiul REGHIN,Piaţa Petru Maior de la nr. 1-55 şi str. Mihai Viteazul până la intersecţia cu str. Porumbei,sec. XIX - XX
647,MS-II-a-A-15759,"Ansamblul urban ""Str. Petru Maior""",municipiul REGHIN,Str. Maior Petru de la nr. 4-55,
648,MS-II-a-A-15760,"Ansamblul urban ""Str. Republicii""",municipiul REGHIN,"Str. Republicii de la nr. 8-22, 24-32",sec. XIX
649,MS-II-a-A-15761,Ansamblul bisericii evanghelice,municipiul REGHIN,Str. Călăraşilor 1,sec. XIII - XIX
650,MS-II-m-A-15761.01,Biserica evanghelică,municipiul REGHIN,Str. Călăraşilor 1,sec. XIII - XIX
651,MS-II-m-A-15761.02,Casa parohială,municipiul REGHIN,Str. Călăraşilor 1,1670
652,MS-II-m-B-15762,"Şcoala confesională evanghelică, azi şcoală generală",municipiul REGHIN,Str. Călăraşilor 1,mijl. sec. XVIII
653,MS-II-m-B-15763,Casă,municipiul REGHIN,Str. Eminescu Mihai 1,mijl. sec. XIX
654,MS-II-m-B-15764,Casă,municipiul REGHIN,Str. Eminescu Mihai 5,sec. XIX
655,MS-II-m-B-15765,Casă,municipiul REGHIN,Str. Liliacului 1,sec. XIX
656,MS-II-m-B-15766,Casă,municipiul REGHIN,Piaţa Maior Petru 2,sec. XIX
657,MS-II-m-B-15767,Casă,municipiul REGHIN,Piaţa Maior Petru 8,sec. XIX
658,MS-II-m-B-15768,Casă,municipiul REGHIN,Piaţa Maior Petru 10,sec. XIX
659,MS-II-m-B-15769,Casă,municipiul REGHIN,Piaţa Maior Petru 17,sec. XIX
660,MS-II-m-B-15770,Casă,municipiul REGHIN,Piaţa Maior Petru 34,sec. XIX
661,MS-II-m-B-15771,Casă,municipiul REGHIN,Piaţa Maior Petru 35,1856
662,MS-II-m-B-15772,Casă,municipiul REGHIN,Piaţa Maior Petru 41,sec. XIX
663,MS-II-m-B-15773,Casa Roesler,municipiul REGHIN,Piaţa Maior Petru 55,1807
664,MS-II-m-A-15774,"Biserica de lemn ""Sf. Nicolae”",municipiul REGHIN,Str. Măcieşului 5,1725
665,MS-II-m-B-15775,Casă,municipiul REGHIN,Str. Mihai Viteazul 95,înc. sec. XIX
666,MS-II-m-B-15776,Casă,municipiul REGHIN,Str. Spitalului 1,înc. sec. XX
667,MS-II-a-A-15777,Muzeul Etnografic al Municipiului Reghin,municipiul REGHIN,Str. Vânătorilor 51,"1892, 1959"
668,MS-II-a-A-15778,Ansamblul bisericii reformate,sat RIGMANI; comuna NEAUA,148,sec. XVII - XIX
669,MS-II-m-A-15778.01,Biserica reformată,sat RIGMANI; comuna NEAUA,148,"1667, ref. 1880"
670,MS-II-m-A-15778.02,Turn-clopotniţă din lemn,sat RIGMANI; comuna NEAUA,148,1667
671,MS-II-m-A-15779,Biserica unitariană,sat ROUA; comuna FÂNTÂNELE,166,"sec. XVIII, turn 1723, refaceri sec. XIX"
672,MS-II-m-A-15780,Cetate de refugiu,sat SASCHIZ; comuna SASCHIZ,"Pe platoul unui deal, la vest de localitate",sec. XIV - XVIII
673,MS-II-s-A-15781,Situl rural Saschiz,sat SASCHIZ; comuna SASCHIZ,Sit delimitat cf. avizului de clasare 810/E/1998 al Ministerului Culturii,sec. XV - înc. sec. XX
674,MS-II-a-A-15782,Ansamblul bisericii evanghelice fortificate,sat SASCHIZ; comuna SASCHIZ,304,sec. XIV - XVIII
675,MS-II-m-A-15782.01,Biserica evanghelică fortificată,sat SASCHIZ; comuna SASCHIZ,304,1493 - 1525
676, MS-II-m-A-15782.02, Incinta cu turnul-clopotniţă, sat SASCHIZ; comuna SASCHIZ, 304," turn sec. XIV, incintă 1493 - 1525, supraînălţare turn 1678"
677,MS-II-m-A-15783,"Biserica de lemn ""Înălţarea Domnului”",sat SĂCALU DE PĂDURE; comuna BRÂNCOVENEŞTI,"18, în cimitirul vechi",1809
678,MS-II-a-A-15784,Ansamblul bisericii reformate,sat SĂRĂŢENI; comuna SĂRĂŢENI,268,sec. XV - XVIII
679,MS-II-m-A-15784.01,Biserica reformată,sat SĂRĂŢENI; comuna SĂRĂŢENI,268,"biserica sec. XVI, turn sec. XV - XVIII, ref. 1766"
680,MS-II-m-A-15784.02,Zidul de incintă,sat SĂRĂŢENI; comuna SĂRĂŢENI,268,sec. XV - XVIII
681,MS-II-m-A-15786,"Biserica de lemn ""Sf. Arhanghel Mihail şi Gavriil""",oraş SĂRMAŞU,Str. Sondelor 35,sec. XIX
682,MS-II-a-A-15785,"Ansamblul bisericii de lemn ""Sf. Arhangheli Mihail şi Gavriil”",sat SĂRMĂŞEL- GARĂ; oraş SĂRMAŞU,Str. Republicii 8,sec. XVII
683,MS-II-m-A-15785.01,"Biserica de lemn ""Sf. Arhangheli Mihail şi Gavriil”",sat SĂRMĂŞEL- GARĂ; oraş SĂRMAŞU,Str. Republicii 8,1692
684,MS-II-m-A-15785.02,Clopotniţă,sat SĂRMĂŞEL- GARĂ; oraş SĂRMAŞU,Str. Republicii 8,sec. XVII
685,MS-II-m-A-15787,Biserica reformată,sat SÂNCRAIU DE MUREŞ; comuna SÂNCRAIU DE MUREŞ,Str. Delureni 2,"sec. XIII (turn), 1901 (biserică)"
686,MS-II-m-A-15788,Biserica romano-catolică,sat SÂNCRAIU DE MUREŞ; comuna SÂNCRAIU DE MUREŞ,Str. Şcolii 317,sec. XIV - XVIII
687,MS-II-m-B-15789,Castelul Mariaffi,sat SÂNGEORGIU DE MUREŞ; comuna SÂNGEORGIU DE MUREŞ,Str. Principală 1225,1870
688,MS-II-m-A-15790,Tribunal,oraş SÂNGEORGIU DE PĂDURE,,sec. XVIII
689,MS-II-m-A-15791,"Biserica reformată, cu turnul-clopotniţă",oraş SÂNGEORGIU DE PĂDURE,Str. Rozelor 2,"sec. XIV, turn sec. XVIII, transf. sec. XX"
690,MS-II-m-A-15792,Castelul Rhedei,oraş SÂNGEORGIU DE PĂDURE,Str. Şcolii 8,sec. XVIII
691,MS-II-m-B-15793,"Biserica de lemn ""Sf. Arhangheli”",sat SÂNIŞOR; comuna LIVEZENI,83,sec. XVIII
692,MS-II-m-A-15795,"Biserica de lemn ""Sf. Arhangheli-Mănăstirea”",sat SÂNMARTINU DE CÂMPIE; comuna RÂCIU,292,sec. XVII
693,MS-II-m-A-15794,"Biserica de lemn ""Sf. Arhangheli"", cu clopotniţa",sat SÂNMĂRGHITA; comuna SÂNPAUL,122,sec. XVIII
694,MS-II-a-A-15798,Ansamblul castelului Haller,sat SÂNPAUL; comuna SÂNPAUL,264,sec. XVII - XVIII
695,MS-II-m-A-15798.01,Castelul Haller,sat SÂNPAUL; comuna SÂNPAUL,264,sec. XVII - XVIII
696,MS-II-m-A-15798.02,Grânar,sat SÂNPAUL; comuna SÂNPAUL,264A,sec. XVIII
697,MS-II-m-A-15796,Biserica romano-catolică,sat SÂNPAUL; comuna SÂNPAUL,266,sec. XIV - XVIII
698,MS-II-m-A-15799,Biserica reformată,sat SÂNPETRU DE CÂMPIE; comuna SÂNPETRU DE CÂMPIE,Str. Ciurgău 113,sec. XIV
699,MS-II-m-A-15800,Biserica reformată,sat SÂNTANA DE MUREŞ; comuna SÂNTANA DE MUREŞ,Str. Bisericii 109,sec. XIII - XIV
700,MS-II-m-A-15676,Biserica unitariană,sat SÂNVĂSII; comuna GĂLEŞTI,16,sec. XIV - XV
701,MS-II-m-B-15801,Casă ţărănească,sat SEBEŞ; comuna RUŞII MUNŢI,Str. Principală 5,înc. sec. XX
702,MS-II-a-A-15802,Ansamblul bisericii evanghelice fortificate,sat SELEUŞ; comuna ZAGĂR,73,sec. XV - XVIII
703, MS-II-m-A-15802.01, Biserica evanghelică, sat SELEUŞ; comuna ZAGĂR, 73," sec. XV - XVI, transf. 1678 şi 1795"
704,MS-II-m-A-15802.02,Incinta şi turnul-clopotniţă,sat SELEUŞ; comuna ZAGĂR,73,"turn 1758, incinta 1759"
705,MS-II-a-B-15803,Ansamblul bisericii evanghelice fortificate,sat SENEREUŞ; comuna BĂLĂUŞERI,78,sec. XVI - XIX
706,MS-II-m-B-15803.01,Biserica evanghelică,sat SENEREUŞ; comuna BĂLĂUŞERI,78,1870 - 1873
707,MS-II-m-B-15803.02,"Incinta fortificată, cu turnurile",sat SENEREUŞ; comuna BĂLĂUŞERI,78,sec. XVI - XVIII
708,MS-II-a-A-15678,Ansamblul castelului Rhédei-Rothenthal,sat SEUCA; comuna GĂNEŞTI,112,sec. XVIII - XIX
709,MS-II-m-A-15678.01,"Castelul Rhédei-Rothenthal, Corp A",sat SEUCA; comuna GĂNEŞTI,112,1898
710,MS-II-m-A-15678.02,"Castelul Rhédei-Rothenthal, Corp B",sat SEUCA; comuna GĂNEŞTI,112,sec. XVIII
711,MS-II-m-B-15804,Biserica de lemn,sat aparţinător SFÂNTU GHEORGHE; oraş IERNUT,f.n.,sec. XIX
712,MS-II-a-A-15805,"Ansamblu fortificaţii: intrarea fortificată,Turnul cu Ceas, Turnul Tăbăcarilor, Turnul Cositorarilor, Turnul Frânghierilor, Turnul Măcelarilor şi Bastionul Castaldo, Turnul Cojocarilor, Turnul Croitorilor, Turnul Cizmarilor, Turnul Fierarilor, curtinele",municipiul SIGHIŞOARA,"Turnul cu Ceas - Piaţa Muzeului nr. 1; accesul fortificat - str. Turnului; Turnul Tăbăcarilor - str. Cositorarilor 18; Turnul Cositorarilor - str. Cositorarilor nr. 11; Turnul Frânghierilor - str. Scării nr. 8; Turnul Măcelarilor şi Bastionul Castaldo - str. Cojocarilor nr. 15; Turnul Cojocarilor - str. Cojocarilor 12; Turnul Croitorilor - str. Zidul Cetăţii nr. 7; Turnul Cizmarilor - str. Zidul Cetăţii nr. 2; Turnul Fierarilor - Piaţa Muzeului nr. 9; curtinele cuprinse între turnuri, fără adrese poştale.",sec. XIV - XVIII
713,MS-II-s-A-15806,"Centrul istoric al municipiului Sighişoara, incluzând zona înscrisă Lista Patrimoniului Mondial",municipiul SIGHIŞOARA în,"N - str. Ştefan cel Mare cu ramificaţia, Bd. Libertăţii până la intersecţia cu str. Gh. Lazăr; NE - str.Gh. Lazăr; E - str. Horia Teculescu până la nr. 177; SE - str. N. Iorga; S - str. G. Coşbuc, Şt. O. Iosif, Păstorilor;",
714,MS-II-a-A-15807,"Ansamblul urban ""Str. Nouă""",municipiul SIGHIŞOARA,Str. Nouă de la nr. 2-6,sec. XIX
715,MS-II-a-B-20924,Linia ferată îngustă Brădeni- Sighişoara,municipiul SIGHIŞOARA,"Sat Apold, comuna Apold; sat Şaes, comuna Apold; municipiul Sighişoara; sat Criş, comuna Daneş",sf. sec. XIX
716,MS-II-m-B-20924.08,Pod metalic,municipiu SIGHIŞOARA,"La intrarea dinspre Agnita, pe traseul liniei înguste",sf. sec. XIX
717,MS-II-m-B-15808,Casă,municipiul SIGHIŞOARA,Str. 1 Decembrie 1918 7,sec. XIX
718,MS-II-m-A-15809,Casă,municipiul SIGHIŞOARA,Str. 1 Decembrie 1918 8,"1812, 1850 - 1900, modif. sec. XX"
719,MS-II-m-B-15810,Casă,municipiul SIGHIŞOARA,Str. 1 Decembrie 1918 13,sec. XIX
720,MS-II-m-A-15811,Casa Misselbacher,municipiul SIGHIŞOARA,Str. 1 Decembrie 1918 14,"sec. XVII, sec. XVIII, sec. XIX"
721,MS-II-m-B-15812,Casă,municipiul SIGHIŞOARA,Str. 1 Decembrie 1918 15,"1750, sec. XIX"
722,MS-II-m-A-15813,Casă,municipiul SIGHIŞOARA,Str. 1 Decembrie 1918 16,"1753, 1840"
723,MS-II-m-A-15814,Casă,municipiul SIGHIŞOARA,Str. 1 Decembrie 1918 18,1840
724,MS-II-m-A-15815,Casă,municipiul SIGHIŞOARA,Str. 1 Decembrie 1918 27,sf. sec. XIX
725,MS-II-m-B-15816,"Liceul ""Mircea Eliade”",municipiul SIGHIŞOARA,Str. 1 Decembrie 1918 31-33,1897
726,MS-II-m-A-15817,Casă,municipiul SIGHIŞOARA,Str. 1 Decembrie 1918 36,1872
727,MS-II-m-A-15819,Casă,municipiul SIGHIŞOARA,Str. 1 Decembrie 1918 38,1839
728,MS-II-m-A-15820,Casă,municipiul SIGHIŞOARA,Str. 1 Decembrie 1918 40,"1650 - 1750, 1808, 1875 - 1900"
729,MS-II-m-A-15821,Casă,municipiul SIGHIŞOARA,Str. 1 Decembrie 1918 47,"1785 - 1825, transf. sec. XX"
730,MS-II-m-A-15822,Casă,municipiul SIGHIŞOARA,Str. 1 Decembrie 1918 48,sec. XIX
731,MS-II-m-B-15823,Casă,municipiul SIGHIŞOARA,Str. 1 Decembrie 1918 50,"1750 - 1800, sf. sec. XIX"
732,MS-II-m-B-15824,Casă,municipiul SIGHIŞOARA,Str. 1 Decembrie 1918 51,1780 - 1830
733,MS-II-m-B-15828,Casă,municipiul SIGHIŞOARA,Str. 1 Mai 2,"1650 - 1760, sf. sec. XVIII"
734,MS-II-m-B-15829,Banca agricolă,municipiul SIGHIŞOARA,Str. 1 Mai 7,1913
735,MS-II-m-B-15830,Casă,municipiul SIGHIŞOARA,Str. 1 Mai 10,înc. sec. XX
736,MS-II-m-B-15831,Casă,municipiul SIGHIŞOARA,Str. Avram Iancu 2,sec. XIX
737,MS-II-m-A-15833,Casa Dobrian,municipiul SIGHIŞOARA,Str. Bastionului 1,sec. XVII
738,MS-II-m-A-15834,Casa Moldovan,municipiul SIGHIŞOARA,Str. Bastionului 2,"sec. XV, sec. XVIII, sec. XIX"
739,MS-II-m-A-15835,"Şcoala elementară a liceului ""Josef Haltrich""",municipiul SIGHIŞOARA,Str. Bastionului 3,"sf. sec. XVII, 1887 - 1920"
740,MS-II-m-A-15836,Casa Ewert,municipiul SIGHIŞOARA,Str. Bastionului 4,"sec. XVI, sec. XIX"
741,MS-II-m-A-15837,Casă,municipiul SIGHIŞOARA,Str. Bastionului 5,sec. XVII
742,MS-II-m-A-15838,Casă,municipiul SIGHIŞOARA,Str. Bastionului 7,sec. XVI - XVII
743,MS-II-m-A-15839,Casa Kootz,municipiul SIGHIŞOARA,Str. Bastionului 9,sec. XVII
744,MS-II-m-A-15840,Casă,municipiul SIGHIŞOARA,Str. Bastionului 11,"sec. XVII, înc. sec. XX"
745,MS-II-m-A-15842,"Fostul azil, azi casa Nikos Beloianis",municipiul SIGHIŞOARA,Str. Bălcescu Nicolae 4,"mijl. sec. XVIII, înc. sec. XIX"
746,MS-II-m-B-15843,Clădirea Parchetului,municipiul SIGHIŞOARA,Str. Bălcescu Nicolae 6,1903
747,MS-II-m-B-15848,Casă,municipiul SIGHIŞOARA,Str. Boiu Zaharia 9,1896
748,MS-II-m-B-15849,Casă,municipiul SIGHIŞOARA,Str. Boiu Zaharia 22,sec. XIX
749,MS-II-m-B-15850,Spital,municipiul SIGHIŞOARA,Str. Boiu Zaharia 29,1892 - 1896
750,MS-II-m-B-15976,"Casa în care a locuit Zaharia Boiu (1834-1903), poet publicist",municipiul şi SIGHIŞOARA,Str. Boiu Zaharia 33,înc. sec. XIX
751,MS-II-m-A-15851,Casa Krempels,municipiul SIGHIŞOARA,Piaţa Cetăţii 1,"sec. XV, sec. XVII"
752,MS-II-m-A-15853,Casa Kühn,municipiul SIGHIŞOARA,Piaţa Cetăţii 3,sec. XV - XVII
753,MS-II-m-A-15854,Casa Duldner,municipiul SIGHIŞOARA,Piaţa Cetăţii 6,"sec. XVII, transf. faţade sec. XIX"
754,MS-II-m-A-15855,Casa Wagner,municipiul SIGHIŞOARA,Piaţa Cetăţii 7,sec. XVIII
755,MS-II-m-A-15856,Casa Roman,municipiul SIGHIŞOARA,Piaţa Cetăţii 8,"sec. XV - XVI, sec. XIX"
756,MS-II-m-A-15857,Casa Dumitru Cartius,municipiul SIGHIŞOARA,Piaţa Cetăţii 9,sec. XVII - XIX
757,MS-II-m-A-15858,Casa Gh. Medrea,municipiul SIGHIŞOARA,Piaţa Cetăţii 10,sec. XV - XVII
758,MS-II-m-A-15859,Casă,municipiul SIGHIŞOARA,Piaţa Cetăţii 11,sec. XV - XIX
759,MS-II-m-A-15860,Casă,municipiul SIGHIŞOARA,Piaţa Cetăţii 13,"sec. XV, sec. XIX"
760,MS-II-m-B-15841,Casă,municipiul SIGHIŞOARA,Str. Chendi Ilarie 1,1750
761,MS-II-m-A-15861,Casa Nistor,municipiul SIGHIŞOARA,Str. Chendi Ilarie 2,sec. XIX
762,MS-II-m-B-15862,Casă,municipiul SIGHIŞOARA,Str. Chendi Ilarie 3,"1750 - 1825, modif. sec. XX"
763,MS-II-m-A-15863,Casa Duldner,municipiul SIGHIŞOARA,Str. Chendi Ilarie 6,"1776, sec. XIX"
764,MS-II-m-A-15864,Casă,municipiul SIGHIŞOARA,Str. Chendi Ilarie 8,"1617, sf. sec. XVIII - înc. sec. XIX, 1830"
765,MS-II-m-B-15845,Casă,municipiul SIGHIŞOARA,Str. Chendi Ilarie 10,1800
766,MS-II-m-B-15846,Casă,municipiul SIGHIŞOARA,Str. Chendi Ilarie 22,1850
767,MS-II-m-B-15865,Casă,municipiul SIGHIŞOARA,Str. Chendi Ilarie 24,sec. XIX
768,MS-II-m-B-15866,Casă,municipiul SIGHIŞOARA,Str. Chendi Ilarie 26,sf. sec. XVIII
769,MS-II-m-B-15847,Casă,municipiul SIGHIŞOARA,Str. Chendi Ilarie 28,1826
770,MS-II-m-A-15867,Casă,municipiul SIGHIŞOARA,Str. Chendi Ilarie 30,"1780 - 1820, cca. 1900"
771,MS-II-m-B-15868,Casă,municipiul SIGHIŞOARA,Str. Chendi Ilarie 33,"1798, sec. XIX, 1935"
772,MS-II-m-B-15869,Casă,municipiul SIGHIŞOARA,Str. Chendi Ilarie 41,"1700 - 1750, 1930 - 1945"
773,MS-II-m-B-15870,Casă,municipiul SIGHIŞOARA,Str. Chendi Ilarie 42,sf. sec. XVIII - înc. sec. XIX
774,MS-II-m-B-15871,Casă,municipiul SIGHIŞOARA,Str. Chendi Ilarie 44,1780 - 1820
775,MS-II-m-B-15872,Casă,municipiul SIGHIŞOARA,Str. Chendi Ilarie 46,sec. XIX
776,MS-II-m-B-15873,Casă,municipiul SIGHIŞOARA,Str. Chendi Ilarie 50,1850 - 1900
777,MS-II-m-B-15874,Casă,municipiul SIGHIŞOARA,Str. Chendi Ilarie 52,sec. XIX
778,MS-II-m-B-15875,Casă,municipiul SIGHIŞOARA,Str. Chendi Ilarie 54,"sec. XVII, sec. XVIII, sec. XX"
779,MS-II-m-B-15876,Casă,municipiul SIGHIŞOARA,Str. Chendi Ilarie 58,sec. XIX
780,MS-II-m-B-15877,Casă,municipiul SIGHIŞOARA,Str. Chendi Ilarie 60,sec. XIX
781,MS-II-m-B-15878,Casă,municipiul SIGHIŞOARA,Str. Chendi Ilarie 62,1700
782,MS-II-m-B-15879,Casă,municipiul SIGHIŞOARA,Str. Chendi Ilarie 64,1770
783,MS-II-m-B-15880,Casă,municipiul SIGHIŞOARA,Str. Chendi Ilarie 92,sec. XIX
784,MS-II-m-B-15916,Casă,municipiul SIGHIŞOARA,Str. Cloşca 37,sec. XIX
785,MS-II-m-A-15881,Casa Leonhardt,municipiul SIGHIŞOARA,Str. Cojocarilor 1,sec. XVIII - XX
786,MS-II-m-A-15882,Casa Roman S.,municipiul SIGHIŞOARA,Str. Cojocarilor 2,sec. XVII - XVIII
787,MS-II-m-A-15883,Casa Heinz,municipiul SIGHIŞOARA,Str. Cojocarilor 3-5,sec. XVII
788,MS-II-m-A-15884,Casa Morin,municipiul SIGHIŞOARA,Str. Cojocarilor 4,sec. XVIII
789,MS-II-m-A-15885,Casa Tichy,municipiul SIGHIŞOARA,Str. Cojocarilor 8,sec. XVII - XVIII
790,MS-II-m-A-15886,Casa Baschner,municipiul SIGHIŞOARA,Str. Cojocarilor 9,"sec. XVII - XVIII, sec. XX"
791,MS-II-m-A-15887,Casa Durutya-Ebner,municipiul SIGHIŞOARA,Str. Cojocarilor 11-13,sec. XVII - XVIII
792,MS-II-m-A-15888,Casa Wolf,municipiul SIGHIŞOARA,Str. Cositorarilor 1,sec. XVIII - XIX
793,MS-II-m-A-15889,Casa Bacon,municipiul SIGHIŞOARA,Str. Cositorarilor 2,"sec. XVIII, sec. XX"
794,MS-II-m-A-15890,Casa Loris,municipiul SIGHIŞOARA,Str. Cositorarilor 3,"sec. XVI - XVII, 1932"
795,MS-II-m-A-15891,Casa Wonnerth,municipiul SIGHIŞOARA,Str. Cositorarilor 4,"sec. XVI - XVII, sec. XIX, 1938"
796,MS-II-m-A-15892,Casa Fronius,municipiul SIGHIŞOARA,Str. Cositorarilor 5-7,"nr. 5: sec. XVI - XIX, nr. 7: sec. XVIII - XIX"
797,MS-II-m-A-15893,Casă,municipiul SIGHIŞOARA,Str. Cositorarilor 9,sec. XVIII - XIX
798,MS-II-m-A-15894,Consistoriul Districtual al bisericii evanghelice C.A.,municipiul SIGHIŞOARA,Str. Cositorarilor 10,sec. XVII - XVIII
799,MS-II-m-A-15895,"Casă, azi spaţiu comercial",municipiul SIGHIŞOARA,Str. Cositorarilor 12,"sec. XVIII, sec. XIX"
800,MS-II-m-A-15897,"Fostul sanatoriu, azi maternitatea",municipiul SIGHIŞOARA,Str. Gării 1,înc. sec. XX
801,MS-II-m-A-15899,Casa Augustin,municipiul SIGHIŞOARA,Piaţa Goga Octavian 1,"sec. XVIII - XIX, 1930 - 1940"
802,MS-II-m-A-15900,Casă,municipiul SIGHIŞOARA,Piaţa Goga Octavian 7,"sec. XVI, sec. XVIII, sec. XIX - XX"
803,MS-II-m-A-15901,Casă,municipiul SIGHIŞOARA,Piaţa Goga Octavian 8,"sec. XVIII, sec. XX"
804,MS-II-m-B-15902,Casă,municipiul SIGHIŞOARA,"Str. Grigorescu Eremia, general 1",1850
805,MS-II-m-B-15903,Casă,municipiul SIGHIŞOARA,"Str. Grigorescu Eremia, general 2",1800
806,MS-II-m-B-15904,Casă,municipiul SIGHIŞOARA,"Str. Grigorescu Eremia, general 3",1850
807,MS-II-m-B-15905,Casă,municipiul SIGHIŞOARA,Str. Horea 63,sec. XIX
808,MS-II-m-B-15906,Casă,municipiul SIGHIŞOARA,Str. Iorga Nicolae 7,"sf. sec. XIX, 1920 - 1930"
809,MS-II-m-B-15907,Casă,municipiul SIGHIŞOARA,Str. Iorga Nicolae 10,sec. XIX
810,MS-II-m-B-15908,Biserica reformată,municipiul SIGHIŞOARA,Str. Lazăr Gheorghe 2,1888
811,MS-II-m-A-15909,Casa Gagesch-Winter,municipiul SIGHIŞOARA,Str. Mănăstirii 1,"sec. XVII, sec. XX"
812,MS-II-m-A-15910,Casă,municipiul SIGHIŞOARA,Str. Mănăstirii 2,"sec. XVII, modif. sec. XIX"
813,MS-II-m-A-15911,Casa Gagesch,municipiul SIGHIŞOARA,Str. Mănăstirii 3,"sec. XVI, sec. XIX, înc. sec. XX"
814,MS-II-m-A-15912,Casa Teutsch,municipiul SIGHIŞOARA,Str. Mănăstirii 4,"sec. XVI, sec. XVIII, modif. 1850 -1915"
815,MS-II-m-A-15913,Casa Nichitoiu,municipiul SIGHIŞOARA,Str. Mănăstirii 6,"sec. XVII, modif. sec. XX"
816,MS-II-m-A-15914,Casa Schlosser,municipiul SIGHIŞOARA,Str. Mănăstirii 8,"sec. XVI - XVII, modif. sec. XX"
817,MS-II-m-B-15915,Casa Medrea,municipiul SIGHIŞOARA,Str. Mănăstirii 10,"1750 - 1800, sec. XIX - XX"
818,MS-II-m-A-15919,Casă,municipiul SIGHIŞOARA,Str. Morii 1,"sec. XVIII, sec. XX"
819,MS-II-m-A-15920,Casa Lotz,municipiul SIGHIŞOARA,Str. Morii 5,"1676 - 1700 (1688), sec. XIX"
820,MS-II-m-A-15921,Casă,municipiul SIGHIŞOARA,Str. Morii 7,"1782, 1900"
821,MS-II-m-A-15922,Casa Kellner,municipiul SIGHIŞOARA,Str. Morii 11,"sec. XVIII, sec. XX"
822,MS-II-m-A-15923,Casa Kunft şi Ticuşan,municipiul SIGHIŞOARA,Str. Morii 15,"sec. XVIII, sec. XX"
823,MS-II-m-A-15924,Casa Savoi,municipiul SIGHIŞOARA,Str. Morii 17,"1685 - 1750, sec. XX"
824,MS-II-m-A-15925,Casă,municipiul SIGHIŞOARA,Str. Morii 19,"1780, 1920 - 1930"
825,MS-II-m-A-15926,Casă,municipiul SIGHIŞOARA,Str. Morii 23,"sec. XVIII, sec. XIX"
826,MS-II-m-A-15927,Casa Szakacs,municipiul SIGHIŞOARA,Str. Morii 25,"1680, sec. XVIII - XIX"
827,MS-II-m-A-15928,Casa Beer,municipiul SIGHIŞOARA,Str. Morii 27,"sec. XVIII, sec. XIX"
828,MS-II-m-A-15929,Casă,municipiul SIGHIŞOARA,Str. Morii 29,sec. XVIII
829,MS-II-m-B-15930,Casă,municipiul SIGHIŞOARA,Str. Moţilor 8,sec. XIX
830,MS-II-m-B-15931,Casă,municipiul SIGHIŞOARA,Str. Moţilor 19,sec. XIX
831,MS-II-m-A-15932,Şcoală şi secţie a muzeului orăşenesc,municipiul SIGHIŞOARA,Piaţa Muzeului 3-4,"sec. XVI, 1676 - 1700, sec. XIX"
832,MS-II-m-A-15933,"Casa Paulinus-""Vlad Dracul""",municipiul SIGHIŞOARA,Piaţa Muzeului 5,1501
833,MS-II-m-A-15934,"Casa Hoch - Casa Veneţiană, azi Sediul Forumului Democrat al Germanilor Sighişoara şi cămin de bătrâni",municipiul SIGHIŞOARA din,Piaţa Muzeului 6,"sec. XV - XVI, sec. XVII, sec. XVIII, modificări 1891"
834,MS-II-m-A-15935,Primăria mun. Sighişoara,municipiul SIGHIŞOARA,Piaţa Muzeului 7,1887 - 1888
835,MS-II-m-A-15936,"Biserica fostei mănăstiri dominicane, azi biserică evanghelică, zisă Biserica Mănăstirii",municipiul SIGHIŞOARA,Piaţa Muzeului 8,"sec. XIII, 1492 - 1508, 1678, 1804, 1886"
836,MS-II-m-A-15937,"Fostul ""Magyar Casino""",municipiul SIGHIŞOARA,Piaţa Oberth Hermann 2,"1675 - 1700, 1850 -1900"
837,MS-II-m-A-15938,Casa Heinz,municipiul SIGHIŞOARA,Piaţa Oberth Hermann 3,"1650 - 1700, 1701 - 1711, 1800 - 1825"
838,MS-II-m-A-15939,Casa Taschler,municipiul SIGHIŞOARA,Piaţa Oberth Hermann 4,"1742, modif. sec. XX"
839,MS-II-m-A-15940,Casă,municipiul SIGHIŞOARA,Piaţa Oberth Hermann 5,"1700 - 1750, sf. sec. XIX - înc. sec. XX"
840,MS-II-m-A-15941,Casa Wultschner,municipiul SIGHIŞOARA,Piaţa Oberth Hermann 6,"1676, 1700-1750, transf. înc. sec. XIX, 1881, 1926"
841,MS-II-m-A-15942,"Fostul restaurant ""Heimat""",municipiul SIGHIŞOARA,Piaţa Oberth Hermann 9,"1700 - 1775, 1800 - 1825"
842, MS-II-m-A-15943, Casa Sartorius Baltes, municipiul SIGHIŞOARA, Piaţa Oberth Hermann 13, sf. sec. XVII - sec. XVIII
843,MS-II-m-A-15944,"Fostul sediu al asociaţiei breslaşilor, azi birouri, spaţiu comercial",municipiul SIGHIŞOARA,Piaţa Oberth Hermann 15,1898 - 1901
844,MS-II-m-B-15945,Casa Misselbacher,municipiul SIGHIŞOARA,Piaţa Oberth Hermann 16,sf. sec. XIX - înc. sec. XX
845,MS-II-m-A-15947,Casă,municipiul SIGHIŞOARA,Piaţa Oberth Hermann 20,sec. XIX
846,MS-II-m-A-15948,Casă,municipiul SIGHIŞOARA,Piaţa Oberth Hermann 21,"1600 - 1650, 1700 - 1750, 1800 - 1850"
847,MS-II-m-B-15949,Casa de cultură,municipiul SIGHIŞOARA,Piaţa Oberth Hermann 22,"1874 - 1876, 1930 - 1940"
848,MS-II-m-A-15950,"Casa în care a locuit Michael Albert (1836-1893), pedagog şi scriitor",municipiul SIGHIŞOARA,Piaţa Oberth Hermann 23,"1700 - 1725, 1820"
849,MS-II-m-A-15951,Casă,municipiul SIGHIŞOARA,Piaţa Oberth Hermann 24,"sf. sec. XVIII, 1800 - 1850"
850,MS-II-m-A-15952,Casă,municipiul SIGHIŞOARA,Piaţa Oberth Hermann 25,"1400 - 1450, 1800 - 1850"
851,MS-II-m-A-15953,Casă,municipiul SIGHIŞOARA,Piaţa Oberth Hermann 27,înc. sec. XIX
852,MS-II-m-A-15954,Casă,municipiul SIGHIŞOARA,Piaţa Oberth Hermann 29,"sec. XVII, 1720, 1875 - 1900"
853,MS-II-m-B-15955,Casă,municipiul SIGHIŞOARA,Piaţa Oberth Hermann 30-31,1870
854,MS-II-m-B-15956,Casă,municipiul SIGHIŞOARA,Piaţa Oberth Hermann 32,1902
855,MS-II-m-B-15957,Casă,municipiul SIGHIŞOARA,Piaţa Oberth Hermann 34,sf. sec. XIX
856,MS-II-m-B-15958,Casă,municipiul SIGHIŞOARA,Piaţa Oberth Hermann 35,"sec. XVIII, cca. 1820, sec. XX"
857,MS-II-m-B-15959,Casă,municipiul SIGHIŞOARA,Piaţa Oberth Hermann 36,"sec. XVIII, cca. 1910 - 1920"
858,MS-II-m-A-15960,Casa Schuller von Rosenthal,municipiul SIGHIŞOARA,Piaţa Oberth Hermann 37,"1694 - 1703, sec. XIX"
859,MS-II-m-A-15961,Casa Markus,municipiul SIGHIŞOARA,Piaţa Oberth Hermann 39,"sec. XVII - XVIII, sec. XIX"
860,MS-II-m-A-15962,Casa Wohl,municipiul SIGHIŞOARA,Piaţa Oberth Hermann 40,sec. XVIII - XIX
861,MS-II-m-A-15963,Casa Fink,municipiul SIGHIŞOARA,Piaţa Oberth Hermann 41,"sec. XVII - XVIII, sec. XIX"
862,MS-II-m-A-15964,Casă,municipiul SIGHIŞOARA,Piaţa Oberth Hermann 42,"sec. XVI, sec. XVIII"
863,MS-II-m-A-15965,Casa Jacobi,municipiul SIGHIŞOARA,Piaţa Oberth Hermann 43,"sec. XVII, 1876"
864,MS-II-m-A-15966,Casa Csutak,municipiul SIGHIŞOARA,Piaţa Oberth Hermann 44,"sec. XVI, 1676 - 1700, sec. XVIII"
865,MS-II-m-A-15967,Casa Weber,municipiul SIGHIŞOARA,Piaţa Oberth Hermann 45,"1600 - 1676, sec. XIX"
866,MS-II-m-A-15968,Casa Ungar,municipiul SIGHIŞOARA,Piaţa Oberth Hermann 46,"sec. XVII, sec. XIX"
867,MS-II-m-A-15969,Casa Manchen,municipiul SIGHIŞOARA,Piaţa Oberth Hermann 47,"sec. XVII, sec. XIX"
868,MS-II-m-A-15970,Casa Kroner,municipiul SIGHIŞOARA,Piaţa Oberth Hermann 48,"sec. XVI, modif. sec. XVIII"
869,MS-II-m-A-15971,Casa Welther,municipiul SIGHIŞOARA,Piaţa Oberth Hermann 49,sec. XVI
870,MS-II-a-A-15973,"Liceul ""J. Haltrich”",municipiul SIGHIŞOARA,Str. Scării 6,"sec. XVI (corpul vechi), 1901 (corpul nou)"
871,MS-II-m-A-15974,"Biserica evanghelică ""Din Deal”",municipiul SIGHIŞOARA,Str. Scării 10,"sec. XIII, sec. XIV, 1429 - 1483, 1525"
872,MS-II-m-B-15975,Casă,municipiul SIGHIŞOARA,Str. Sever Axente 57,1668
873,MS-II-a-B-15977,Uzina electrică,municipiul SIGHIŞOARA,"Str. Şaguna Andrei, mitropolit 8","uzina 1903 - 1904, birourile 1906, corpul central"
874,MS-II-m-A-15978,"Scara de lemn, acoperită",municipiul SIGHIŞOARA,Str. Şcolii f.n.,1656
875,MS-II-m-A-15979,Casa cu cerb,municipiul SIGHIŞOARA,Str. Şcolii 1,"1250 - 1599, 1693, sec. XVIII"
876,MS-II-m-A-15980,Casa Mild,municipiul SIGHIŞOARA,Str. Şcolii 2,"cca. 1700, sf. sec. XIX"
877,MS-II-m-A-15981,"Fosta primărie a oraşului, azi hotel ""Sighişoara""",municipiul SIGHIŞOARA,Str. Şcolii 4-6,"sec. XVI - XVIII, 1886 - 1889"
878,MS-II-m-A-15982,Casa Wagner,municipiul SIGHIŞOARA,Str. Şcolii 7,"sec. XVI, sec. XVIII, sec. XX"
879,MS-II-m-A-15983,Casa Virgil Mârzea,municipiul SIGHIŞOARA,Str. Şcolii 8,"sec. XVI - XVII, sec. XIX"
880,MS-II-m-A-15984,Casa Dr. J. Bacon,municipiul SIGHIŞOARA,Str. Şcolii 9,"sec. XVII - XVIII, sec. XX"
881,MS-II-m-A-15985,Casa Essigmann,municipiul SIGHIŞOARA,Str. Şcolii 10,"sec. XVII - XVIII, sec. XX"
882,MS-II-m-A-15986,Casa Leonhardt,municipiul SIGHIŞOARA,Str. Şcolii 11,"sec. XVII - XVIII, sec. XX"
883,MS-II-m-A-15987,Casa Fronius,municipiul SIGHIŞOARA,Str. Şcolii 13,"sec. XVII - XVIII, sec. XIX - XX"
884,MS-II-m-A-15988,"Casa ""Sachsen Heim""",municipiul SIGHIŞOARA,Str. Şcolii 14,"sec. XVIII, sec. XIX - XX"
885,MS-II-m-A-15989,Casa Haraszty,municipiul SIGHIŞOARA,Str. Şcolii 15,"sec. XVII - XVIII, 1890"
886,MS-II-m-A-15990,Casa Fabini,municipiul SIGHIŞOARA,"Str. Şcolii 16, Tâmplarilor nr. 11","sec. XVII, modif. 1902"
887,MS-II-m-A-15991,Casa Teutsch,municipiul SIGHIŞOARA,Str. Şcolii 17,sec. XVII
888,MS-II-m-B-15992,Casă,municipiul SIGHIŞOARA,Str. Ştefan cel Mare 21,sec. XIX
889,MS-II-m-B-15993,Casă,municipiul SIGHIŞOARA,Str. Ştefan cel Mare 23,sec. XIX
890,MS-II-m-B-15994,Casă,municipiul SIGHIŞOARA,Str. Ştefan cel Mare 25,sec. XIX
891,MS-II-m-B-15995,Casă,municipiul SIGHIŞOARA,Str. Ştefan cel Mare 27,sec. XIX
892,MS-II-m-A-15996,"Biserica leproşilor (""Siechhof”)",municipiul SIGHIŞOARA,Str. Ştefan cel Mare 34,"1647, 1684, 1814, 1854"
893,MS-II-m-A-15997,Casa Zapotofski,municipiul SIGHIŞOARA,Str. Tâmplarilor 1,1700 – 1725
894,MS-II-m-A-15998,Casă,municipiul SIGHIŞOARA,Str. Tâmplarilor 2,"1600 - 1625, 1700 - 1730, ext. cca. 1930"
895,MS-II-m-A-15999,Casa Steiner,municipiul SIGHIŞOARA,Str. Tâmplarilor 3,"1600 - 1625, 1683, 1700 - 1750"
896,MS-II-m-A-16000,Casa Nagy,municipiul SIGHIŞOARA,Str. Tâmplarilor 4,"1675 - 1750, sec. XIX"
897,MS-II-m-A-16001,Casă,municipiul SIGHIŞOARA,Str. Tâmplarilor 5,"1600 - 1650, sec. XX"
898,MS-II-m-A-16002,Casă,municipiul SIGHIŞOARA,Str. Tâmplarilor 7,"casa: 1700 - 1725, sec. XX; poarta: 1800 - 1850"
899,MS-II-m-A-16003,Casa Lighner,municipiul SIGHIŞOARA,Str. Tâmplarilor 8,"1750 - 1800, sec. XX"
900,MS-II-m-A-16004,Casa Şerbu,municipiul SIGHIŞOARA,Str. Tâmplarilor 9,"1675 - 1700, 1800 - 1850"
901,MS-II-m-A-16005,Casa Markus,municipiul SIGHIŞOARA,Str. Tâmplarilor 12,"1600 - 1650, 1678, 1775 - 1800, 1825 - 1850"
902,MS-II-m-A-16006,Casa Zikely,municipiul SIGHIŞOARA,Str. Tâmplarilor 14,"sf. sec. XVII, 1700 - 1750"
903,MS-II-m-A-16007,Casa Zatler,municipiul SIGHIŞOARA,Str. Tâmplarilor 18,"sec. XVII, 1800 - 1850"
904,MS-II-m-A-16008,Casa Klein şi Klemenzy,municipiul SIGHIŞOARA,Str. Tâmplarilor 24,"1576, sf. sec. XVI, 1600 - 1625"
905,MS-II-m-B-16009,Casă,municipiul SIGHIŞOARA,Str. Tâmplarilor 26,"sec. XIX, 1910 - 1911"
906,MS-II-m-A-16010,Casa Richter,municipiul SIGHIŞOARA,Str. Tâmplarilor 28,sec. XVIII
907,MS-II-m-A-16011,Casa Ernest,municipiul SIGHIŞOARA,Str. Tâmplarilor 30,"1716, 1800 - 1850"
908,MS-II-m-A-16012,Casa Gross,municipiul SIGHIŞOARA,Str. Tâmplarilor 34,sec. XVII
909,MS-II-m-A-16013,Casa Kuntz,municipiul SIGHIŞOARA,Str. Tâmplarilor 38,1600 - 1625
910,MS-II-m-A-16014,Casa Hohr,municipiul SIGHIŞOARA,Str. Tâmplarilor 40,"1700 - 1725, 1800 - 1825"
911,MS-II-m-B-16015,Casă,municipiul SIGHIŞOARA,Str. Teculescu Horia 1,"sf. sec. XVIII, sec. XX"
912,MS-II-m-B-16016,Casă,municipiul SIGHIŞOARA,Str. Teculescu Horia 3,"sf. sec. XVIII, 1850 - 1900"
913,MS-II-m-B-16017,Casă,municipiul SIGHIŞOARA,Str. Teculescu Horia 4,"sf. sec. XVIII, 1829, 1920"
914,MS-II-m-B-16018,Casă,municipiul SIGHIŞOARA,Str. Teculescu Horia 5,"sf. sec. XVIII, sec. XIX - XX"
915,MS-II-m-B-16020,Casă,municipiul SIGHIŞOARA,Str. Teculescu Horia 13,sec. XIX
916,MS-II-m-B-16021,Casă,municipiul SIGHIŞOARA,Str. Teculescu Horia 26,"sf. sec. XVIII, modif. sec. XIX"
917,MS-II-m-B-16022,"Casă, azi Întreprinderea şi Vinului",Viei municipiul SIGHIŞOARA,Str. Teculescu Horia 34-38,sec. XIX
918,MS-II-m-A-16023,Casa Lang,municipiul SIGHIŞOARA,Str. Turnului 4,"sec. XVII, 1820"
919,MS-II-m-A-16024,Casa Weisskopf,municipiul SIGHIŞOARA,Str. Turnului 5,"sec. XVII, 1734"
920,MS-II-m-A-16025,Casa Onea,municipiul SIGHIŞOARA,Str. Turnului 7,sec. XVII
921,MS-II-m-A-16026,"Biserica ""Intrarea Maicii Domnului în Biserică”",municipiul SIGHIŞOARA,Str. Varga Ecaterina 22,"1788 - 1797, 1822"
922,MS-II-m-A-16027,Casa Jakody,municipiul SIGHIŞOARA,Str. Zidul Cetăţii 3,1772
923,MS-II-m-A-16028,Casă,municipiul SIGHIŞOARA,Str. Zidul Cetăţii 4,"1787, sec. XX"
924,MS-II-m-A-16029,Casa Mureşan,municipiul SIGHIŞOARA,Str. Zidul Cetăţii 5,"1776, sec. XX"
925,MS-II-m-B-16030,Casă,municipiul SIGHIŞOARA,Str. Zidul Cetăţii 9,"sf. sec. XVIII, modif. sec. XX"
926,MS-II-m-B-16031,Casă,municipiul SIGHIŞOARA,Str. Zidul Cetăţii 11,"sec. XVIII, modif. sec. XX"
927,MS-II-m-B-16032,Casa parohială reformată,oraş SOVATA,Str. Principală 120,înc. sec. XX
928,MS-II-m-B-16033,Casa Bernady,oraş SOVATA,Str. Trandafirilor 133,1929
929,MS-II-m-A-16034,"Biserica de lemn ""Sf. Arhangheli”, cu clopotniţa",sat SUB PĂDURE; comuna GĂNEŞTI,"""Dealul Bisericii"", în centrul comunei","sec. XVII, absidă sec. XVIII"
930,MS-II-m-A-16035,Biserica unitariană,sat SUPLAC; comuna SUPLAC,Str. Principală 82,1699
931,MS-II-m-A-16036,Ruinele bisericii reformate,sat SUSENI; comuna SUSENI,Str. Principală 160,sec. XVI
932,MS-II-m-B-20924.04,Halta Şaeş,sat ŞAEŞ; comuna APOLD,"La km. 10+100, la ieşirea spre Sighişoara",sf. sec. XIX
933,MS-II-m-A-16037,"Biserica ""Schimbarea la Faţă”",sat ŞAEŞ; comuna APOLD,135,1805 - 1821
934,MS-II-a-A-16038,Ansamblul bisericii evanghelice fortificate,sat ŞAEŞ; comuna APOLD,159,"1500 - 1525, sec. XVII - XIX"
935, MS-II-m-A-16038.01, Biserica evanghelică, sat ŞAEŞ; comuna APOLD, 159, 1820 - 1832
936,MS-II-m-A-16038.02,"Incinta fortificată (fragmente), turn şi spaţii de depozitare fortificate",sat ŞAEŞ; comuna APOLD,159,"1500 - 1525, sec. XVIII, sec. XIX"
937,MS-II-m-B-16039,Conacul Szilvássy,municipiul TÂRNĂVENI,Str. Eminescu Mihai 15,1800
938,MS-II-m-B-16040,Palat,municipiul TÂRNĂVENI,Piaţa Primăriei 7,1878
939,MS-II-m-B-16041,Casă,municipiul TÂRNĂVENI,Piaţa Primăriei 8,mijl. sec. XVIII
940,MS-II-m-A-16042,Biserica unitariană,municipiul TÂRNĂVENI,Piaţa Primăriei 9,"sf. sec. XIII - sec. XVI, sec. XVIII - XIX"
941,MS-II-m-B-16043,Casă,municipiul TÂRNĂVENI,Str. Republicii 24,sf. sec. XIX
942,MS-II-m-B-16044,Fostul sediu al Comitatului Turda,municipiul TÂRNĂVENI,Str. Republicii 30,1878
943,MS-II-m-B-16045,Fostul Cazinou,municipiul TÂRNĂVENI,Str. Republicii 56,sec. XIX
944,MS-II-m-B-16046,"Fostul sediu al Băncii ""Vulturul""",municipiul TÂRNĂVENI,Str. Republicii 69,sec. XIX
945,MS-II-m-B-16047,Şcoală,municipiul TÂRNĂVENI,Str. Republicii 92,1888
946,MS-II-m-B-16048,Casa Beldy,municipiul TÂRNĂVENI,Str. Stadionului 2,1860
947,MS-II-m-B-16049,Şcoala de Cooperaţie Târnăveni,municipiul TÂRNĂVENI,Piaţa Trandafirilor 10,1880
948,MS-II-m-B-16050,Biserica reformată,sat TONCIU; comuna FĂRĂGĂU,135,1410 - 1450
949,MS-II-a-B-16051,"Ansamblul rural ""Str. Principală""",sat TORBA; comuna MĂGHERANI,"Str. Principală nr. 4, 5, 10, 12, 20-26, 31, 46, 49, 54, 62, 64, 112.",sf. sec. XIX
950,MS-II-m-A-16052,Curia Dósa-Barátosi,sat TREI SATE; comuna GHINDARI,244,sec. XVIII
951,MS-II-m-A-16053,Biserica unitariană,sat TREI SATE; comuna GHINDARI,517,1798
952,MS-II-m-A-16055,"Biserica de lemn ""Sf. Arhangheli”, cu clopotniţa",sat TROIŢA; comuna GĂLEŞTI,92,"sec. XVII, sec. XVIII"
953,MS-II-m-A-16054,Turnul bisericii romano- catolice,sat TROIŢA; comuna GĂLEŞTI,203,sec. XV
954,MS-II-a-B-16056,"Ansamblul rural ""Centrul istoric""",sat ŢIGMANDRU; comuna NADEŞ,"Nr. 36-41, 45-66, 68-74, 81-106, 108- 133, 135-140, 202-239, 241-259, 264-279, 281-293, 294-299, 303- 308, 310-313.",mijl. sec. XIX
955,MS-II-m-B-16057,"Biserica de lemn ""Schimbarea la Faţă”",sat ŢIPTELNIC; comuna BAND,29,"1777, 1798, 1876, 1896"
956,MS-II-m-A-15610,Castelul Bethlen,sat ŢOPA; comuna ALBEŞTI,111,sec. XVII
957,MS-II-m-B-16058,Biserica evanghelică şi turnul-clopotniţă,sat UILA; comuna BATOȘ,114,"1728, 1778"
958, MS-II-a-A-16059," Ansamblul bisericii de lemn ""Sf. Arhangheli”", sat URISIU DE JOS; comuna CHIHERU DE JOS," 104, în cimitirul vechi", sec. XVIII - XIX
959,MS-II-m-A-16059.01,"Biserica de lemn ""Sf. Arhangheli”",sat URISIU DE JOS; comuna CHIHERU DE JOS,"104, în cimitirul vechi","1747, 1848"
960,MS-II-m-A-16059.02,Clopotniţă de lemn,sat URISIU DE JOS; comuna CHIHERU DE JOS,"104, în cimitirul vechi",sec. XVIII
961,MS-II-m-A-16060,"Biserica de lemn ""Sf. Treime”, cu clopotniţa",sat URISIU DE SUS; comuna CHIHERU DE JOS,178,"sec. XVIII, 1852"
962,MS-II-m-B-16061,Biserica reformată,sat VĂLENII; comuna ACĂŢARI,21,"sec. XIII - XV, modif. sec. XIX"
963,MS-II-m-A-16062,"Biserica de lemn ""Sf. Nicolae”",sat VĂLENII; comuna ACĂŢARI,232A,1696
964,MS-II-m-A-16063,Biserica reformată,sat VĂLENII DE MUREŞ; comuna BRÂNCOVENEŞTI,296,sec. XVI
965,MS-II-m-A-16064,Casa parohială a bisericii reformate,sat VÂNĂTORI; comuna VÂNĂTORI,63,sf. sec. XIX
966,MS-II-m-A-16065,Biserica romano-catolică,sat VEŢCA; comuna VEŢCA,45,1741
967,MS-II-m-A-16066,Biserica evanghelică,sat VIIŞOARA; comuna VIIŞOARA,Str. Principală 500,"sec. XV, sec. XVI – XVII, sec. XIX"
968,MS-II-m-A-16067,Biserica reformată,sat VOIVODENI; comuna VOIVODENI,Str. Bisericii 507,sec. XV - XVIII
969,MS-II-a-A-16068,Ansamblul conacului Zichy,sat VOIVODENI; comuna VOIVODENI,Str. Principală 160,sec. XVIII
970,MS-II-m-A-16069,Biserica evanghelică,sat VULCAN; comuna APOLD,16,"sec. XVI, 1680"
971,MS-II-a-A-16070,Ansamblul bisericii evanghelice fortificate,sat ZAGĂR; comuna ZAGĂR,,sec. XVII - XVIII
972,MS-II-m-A-16070.01,Biserica evanghelică,sat ZAGĂR; comuna ZAGĂR,,1783 - 1784
973,MS-II-m-A-16070.02,Incinta fortificată cu turnurile şi bastionul,sat ZAGĂR; comuna ZAGĂR,,"1640, 1653"
974,MS-II-m-B-16071,Casă,sat ZAGĂR; comuna ZAGĂR,27,sec. XIX
975,MS-II-m-B-16072,Casă,sat ZAGĂR; comuna ZAGĂR,284,sec. XX
976,MS-II-a-A-16073,Ansamblul castelului Ugron,sat ZAU DE CÂMPIE; comuna ZAU DE CÂMPIE,Str. Parcului 10,1911
977,MS-II-m-A-16073.01,Castelul Ugron,sat ZAU DE CÂMPIE; comuna ZAU DE CÂMPIE,Str. Parcului 10,1911
978,MS-II-m-A-16073.02,Parc dendrologic,sat ZAU DE CÂMPIE; comuna ZAU DE CÂMPIE,Str. Parcului 10,sec. XX
979,MS-II-m-B-16074,Casă,sat ZAU DE CÂMPIE; comuna ZAU DE CÂMPIE,Str. Republicii 5,sf. sec. XIX
980,MS-III-m-A-16076,Bustul lui Alexandru Papiu Ilarian,municipiul TÂRGU MUREŞ,Piaţa Bernady György,1930
981,MS-III-m-A-16075,"Monumentul ""Bolyai""",municipiul TÂRGU MUREŞ,Piaţa Bolyai,1950 - 1960
982,MS-III-m-A-16077,Monumentul Secuilor Martiri,municipiul TÂRGU MUREŞ,Calea Secuilor Martiri,1874
983,MS-III-m-A-16078,"Monumentul ecvestru ""Avram Iancu”",municipiul TÂRGU MUREŞ,"Piaţa Trandafirilor, în faţa catedralei ortodoxe",1978
984,MS-III-m-A-16079,"Monumentul ""Lupa Capitolina”",municipiul TÂRGU MUREŞ,"Piaţa Victoriei 3, în faţa Palatului Prefecturii",1936
985,MS-III-m-B-16080,Monumentul lui Petöfi Sandor,sat ALBEŞTI; comuna ALBEŞTI,Str. Muzeului 97,1949
986,MS-III-m-B-16081,Bustul lui Vasile Moldovan,sat CHIRILEU; comuna SÂNPAUL,În centrul satului,sec. XX
987,MS-III-m-B-16082,Monumentul eroilor români căzuţi în cel de-al doilea război mondial,sat OARBA DE MUREŞ; oraş IERNUT,"f.n., pe dealul de lângă sat",1950 - 1975
988,MS-III-m-A-16083,"Turnul ""La Chip”",municipiul SIGHIŞOARA,"""La Podei”, pe şoseaua Sighişoara- Mediaş",1469
989,MS-III-m-B-16084,Bustul lui Zaharia Boiu,municipiul SIGHIŞOARA,"Str. Boiu Zaharia, lângă biserica ortodoxă ""Intrarea Maicii Domnului în Biserică""",1937
990,MS-III-m-B-16085,Bustul lui Ilarie Chendi,municipiul SIGHIŞOARA,"Str. Chendi Ilarie, în grădina publică",sec. XX
991, MS-III-m-B-16086, Pictură religioasă, sat VĂLENII DE MUREŞ; comuna BRÂNCOVENEŞTI,, sec. XIX
992,MS-IV-m-B-16087,Monument funerar Nagy Lajos,municipiul TÂRGU MUREŞ,În cimitirul reformat,1927
993,MS-IV-m-B-16088,Monument funerar Petelei Istvan,municipiul TÂRGU MUREŞ,În cimitirul romano-catolic,1910
994,MS-IV-m-B-16089,Monumentul funerar Borsos Tamas,municipiul TÂRGU MUREŞ,În cimitirul reformat,1634
995,MS-IV-m-B-16090,Monumentul funerar Bernady György,municipiul TÂRGU MUREŞ,În cimitirul reformat,1938
996,MS-IV-a-A-16092,Ansamblul funerar Farkas Janos Bolyai,şi municipiul TÂRGU MUREŞ,"Str. Crizantemelor 4, Cimitirul reformat","1884, 1894"
997,MS-IV-m-B-16093,Criptă,municipiul TÂRGU MUREŞ,"Str. Crizantemelor 4, Cimitirul reformat","1698, reconst. 1947"
998,MS-IV-m-B-16094,Monumentul funerar al Simo Geza,lui municipiul TÂRGU MUREŞ,"Str. Crizantemelor 4, Cimitirul reformat",1946
999,MS-IV-m-B-16096,"Fostul sediu al ""Asociaţiei Generale a Muncitorilor Târgu-Mureş""",municipiul TÂRGU din MUREŞ,Str. Mihai Viteazul 14,mijl. sec. XIX
1000,MS-IV-m-B-16098,Mormântul artistei dramatice Kantor Anna,municipiul TÂRGU MUREŞ,"Str. Papiu Ilarian Alexandru 21, în cimitirul romano-catolic",1856
1001,MS-IV-m-B-16095,Monument funerar al protopopului Ştefan Rusu,municipiul TÂRGU MUREŞ,"Str. Şaguna Andrei, mitropolit 13",sec. XX
1002,MS-IV-m-A-16099,Cripta Degentfeld,sat CUCI; comuna CUCI,În cimitir,1850 - 1900
1003,MS-IV-m-A-16100,Cripta Teleky Samuel,sat DUMBRĂVIOARA; comuna ERNEI,Str. Cimitirului f. n.,1772
1004,MS-IV-m-A-15685,Cripta Teleki,sat GLODENI; comuna GLODENI,,1802
1005,MS-IV-m-A-16101,Cripta Teleki,sat GORNEŞTI; comuna GORNEŞTI,f. n.,1764
1006,MS-IV-m-B-16102,Casa în care a locuit Simion Mândrescu (1868-1917),sat RÂPA DE JOS; comuna VĂTAVA,,mijl. sec. XIX
1007,MS-IV-a-B-16103,Cimitirul evreiesc,municipiul REGHIN,"Sub ""Pădurea rotundă""",sec. XVIII - XIX
1008,MS-IV-m-B-16104,Monumentul funerar al Florea Bogdan,lui municipiul REGHIN,În cimitirul ortodox,1960
1009,MS-IV-m-B-16105,Monumentul funerar al Ariton M. Popa,lui municipiul REGHIN,În cimitirul ortodox,1946
1010,MS-IV-m-B-16106,Mormântul lui Ioan Harsia,municipiul REGHIN,În cimitirul ortodox,1953
1011,MS-IV-m-B-16107,Monumentul funerar al Patriciu Barbu,lui municipiul REGHIN,În cimitirul ortodox,1900
1012,MS-IV-m-B-16108,Cavoul lui Vasile Ladislau Pop,municipiul REGHIN,În cimitirul ortodox,1870
1013,MS-IV-m-B-16097,"Casa în care s-a născut Virgil Oniţiu, pedagog, scriitor istoric literar",municipiul REGHIN şi,Str. Mihai Viteazul 87,sec. XIX
1014,MS-IV-m-B-16109,Casa în care a funcţionat Consiliul Naţional Român Judeţean (1912-1919),municipiul REGHIN,Str. Spitalului 10,sf. sec. XIX
1015, MS-IV-m-B-16110, Mormântul lui Ioan Duma, sat SĂCALU DE PĂDURE; comuna BRÂNCOVENEŞTI, În cimitir, sec. XIX
1016,MS-IV-m-B-16111,Mormântul lui Mihail Fulea,sat SĂCALU DE PĂDURE; comuna BRÂNCOVENEŞTI,În cimitir,sec. XIX
1017,MS-IV-m-A-15797,Capela Haller,sat SÂNPAUL; comuna SÂNPAUL,În cimitir,1745 - 1760
1018,MS-IV-m-B-16112,Mormântul botanistului Johann Christian Baumgarten,municipiul SIGHIŞOARA,În cimitirul evanghelic de pe dealul Cetăţii,sec. XIX
