Nr. crt.,Cod LMI,Denumire,Localitate,Adresă,Datare
1,SB-I-s-A-11925,Situl arheologic de la Sibiu,"municipiul SIBIU ""Fântâna","Rece"", Cartier Guşteriţa",
2,SB-I-m-A-11925.01,Necropolă de incineraţie,"municipiul SIBIU ""Fântâna km Dealul","Rece"", Cartier Guşteriţa, la 5 E de extremitatea intravilanului, pe Cocoşului",sec. VIII - X
3,SB-I-m-A-11925.02,Ateliere meşteşugăreşti,"municipiul SIBIU ""Fântâna km Dealul","Rece"" Cartier Guşteriţa, la 5 E de extremitatea intravilanului, pe Cocoşului",sec. II - III p.Chr.
4,SB-I-m-A-11925.03,Aşezare,"municipiul SIBIU ""Fântâna km Dealul","Rece"" Cartier Guşteriţa, la 5 E de extremitatea intravilanului, pe Cocoşului","sec. II a. Chr., Cultura geto - dacică"
5,SB-I-s-A-11926,Aşezare,municipiul SIBIU Pe,teritoriul cartierului Guşteriţa,sec. II - III p. Chr.
6,SB-I-s-A-11927,Situl arheologic de la Agnita,oraş AGNITA Pârâul,Cetăţii,sec. II - III p. Chr.
7,SB-I-m-A-11927.01,Aşezare,oraş AGNITA Pârâul,Cetăţii,sec. II - III p. Chr.
8,SB-I-m-A-11927.02,Necropolă,oraş AGNITA Pârâul,Cetăţii,sec. II - III p. Chr.
9,SB-I-s-A-11928,Aşezare,sat ALȚÂNA; La comuna ALȚÂNA,NV de extremitatea intravilanului,sec. XII - XIII
10,SB-I-s-B-11930,"Situl arheologic de la Apoldu de Jos, punct ""Între Apoalde""","sat APOLDU DE ""Între JOS; comuna Rodeni” APOLDU DE JOS distanţei de","Apoalde”, (pt. obiectivul 1), „La (pt. obiectivul 4), la jumătatea dintre Apoldu de Jos şi Apoldu Sus",sec. II - III p. Chr.
11,SB-I-m-B-11930.01,Drum,"sat APOLDU DE ""Între JOS; comuna Rodeni” APOLDU DE JOS distanţei de","Apoalde” (pt. obiectivul 1), „La (pt. obiectivul 4), la jumătatea dintre Apoldu de Jos şi Apoldu Sus",sec. II - III p. Chr.
12,SB-I-m-B-11930.02,Necropolă,"sat APOLDU DE ""Între JOS; comuna Rodeni” APOLDU DE JOS distanţei de","Apoalde” (pt. obiectivul 1), „La (pt. obiectivul 4), la jumătatea dintre Apoldu de Jos şi Apoldu Sus",sec. II - III p. Chr.
13,SB-I-m-B-11930.03,Villa rustica,"sat APOLDU DE ""Între JOS; comuna Rodeni” APOLDU DE JOS distanţei de","Apoalde” (pt. obiectivul 1), „La (pt. obiectivul 4), la jumătatea dintre Apoldu de Jos şi Apoldu Sus",sec. II - III p. Chr.
14,SB-I-s-A-11931,"Situl arheologic de la Apoldu de Jos, punct ""Rostat""","sat APOLDU DE ""Rostat”, JOS; comuna intravilan APOLDU DE JOS Jos","pe panta estică, la 300 m S de şi la 700 m V de DC Apoldu de - Apoldu de Sus",sec. II - III p. Chr.
15,SB-I-s-A-11932,Villa rustica,"sat APOLDU DE ""Curtea SUS; oraş extremitatea MIERCUREA Jos SIBIULUI Jos","Velii”, la 2 km S de intravilanului Apoldu de şi la 800 - 900 m V de CF Apoldu de - Apoldu de Sus",sec. II - III p. Chr.
16,SB-I-s-A-11933,Situl arheologic de la Apoldu de Sus,sat APOLDU DE La SUS; oraş Apoldu MIERCUREA Apoalde” SIBIULUI,"200 m de aşezarea romană de la de Jos, din punctul ""Între",
17,SB-I-m-A-11933.01,Aşezare,sat APOLDU DE La SUS; oraş Apoldu MIERCUREA Apoalde”,"200 m de aşezarea romană de la de Jos, din punctul ""Între","Latène, Cultura geto - dacică"
18,SB-I-m-A-11933.02,Aşezare,sat APOLDU DE La SUS; oraş Apoldu MIERCUREA Apoalde” SIBIULUI,"200 m de aşezarea romană de la de Jos, din punctul ""Între","Epoca bronzului, Cultura Wietenberg"
19,SB-I-s-A-11934,"Situl arheologic de la Apoldu de Sus, punct ""Apold""","sat APOLDU DE ""Apold"" SUS; oraş MIERCUREA SIBIULUI",,sec. II - III p. Chr.
20,SB-I-m-A-11934.01,Urme de locuire,"sat APOLDU DE ""Apold"", SUS; oraş versantului MIERCUREA SIBIULUI","la V de Apold, pe pantele Frunţilor",sec. IX - XIII
21, SB-I-m-A-11934.02, Urme de locuire," sat APOLDU DE ""Apold"", SUS; oraş versantului MIERCUREA SIBIULUI"," la V de Apold, pe pantele Frunţilor", sec. IV - V
22,SB-I-m-A-11934.03,Fermă agricolă,"sat APOLDU DE ""Curtea SUS; oraş versantului MIERCUREA SIBIULUI","Velii"", la V de Apold, pe pantele Frunţilor",sec. II - III p. Chr.
23,SB-I-s-A-11935,Aşezare rurală,sat APOLDU DE La SUS; oraş Sus MIERCUREA SIBIULUI,"E de drum, 2 km NE de Apoldu de",sec. II - III p. Chr.
24,SB-I-s-A-11936,Situl arheologic de la Apoldu de Sus,sat APOLDU DE La SUS; oraş vestic MIERCUREA SIBIULUI,"1 km V de sat, sub coama versantului al platoului ""Livejoare”",sec. II - III p. Chr.
25,SB-I-s-A-11937,Situl arheologic de la Arpaşul de Sus,"sat ARPAŞUL DE ""Calea SUS; comuna ""Cetăţeaua” ARPAŞUL DE JOS","Fânului”, (pt. obiectivele 1, 2), (pt. obiectivul 3)",
26,SB-I-m-A-11937.01,Aşezare fortificată,"sat ARPAŞUL DE ""Cetăţeaua"", SUS; comuna ARPAŞUL DE JOS",pe platoul Tinosu,"sec. I a.Chr.- I p.Chr., Cultura geto - dacică"
27,SB-I-m-A-11937.02,Aşezare,"sat ARPAŞUL DE ""Calea SUS; comuna ""Cetăţeaua” ARPAŞUL DE JOS platoul","Fânului” (pt. obiectivele 1, 2), (pt. obiectivul 3), pe Tinosu",Hallstatt
28,SB-I-m-A-11937.03,Aşezare dacică fortificată,"sat ARPAŞUL DE ""Calea SUS; comuna ""Cetăţeaua” ARPAŞUL DE JOS platoul","Fânului” (pt. obiectivele 1, 2), (pt. obiectivul 3), pe Tinosu",
29,SB-I-s-A-11938,Situl arheologic de la Aţel,"sat AŢEL; comuna ""Motz"", AŢEL",intravilan,sec. II - III p. Chr.
30,SB-I-s-A-11939,Fortificaţie de pământ,sat AŢEL; comuna La AŢEL,SV de extremitatea intravilanului,
31, SB-I-s-A-11940, Situl arheologic de la Biertan, sat BIERTAN; Intravilan comuna BIERTAN,, sec. II - III p. Chr.
32,SB-I-m-A-11940.01,Locuire,sat BIERTAN; Intravilan comuna BIERTAN,,sec. IV p. Chr.
33,SB-I-m-A-11940.02,Aşezare rurală,sat BIERTAN; Intravilan comuna BIERTAN,,sec. II - III p. Chr.
34,SB-I-s-A-11941,Situl arheologic de la Biertan,sat BIERTAN; La comuna BIERTAN,400 m E de sat,sec. XIII
35,SB-I-s-A-11942,Situl arheologic de la Boarta,sat BOARTA; Intravilan comuna ŞEICA MARE,,sec. II - III p. Chr.
36,SB-I-s-A-11943,"Situl arheologic de la Boarta, punct ""Cetăţuia""","sat BOARTA; ""Cetăţuia” comuna ŞEICA MARE",,
37,SB-I-m-A-11943.01,Aşezare,"sat BOARTA; ""Cetăţuia” comuna ŞEICA MARE",,Hallstatt
38,SB-I-m-A-11943.02,Aşezare,"sat BOARTA; ""Cetăţuia” comuna ŞEICA MARE",,Neolitic
39,SB-I-s-A-11944,"Situl arheologic de la Boarta, punct ""Saivan""","sat BOARTA; ""Saivan”, comuna ŞEICA 100 MARE NV",terasa dealului Zapozii la cca. m V de Pinul Zapozii şi la cca. 50 m de DJ Boarta - Buia,sec. VI - VII
40,SB-I-s-A-11945,Aşezare,sat BOGATU La ROMÂN; comuna PĂUCA,extremitatea sudică a intravilanului,"Latène, Cultura geto - dacică"
41,SB-I-s-A-11946,Situl arheologic de la Boiţa,"sat BOIŢA; comuna ""Rudele” BOIŢA",,sec. II - III p. Chr.
42,SB-I-m-A-11946.01,Castellum,"sat BOIŢA; comuna ""Rudele”, BOIŢA Oltului","la 500 m E de sat, pe terasa",sec. II - III p. Chr.
43,SB-I-m-A-11946.02,Construcţii civile,"sat BOIŢA; comuna ""Rudele”, BOIŢA Oltului","la 500 m E de sat, pe terasa",sec. II - III p. Chr.
44,SB-I-s-A-11948,Aşezare,"sat aparținător ""Poiana BRADU; oraş Caşolţului AVRIG","cu şopruri”, pe versantul",Neolitic
45,SB-I-s-B-11949,Aşezare,sat aparținător Intravilan BRADU; oraş AVRIG,,Epoca bronzului târziu - înc. Hallstatt
46,SB-I-s-B-11950,Situl arheologic de la Bratei,"sat BRATEIU; La comuna BRATEIU Aţel,","E de sat, pe terasa Târnavei spre între km 2-3 de DC Bratei - Aţel",
47,SB-I-m-A-11950.01,Aşezare,"sat BRATEIU; La comuna BRATEIU Aţel,","E de sat, pe terasa Târnavei spre între km 2-3 de DC Bratei - Aţel",sec. XII - XIII
48,SB-I-m-A-11950.02,Aşezare,"sat BRATEIU; La comuna BRATEIU Aţel,","E de sat, pe terasa Târnavei spre între km 2-3 de DC Bratei - Aţel",sec. VI - VIII
49,SB-I-m-A-11950.03,Aşezare,"sat BRATEIU; La comuna BRATEIU Aţel,","E de sat, pe terasa Târnavei spre între km 2-3 de DC Bratei - Aţel",sec. IV - V
50,SB-I-m-A-11950.04,Aşezare,"sat BRATEIU; La comuna BRATEIU Aţel,","E de sat, pe terasa Târnavei spre între km 2-3 de DC Bratei - Aţel",Epoca romană
51,SB-I-m-A-11950.05,Aşezare,"sat BRATEIU; La comuna BRATEIU Aţel,","E de sat, pe terasa Târnavei spre între km 2-3 de DC Bratei - Aţel","Latène, Cultura geto - dacică"
52,SB-I-s-B-11951,Necropolă tumulară de incineraţie,"sat BRĂDENI; ""Dealul comuna BRĂDENI dealului","Bradului”, versantul de S al",sec. II - III p. Chr.
53,SB-I-s-B-11952,Aşezare,sat BUIA; comuna La ŞEICA MARE,NE de marginea intravilanului,"Latène, Cultura geto - dacică"
54,SB-I-s-B-11953,Situl arheologic de la Caşolţ,"sat CAŞOLŢ; ""Pepinieră” comuna ROŞIA","şi ""Tăietură”",
55,SB-I-m-B-11953.01,Aşezare,"sat CAŞOLŢ; ""Pepinieră” comuna ROŞIA Valea Caşolt, parte","şi ""Tăietură”, între râul Bradului şi şoseaua Bradu - ca şi pe Dealul lui Dan, de o şi de alta a pârâului Highiului",sec. II - III p. Chr.
56,SB-I-m-B-11953.02,Necropolă,"sat CAŞOLŢ; ""Pepinieră” comuna ROŞIA Valea Caşolt,","şi ""Tăietură”, între râul Bradului şi şoseaua Bradu - ca şi pe Dealul lui Dan, de o",sec. II - III p. Chr.
57,SB-I-s-B-11954,Necropolă birituală,"sat CAŞOLŢ; ""Trei comuna ROŞIA","Morminţi” sau ""La stejar”",Hallstatt
58,SB-I-s-B-11955,Aşezare,"sat CAŞOLŢ; ""Poiana comuna ROŞIA",în pisc”,"Neolitic, Cultura Petreşti"
59,SB-I-s-B-11956,Situl arheologic de la Cisnădie,"oraş CISNĂDIE ""Cetatea”",,
60,SB-I-m-B-11956.01,Biserica romanică,"oraş CISNĂDIE ""Cetatea”,","intravilan, sat Cisnădioara",Epoca medievală
61,SB-I-m-B-11956.02,Aşezare,"oraş CISNĂDIE ""Cetatea”,","intravilan, sat Cisnădioara","Latène, Cultura geto - dacică"
62,SB-I-s-B-11957,Situl arheologic de la Copşa Mică,"oraş COPŞA MICĂ ""Cetatea”,",situat pe terasa Târnavei,sec. I a.Chr. - I p.Chr.
63,SB-I-m-B-11957.01,Aşezare,"oraş COPŞA MICĂ ""Cetatea”,",situat pe terasa Târnavei,sec. I a.Chr. - I p.Chr.
64,SB-I-m-B-11957.02,Aşezare,"oraş COPŞA MICĂ ""Cetatea”",,"sec. I a.Chr. - I p.Chr., Cultura geto - dacică"
65,SB-I-s-B-11959,Aşezare rurală,sat CRISTIAN; La comuna CRISTIAN,"E de sat, pe malul Cibinului",sec. II - III p. Chr.
66,SB-I-s-B-11960,Necropolă de incineraţie,oraş DUMBRĂVENI Cariera,de lut din cartier Saroş,sec. IV - III a. Chr.
67,SB-I-s-B-11961,Situl arheologic de la Hamba,sat HAMBA; La comuna ŞURA MARE,2 km SE de sat,sec. II - III p. Chr.
68,SB-I-m-B-11961.01,Aşezare,sat HAMBA; La comuna ŞURA MARE,2 km SE de sat,sec. II - III p. Chr.
69,SB-I-m-B-11961.02,Aşezare,sat HAMBA; La comuna ŞURA MARE,2 km SE de sat,"Latène, Cultura geto - dacică"
70,SB-I-s-B-11962,Aşezare rurală,sat HOSMAN; Intravilan comuna NOCRICH,,sec. II - III p. Chr.
71,SB-I-s-B-11963,Fortificaţie de pământ,"municipiul MEDIAŞ ""Pe","Cetate”, la NV de oraş",Hallstatt
72,SB-I-s-B-11964,"Situl arheologic de la Mediaş, punct ""Teba""","municipiul MEDIAŞ ""Teba”, terenul",la extremitatea V a oraşului pe fabricii Vitrometan,sec. III - II a.Chr
73,SB-I-m-B-11964.01,Urme de locuire,"municipiul MEDIAŞ ""Teba”, terenul Vitrometan","la extremitatea V a oraşului, pe (cariera de nisip) a fabricii",sec. XII
74,SB-I-m-B-11964.02,Necropolă,"municipiul MEDIAŞ ""Teba”, terenul Vitrometan","la extremitatea V a oraşului, pe (cariera de nisip) a fabricii",sec. V
75,SB-I-m-B-11964.03,Aşezare,"municipiul MEDIAŞ ""Teba”, terenul Vitrometan","la extremitatea V a oraşului, pe (cariera de nisip) a fabricii","sec. III - II a. Chr., Cultura geto - dacică"
76,SB-I-s-B-11965,Necropolă de incineraţie,"municipiul MEDIAŞ ""Poderei”",,sec. IV a. Chr.
77,SB-I-s-B-11966,"Situl arheologic de la Mediaş, punct ""Baia de Nisip""","municipiul MEDIAŞ ""Baia",de Nisip”,
78,SB-I-m-B-11966.01,Aşezare,"municipiul MEDIAŞ ""Baia",de Nisip”,"Latène, Cultura geto - dacică"
79,SB-I-m-B-11966.02,Necropolă,"municipiul MEDIAŞ ""Baia",de Nisip”,sec. III - IV p. Chr.
80,SB-I-m-B-11966.03,Aşezare,"municipiul MEDIAŞ ""Baia",de Nisip”,Hallstatt
81,SB-I-m-B-11966.04,Aşezare,"municipiul MEDIAŞ ""Baia",de Nisip”,"Epoca bronzului, Cultura Wietenberg"
82,SB-I-m-B-11966.05,Necropolă,"municipiul MEDIAŞ ""Baia",de Nisip”,Neolitic
83,SB-I-s-B-11967,"Situl arheologic de la Mediaş, punct ""Gura Câmpului""","municipiul MEDIAŞ ""Gura",Câmpului”,
84,SB-I-m-B-11967.01,Aşezare,"municipiul MEDIAŞ ""Gura",Câmpului”,Epoca daco-romană
85,SB-I-m-B-11967.02,Aşezare,"municipiul MEDIAŞ ""Gura",Câmpului”,Hallstatt
86,SB-I-s-B-11968,Necropolă de incineraţie,"municipiul MEDIAŞ ""Dealul Mare Târnăveni","Furcilor”, la N de râul Târnava şi intersecţia dintre şoseaua spre şi cea spre Dârlos",sec. IX - X
87,SB-I-s-A-11969,Situl arheologic de la Micăsasa,sat MICĂSASA; În comuna MICĂSASA,centrul satului,
88,SB-I-m-A-11969.01,Urme de locuire,sat MICĂSASA; În comuna MICĂSASA biserică marginea,"centrul satului, zona dintre gară şi şi la S de intravilan, între intravilanului şi Tîrnava",sec. IV - VI
89,SB-I-m-A-11969.02,Aşezare romană,sat MICĂSASA; În comuna MICĂSASA,centrul satului,Epoca romană
90,SB-I-m-A-11969.03,Aşezare rurală,sat MICĂSASA; În comuna MICĂSASA biserică marginea,"centrul satului, zona dintre gară şi şi la S de intravilan, între intravilanului şi Tîrnava",sec. II - III p. Chr.
91,SB-I-s-B-11970,Mansio,"sat MIERCUREA La BĂI; oraş Barcu, MIERCUREA şoseaua SIBIULUI","S de localitate, pe malul pârâului în dreptul băilor, la 100 m S de natională Sibiu - Sebeş",sec. II - III p. Chr.
92,SB-I-s-B-11971,Fermă,"oraş MIERCUREA ""Secaş"", SIBIULUI la intravilanului punctul","la poalele platoului Secaşelor, 2 km NV de extremitatea Miercurea şi la N de Secaş",sec. II - III p. Chr.
93,SB-I-s-B-11972,Fermă,"oraş MIERCUREA La SIBIULUI intravilanului, platoului Miercurea","2 km V de extremitatea pe malul stâng al Gârbova, între pârâu şi DC Sibiului - Gârbova",sec. II - III p. Chr.
94,SB-I-s-B-11973,Fermă,"oraş MIERCUREA ""Coşcane”, SIBIULUI comunei Secaş,",la extremitatea hotarului Miercurea dinspre platoul pe o pantă a podişului Secaşelor,sec. II - III p. Chr.
95,SB-I-s-B-11974,Construcţie romană,"oraş MIERCUREA La SIBIULUI Barcu, Miercurea","S de localitate, pe malul pârâului la S de actuala staţiunea Băi,",sec. II - III p. Chr.
96,SB-I-s-B-11975,Necropola Latene de la Moşna,"sat MOŞNA; ""Burgweg” comuna MOŞNA",,"sec. I p.Chr., Cultura geto - dacică"
97,SB-I-s-B-11976,Aşezare,oraş OCNA La SIBIULUI,5 km N de oraş,"sec. I a.Chr. - I p.Chr., Cultura geto - dacică"
98,SB-I-s-B-11977,Aşezare,oraş OCNA Intravilan SIBIULUI,,sec. II - IV p. Chr.
99,SB-I-s-B-11978,Aşezare,"oraş OCNA ""Zmiţe”, SIBIULUI",la 5 km E de oraş,sec. II - III p. Chr.
100,SB-I-s-B-11979,Situl arheologic de la Ocna Sibiului,"oraş OCNA ""Rocoteciu” SIBIULUI",,sec. I a.Chr. - I p.Chr.
101,SB-I-m-B-11979.01,Urme de locuire,"oraş OCNA ""Rocoteciu”, SIBIULUI",lângă Băi,sec. VIII - IX
102,SB-I-m-B-11979.02,Aşezare,"oraş OCNA ""Rocoteciu”, SIBIULUI",lângă Băi,"sec. I a.Chr. - I p.Chr., Cultura geto - dacică"
103,SB-I-s-B-11980,Castru roman de marş de la Ocna Sibiului,"oraş OCNA ""Drumul SIBIULUI","Topârcii""",sec. II p. Chr.
104,SB-I-s-B-11981,Aşezare,"oraş OCNA ""Platoul SIBIULUI","Triguri”, lângă oraş","Epoca bronzului, Cultura Wietenberg"
105,SB-I-s-B-11982,Aşezare,"oraş OCNA ""Faţa SIBIULUI",vacilor”,Neolitic
106,SB-I-s-A-11983,"Situl arheologic de la Orlat, punct ""Cetatea Scurtă""","sat ORLAT; comuna ""Cetatea ORLAT N",Scurtă” la V de localitate şi la de DJ Orlat - Sibiel,
107,SB-I-m-A-11983.01,Fortificaţie,"sat ORLAT; comuna ""Cetatea ORLAT N",Scurtă” la V de localitate şi la de DJ Orlat - Sibiel,sec. XII
108,SB-I-m-A-11983.02,Aşezare,"sat ORLAT; comuna ""Cetatea ORLAT N",Scurtă” la V de localitate şi la de DJ Orlat - Sibiel,sec. II - III p. Chr.
109,SB-I-m-A-11983.03,Aşezare,"sat ORLAT; comuna ""Cetatea ORLAT N",Scurtă” la V de localitate şi la de DJ Orlat - Sibiel,Epoca bronzului
110,SB-I-s-B-11984,"Situl arheologic de la Orlat, punct ""La Zidu""","sat ORLAT; comuna ""La ORLAT CFR","Zidu”, pe înălţimea de lângă halta",
111,SB-I-m-B-11984.01,Fortificaţie cu val,"sat ORLAT; comuna ""La ORLAT CFR","Zidu”, pe înălţimea de lângă halta",sec. XIII - XIV
112,SB-I-m-B-11984.02,Aşezare,"sat ORLAT; comuna ""La ORLAT CFR","Zidu”, pe înălţimea de lângă halta",Epoca bronzului
113,SB-I-s-B-11985,Aşezare,"sat PĂUCA; ""Dealul comuna PĂUCA",Homm”,"Neolitic, Cultura Petreşti"
114,SB-I-s-B-11986,Fortificaţia medievală de la Răşinari,sat RĂŞINARI; Dealul comuna RĂŞINARI,dintre Răşinari şi Poplaca,sec. XIII - XIV
115,SB-I-s-B-11987,Aşezare rurală,sat ROŞIA; comuna Intravilan ROŞIA,,sec. II - III p. Chr.
116,SB-I-s-B-11988,Aşezarea romană de la Rusciori,sat RUSCIORI; La comuna ŞURA versantului MICĂ,"2 km V de sat, pe un platou al Secaşelor",sec. II - III p. Chr.
117,SB-I-m-B-11989,Aşezarea romană de la Ruşi,"sat RUŞI; comuna ""Sub SLIMNIC la","Mesteacăn”, pe dealul omonim de V de sat",sec. II - III p. Chr.
118,SB-I-s-B-11990,Aşezarea romană de la Săcădate,"sat SĂCĂDATE; Intravilan, comuna AVRIG",între biserică şi şcoală,sec. II - III p. Chr.
119,SB-I-s-B-11991,Cetatea Salgo,sat SIBIEL; oraş La SĂLIŞTE,2 km SV de sat,sec. XII - XIII
120,SB-I-s-B-11992,Aşezare,"sat SLIMNIC; ""Cetăţeaua” comuna SLIMNIC",,"Epoca bronzului, Cultura Coţofeni"
121,SB-I-s-B-11993,"Aşezarea romană de la Slimnic, punct ""Şarba - La Saivane""","sat SLIMNIC; ""Şarba comuna SLIMNIC extremitatea cursul dealurile Şurii","- La Saivane”, la 4 km SE de S a intravilanului, pe inferior al pârâului Şarba, între Coastele Şarbei (N), Pădurile (E), Lan",sec. II - III p. Chr.
122,SB-I-s-B-11994,"Situl arheologic de la Slimnic, punct „Şarba - Stempen”","sat SLIMNIC; ""Şarba comuna SLIMNIC",- Stempen”,sec. I a.Chr. - I p.Chr.
123,SB-I-m-B-11994.01,Aşezare,"sat SLIMNIC; ""Şarba comuna SLIMNIC intravilanului, pâraielor km","- Stempen”, la extremitatea S a la S de confluenţa a Bacia şi Şarba, până la 1-1,2 S-SE de aceeaşi confluenţă",sec. II - III p. Chr.
124,SB-I-m-B-11994.02,Aşezare,"sat SLIMNIC; ""Şarba comuna SLIMNIC intravilanului, pâraielor km","- Stempen”, la extremitatea S a la S de confluenţa a Bacia şi Şarba, până la 1-1,2 S-SE de aceeaşi confluenţă","sec. I a.Chr. - I p.Chr., Cultura geto - dacică"
125,SB-I-s-B-11995,Aşezare,"sat SLIMNIC; ""În comuna SLIMNIC intravilanului","Rusu”, la 1 km N de extremitatea",sec. II - III p. Chr.
126,SB-I-s-B-11996,Situl arheologic de la Slimnic,sat SLIMNIC; La comuna SLIMNIC Slimnicului,"1,5 km V de sat în dreapta văii",sec. IX - X
127,SB-I-m-B-11996.01,Aşezare,"sat SLIMNIC; La comuna SLIMNIC Slimnicului,","1,5 km V de sat în dreapta văii şi a DJ Slimnic Mândra",sec. IX - X
128,SB-I-m-B-11996.02,Aşezare,sat SLIMNIC; La comuna SLIMNIC,1 km N de intravilan,sec. II - III p. Chr.
129,SB-I-s-B-11997,Aşezare,"sat ŞEICA MICĂ; ""Huesen”, comuna ŞEICA MICĂ",Dealul Hasenberg la V de sat,"sec. I a.Chr. - I p.Chr., Cultura geto - dacică"
130,SB-I-s-B-11998,Necropolă,"sat ŞEICA MICĂ; ""La comuna ŞEICA MICĂ","Troci”, Progadie - cariera de argilă","sec. I a.Chr. - I p.Chr., Cultura geto - dacică"
131,SB-I-s-B-11999,Situl arheologic de la Şeica Mică,"sat ŞEICA MICĂ; ""Cetatea” comuna ŞEICA MICĂ",,sec. VI
132,SB-I-m-B-11999.01,Aşezare,"sat ŞEICA MICĂ; ""Cetatea”, comuna ŞEICA sat MICĂ",pe un promontoriu la E de,sec. VI
133,SB-I-m-B-11999.02,Aşezare,"sat ŞEICA MICĂ; ""Cetatea”, comuna ŞEICA sat MICĂ",pe un promontoriu la E de,sec. II - III p. Chr.
134,SB-I-m-B-11999.03,Fortificaţie,"sat ŞEICA MICĂ; ""Cetatea”, comuna ŞEICA sat MICĂ",pe un promontoriu la E de,"sec. I a.Chr. - I p.Chr., Cultura geto - dacică"
135,SB-I-m-B-11999.04,Aşezare fortificată,"sat ŞEICA MICĂ; ""Cetatea”, comuna ŞEICA sat MICĂ",pe un promontoriu la E de,Hallstatt
136,SB-I-m-B-11999.05,Aşezare fortificată,"sat ŞEICA MICĂ; ""Cetatea”, comuna ŞEICA sat MICĂ",pe un promontoriu la E de,Epoca bronzului
137,SB-I-s-B-12000,Necropolă de incineraţie,"sat ŞEICA MICĂ; ""Dealul comuna ŞEICA MICĂ","Galbrich”, la V de sat","sec. I a.Chr. - I p.Chr., Cultura geto - dacică"
138,SB-I-s-B-12001,Aşezare,"sat ŞEICA MICĂ; ""Şesul comuna ŞEICA MICĂ",Morii”,sec. II - III p. Chr.
139,SB-I-s-B-12002,Fortificaţie cu val de pământ şi şanţ,"sat ŞURA MARE; ""Valea comuna ŞURA MARE",Rechgraben”,Epocă neprecizată
140,SB-I-s-B-12003,Situl arheologic de la Şura Mare,"sat ŞURA MARE; ""Râsloave” comuna ŞURA MARE",,Neolitic
141,SB-I-m-B-12003.01,Urme de locuire suprapusă,"sat ŞURA MARE; ""Râsloave” comuna ŞURA MARE",,sec. XI
142,SB-I-m-B-12003.02,Aşezare,"sat ŞURA MARE; ""Râsloave” comuna ŞURA MARE",,Neolitic
143,SB-I-s-B-12004,Situl arheologic de la Şura Mică,sat ŞURA MICĂ; La comuna ŞURA Ocna MICĂ,"1 km N de sat, la V de DJ Şura Mică – Sibiului",sec. I a.Chr. - I p.Chr.
144,SB-I-m-B-12004.01,Aşezare,sat ŞURA MICĂ; La comuna ŞURA Ocna MICĂ,"1 km N de sat, la V de DJ Şura Mică – Sibiului",sec. II - III p. Chr.
145,SB-I-m-B-12004.02,Aşezare,sat ŞURA MICĂ; La comuna ŞURA Ocna MICĂ,"1 km N de sat, la V de DJ Şura Mică – Sibiului","sec. I a.Chr. - I p.Chr., Cultura geto - dacică"
146,SB-I-s-B-12005,"Situl arheologic de la Târnava, punct ""Platoul Burg-Cetate""",sat TÂRNAVA; Platoul comuna TÂRNAVA,Burg-Cetate,
147,SB-I-m-B-12005.01,Fortificaţie de pământ,sat TÂRNAVA; Burg-Cetate comuna TÂRNAVA,,sec. VIII - XIII
148,SB-I-m-B-12005.02,Fortificaţie cu două valuri de pământ,sat TÂRNAVA; Burg-Cetate comuna TÂRNAVA,,sec. V - VII
149,SB-I-m-B-12005.03,Morminte izolate,sat TÂRNAVA; Burg-Cetate comuna TÂRNAVA,,Epoca romană
150,SB-I-m-B-12005.04,Aşezare,sat TÂRNAVA; Burg-Cetate comuna TÂRNAVA,,"Neolitic, Cultura Petreşti"
151,SB-I-s-B-12006,"Situl arheologic de la Târnava, punct ""Mihalţ""","sat TÂRNAVA; ""Mihalţ” comuna TÂRNAVA",,
152,SB-I-m-B-12006.01,Urme de locuire,"sat TÂRNAVA; ""Mihalţ” comuna TÂRNAVA",,sec. VII - VIII
153,SB-I-m-B-12006.02,Urme de locuire,"sat TÂRNAVA; ""Mihalţ” comuna TÂRNAVA",,sec. IV p. Chr.
154,SB-I-m-B-12006.03,Urme de locuire,"sat TÂRNAVA; ""Mihalţ” comuna TÂRNAVA",,Epoca romană
155,SB-I-m-B-12006.04,Urme de locuire,"sat TÂRNAVA; ""Mihalţ” comuna TÂRNAVA",,Hallstatt
156,SB-I-m-B-12006.05,Aşezare,"sat TÂRNAVA; ""Mihalţ” comuna TÂRNAVA",,Epoca bronzului
157,SB-I-s-B-12007,Necropolă,"sat TÂRNAVA; ""Palamor”, comuna TÂRNAVA",în teritoriul satului Târnava,sec. VII - VIII
158,SB-I-s-A-12008,Situl arheologic de la Tilişca,"sat TILIŞCA; ""Dealul comuna TILIŞCA",Căţinaş”,
159,SB-I-m-A-12008.01,Aşezare,"sat TILIŞCA; ""Dealul comuna TILIŞCA",Căţinaş”,Hallstatt
160,SB-I-m-A-12008.02,Cetate dacică,"sat TILIŞCA; ""Dealul comuna TILIŞCA",Căţinaş”,"Latène, Cultura geto - dacică"
161,SB-I-m-A-12008.03,Aşezare,"sat TILIŞCA; ""Dealul comuna TILIŞCA",Căţinaş”,Epoca bronzului
162,SB-I-s-B-12009,Cetatea medievală de la Tilişca,"sat TILIŞCA; ""Dealul comuna TILIŞCA",Căţinaş”,sec. XII
163,SB-II-a-A-12010,Ansamblul fortificaţiilor oraşului medieval,municipiul SIBIU,,sec. XII - XVII
164,SB-II-m-A-12010.01,"Incinta I: Turnul Scărilor, curtine (fragmente)",municipiul SIBIU Turnul P-ţa apărare capitulară; cu,"Scărilor: P-ţa Huet 3. - Curtine: Huet 1, P-ţa Huet, între turnul de de la nr.3 şi nr. 4 - Casa P-ţa Mică 13 (adresă dublă P-ţa Huet 13).",1191 - 1224
165,SB-II-m-A-12010.02,"Incinta II: Turnul Sfatului, Turnul Scării Aurarilor, curtine (fragmente)",municipiul SIBIU Turnul Scării P-ţa,Sfatului: P-ţa Mică 1; Turnul Aurarilor: P-ţa Mică 24. Curtine: Mică 19-30,1224 - 1241
166,SB-II-m-A-12010.03,"Incinta III: Turnuri de apărare, Turnul Dulgherilor, Turnul Olarilor, Turnul Archebuzierilor, Turn de Poartă, curtine","municipiul SIBIU Turnuri str. Dulgherilor, Archebuzierilor: Gros, bd. Odobescu de 23. Iancu latura str. Dulgherilor; bastionul Soldisch Centumvirilor str.Tribunei str. grădinii lângă","de apărare: P-ţa Aurarilor 10, Iancu Avram 9, 19-21, 31; Turnul Turnul Olarilor, Turnul str. Cetăţii;, Bastionul azi teatru: între str. Cetăţii nr. 5 şi Spitalelor; Turnul de Poartă: Str. Alexandru 1, lângă Muzeul Istorie; turn de apărare: Piaţa Mică Curtine: P-ţa Aurarilor 4; str. Avram 7-11, 19-31; str. Manejului, lângă estică a mănăstirii Ursulinelor; Cetăţii, între Piaţa Unirii şi Turnul str. Bastionului 2-8 (până la Soldisch); între Bastionul şi str. Mitropoliei; str. pe frontul de N-V, între şi str. Odobescu Alexandru; Odobescu Alexandru, la limita Primăriei vechi; Pasajul Scărilor, incinta bisericii evanghelice.",1357 - 1366
167,SB-II-m-A-12010.04,"Incinta IV: Turn de apărare, Turnul Pielarilor, Turnul Fierarilor",municipiul SIBIU Turn Turnul intersecţia Zidului;,"de apărare: P-ţa Armelor 10; Pielarilor: str. Pulberăriei, la cu str. Rimski-Korsakov şi Turnul Fierarilor: str. Ocnei 33",1357 - 1366
168,SB-II-m-A-12010.05,"Fortificaţii târzii: Bastionul Haller, Bastionul Soldisch, rondelă - fragmente, curtine",municipiul SIBIU Bastionul Pompei mercenarilor colţ rondelă:,"Haller: bd. Spitalelor şi str. Onofreiu nr.8; Bastionul (Soldisch): str. Bastionului cu şoseaua Alba Iulia ; ruine Bastionului 8, lângă bastionul",sec. XVI - XVII
169,SB-II-s-A-12011,Centrul istoric,"municipiul SIBIU SE: str. Gării Nicolae, zid demolări Cibinului; Filosofilor, Şaguna","Piaţa Unirii, Bd. Coposu Corneliu; E: Constituţiei, str. Pescarilor, Piaţa (latura vestică); N: Str. Teclu str. Pulberăriei (porţiunea de de pe str. Pulberăriei afectată de în anii 1985-1988); NV: Piaţa V: Str. Dârstelor, Aleea şos. Alba Iulia; SV: str. Andrei, Piaţa Unirii",sec. XIII - XX
170,SB-II-a-B-12013,"Ansamblul urban ""Str. Turnişor""",municipiul SIBIU Între gării,şoseaua Alba Iulia şi bariera CFR a Turnişor,sec. XVIII - XIX
171,SB-II-a-B-20923,"Linia ferată îngustă Sibiu- Agnita-Brădeni, cu ramificaţia Cornăţel- Vurpăr","municipiul SIBIU Municipiul Şelimbăr; sat Caşolţ, comuna sat, Marpod, comuna Alţâna; Beneşti, comuna Bârgiş; Agnita; Stejărişu, Iacobeni, sat","Sibiu; sat Şelimbăr; comuna sat Mohu, comuna Şelimbăr; Bungard, comuna Şelimbăr, sat comuna Roşia; sat Cornăţel, Roşia; sat Roşia, comuna Roşia, Hosman, comuna Nocrich; sat comuna Marpod; sat Nocrich, Nocrich; sat Alţâna, comuna sat Vecerd, comuna Bârghiş; sat comuna Alţâna; sat Vărd, Chirpăr; sat Bârghiş, comuna sat Coveş, oraş Agnita, oraş sat Ruja, oraş Agnita; sat comuna Iacobeni; sat sat Netuş, comuna Iacobeni; Brădeni, comuna Brădeni; sat",1898 - 1910
172,SB-II-m-B-20923.69,Linie ferată îngustă,municipiul SIBIU Între,km 106+730-109+024,1898 - 1910
173,SB-II-m-B-20923.70,Remiza de locomotive pentru calea ferată îngustă din cadrul depoului Sibiu,municipiul SIBIU În,"depoul C.F.R. Sibiu, la km 107+770",1898 - 1910
174,SB-II-m-B-20966,Pod de piatră,municipiul SIBIU Între,Str. Cibinului şi Str. Râului,1908
175,SB-II-m-A-12014,"Capela romano-catolică „Sf. Cruce”, azi biserică ortodoxă",municipiul SIBIU Piaţa,1 Decembrie 1918 2,"1417, 1755"
176,SB-II-m-B-12015,Casă,municipiul SIBIU Str.,9 Mai 14,"a doua jum. a sec. XV - sec. XVI, primul sfert al sec. XX"
177,SB-II-m-B-12016,Casă,municipiul SIBIU Str.,9 Mai 22,"sec. XV, sec. XVIII (1761?)"
178,SB-II-m-B-12017,Casă,municipiul SIBIU Str.,9 Mai 30,"sec. XV - prima jum. sec. XVI, a doua jum. a sec. XVIII, sf. sec. XIX"
179,SB-II-m-B-12018,Casă,municipiul SIBIU Str.,9 Mai 36,"sec. XV, sec. XVIII"
180,SB-II-m-A-12019,Casă,municipiul SIBIU Str.,9 Mai 43,"1450 - 1500, sec. XVIII"
181,SB-II-m-B-12020,Fosta biserică a minoriţilor,municipiul SIBIU Str.,9 Mai 75,"sec. XVII, transf. 1926"
182,SB-II-m-B-12021,Casă,municipiul SIBIU Str.,9 Mai 83,sec. XVIII
183,SB-II-m-B-12022,Casă,municipiul SIBIU Str.,Argintarilor 1,sec. XV - XVIII
184,SB-II-m-B-12023,Casă,municipiul SIBIU Str.,Argintarilor 9,"sec. XV, sec. XVIII, 1900 - 1925"
185,SB-II-m-B-12024,Casă,municipiul SIBIU Str.,Arhivelor 2,"1450 - 1475, sec. XVII, 1750 - 1850"
186,SB-II-m-B-12025,"Fostul Arsenal - Cazarma Kempel, cu turn de apărare, azi Centrul de Infrastructuri 0M.A.N.",municipiul SIBIU Piaţa,"Armelor 10, Aleea Filosofilor 1",sec. XV - prima jum. a sec. XVIII
187,SB-II-m-B-12026,Casă,municipiul SIBIU Piaţa,Aurarilor 1,"a doua jum. a sec. XV, 1567"
188,SB-II-m-B-12027,Casă,municipiul SIBIU Piaţa,Aurarilor 2,"sec. XV, 1567, 1875 - 1900"
189,SB-II-m-A-12028,Casă,municipiul SIBIU Piaţa,Aurarilor 3,"sec. XV, sec. XVIII, 1810 (?)"
190,SB-II-m-B-12029,Casă (înglobează fragmente de curtine din incinta III),municipiul SIBIU Piaţa,Aurarilor 4,sec. XVIII
191,SB-II-m-B-12030,Casă,municipiul SIBIU Piaţa,Aurarilor 5,"sec. XVI, sec. XVIII"
192,SB-II-m-B-12031,Casă,municipiul SIBIU Piaţa,Aurarilor 6,"1400 - 1425, sec. XVIII - primul sfert al sec. XX"
193,SB-II-m-B-12032,Casă,municipiul SIBIU Piaţa,Aurarilor 7,"a doua jum. a sec. XV, 1743"
194,SB-II-m-B-12033,Casă,municipiul SIBIU Piaţa,Aurarilor 8,"sec. XVII - XVIII, 1875 - 1900"
195,SB-II-m-B-12034,Casă,municipiul SIBIU Piaţa,Aurarilor 9,"sec. XV, sec. XVIII; sf. sec. XIX - înc. sec. XX"
196,SB-II-m-A-12035,Casă (înglobează fragment curtină incinta III),municipiul SIBIU Piaţa,Aurarilor 10,"1450 - 1500, sec. XVIII"
197,SB-II-m-A-12036,Casă (în corpul B fragmente din prima Primărie a oraşului),municipiul SIBIU Str.,"Avram Iancu 1-3, Piaţa Mică 31","sec. XIV, sf. sec. XV - înc. sec. XVI, 1742"
198,SB-II-m-B-12037,Casă,municipiul SIBIU Str.,Avram Iancu 2,"sec. XV, cca. 1885 - 1900"
199,SB-II-m-B-12038,Casă,municipiul SIBIU Str.,Avram Iancu 4,"sec. XV - XVII, sec. XVIII, cca. 1885 - 1900"
200,SB-II-m-A-12039,Casă,municipiul SIBIU Str.,Avram Iancu 5,"sec. XV - XVI, sf. sec. XVIII"
201,SB-II-m-B-12040,Casă,municipiul SIBIU Str.,Avram Iancu 6,"sec. XV, sec. XVII - XVIII"
202,SB-II-m-A-12041,Casă,municipiul SIBIU Str.,Avram Iancu 7,"1570, sf. sec. XVIII"
203,SB-II-m-A-12042,Casa Carol şi Michael Brukenthal,municipiul SIBIU Str.,Avram Iancu 8,"sec. XV, 1785 - 1799"
204,SB-II-m-A-12043,Casa Weidner,municipiul SIBIU Str.,Avram Iancu 9,"sf.sec. XV, 1571"
205,SB-II-m-A-12044,Casă (înglobează fragmente medievale şi de fortificaţii incinta III),municipiul SIBIU Str.,Avram Iancu 11,"sec. XIV - XVI (fragmente), 1870 - 1880"
206,SB-II-m-A-12045,Casă,municipiul SIBIU Str.,Avram Iancu 14,sec. XVI - XVIII
207,SB-II-m-A-12046,Casa Böbel,municipiul SIBIU Str.,Avram Iancu 16,sec. XIV - XVIII
208,SB-II-m-A-12047,Casă,municipiul SIBIU Str.,Azilului 2,"sec. XV, sec.XVII, a doua jum. a sec. XIX - primul sfert al sec. XX"
209,SB-II-m-B-12048,Casă,municipiul SIBIU Str.,Azilului 3,"a doua jum. sec. XV - prima jum. sec. XVI, sec. XVII; prima jum. a sec. XX"
210,SB-II-a-A-12049,Ansamblul Azilului,municipiul SIBIU Str.,"Azilului 4, Str. Turnului 2 şi 8",sec. XIII - XVIII
211,SB-II-m-A-12049.01,Azilul (multiple corpuri),municipiul SIBIU Str.,"Azilului 4, Str. Turnului 2 şi 8",1292 - 1760
212,SB-II-m-A-12049.02,Biserica azilului,municipiul SIBIU Str.,"Azilului 4, Str. Turnului 2 şi 8",sec. XIII - XVIII
213,SB-II-m-B-12050,Casă,municipiul SIBIU Str.,Bălcescu Nicolae 2,"sec. XV - XVI, sec. XVII, 1800 - 1825, 1936"
214,SB-II-m-B-12051,Casă,municipiul SIBIU Str.,Bălcescu Nicolae 7,"sec. XV - XVI, sec. XVIII, sf. sec. XIX"
215,SB-II-m-A-12052,"Casa Michael Brukenthal, azi locuinţe şi spaţiu comercial",municipiul SIBIU Str.,Bălcescu Nicolae 12,"sec. XV, 1786 -1790"
216,SB-II-m-B-12053,Casă,municipiul SIBIU Str.,Bălcescu Nicolae 14,"sf. sec. XVIII, înc. sec. XIX"
217,SB-II-m-B-12054,Casă,municipiul SIBIU Str.,Bălcescu Nicolae 16,1875 - 1900
218,SB-II-m-B-12055,Casă,municipiul SIBIU Str.,Bălcescu Nicolae 17,"sec. XVI - XVII (fragmente), sec. XVIII"
219,SB-II-m-B-12056,Casă,municipiul SIBIU Str.,Bălcescu Nicolae 20,"sf. sec. XVIII, cu fragmente sec. XV - XVI"
220,SB-II-m-B-12057,Casă,municipiul SIBIU Str.,Bălcescu Nicolae 21,sec. XVIII - XX
221,SB-II-m-B-12058,Casă,municipiul SIBIU Str.,Bălcescu Nicolae 22,sec. XVI - XVII
222,SB-II-m-B-12059,Casă,municipiul SIBIU Str.,Bălcescu Nicolae 28,"sec. XV - XVI, sec. XVIII"
223,SB-II-m-B-12060,Casă,municipiul SIBIU Str.,Bălcescu Nicolae 34,sf. sec. XVIII - înc. sec. XX
224,SB-II-m-B-12061,Casă,municipiul SIBIU Str.,Bălcescu Nicolae 38,1750 - 1800
225,SB-II-m-A-12062,Casă,municipiul SIBIU Str.,Bălcescu Nicolae 40,"sec. XVI, sf. sec. XVIII"
226,SB-II-m-B-12063,Casă,municipiul SIBIU Str.,Bălcescu Nicolae 42,"sec. XVII, sec. XVIII"
227,SB-II-m-A-12064,"Casa Maria Liebhardt, azi locuinţă",municipiul SIBIU Str.,Bieltz Eduard Albert 44,sec. XVI - XVII
228,SB-II-a-B-12065,Ansamblul bisericii evanghelice Turnişor,municipiul SIBIU Str.,Bieltz Eduard Albert 62,sec. XIII - XIX
229,SB-II-m-B-12065.01,Biserica evanghelică,municipiul SIBIU Str.,Bieltz Eduard Albert 62,"sec. XIII, 1782"
230,SB-II-m-B-12065.02,Casa parohială evanghelică,municipiul SIBIU Str.,Bieltz Eduard Albert 62,"sec. XVI, sec. XVIII - XIX"
231,SB-II-m-B-20933,Casa “Anastasiu Boiu”,municipiul SIBIU Str.,Boiu Zaharia 27,sf. sec. XIX
232,SB-II-m-A-12066,Casa Mövert,municipiul SIBIU Str.,Brukenthal Samuel 1,"sec. XV, sec. XVI; sec. XVIII"
233,SB-II-m-A-12067,"Fosta Bancă de Credit Funciar, azi Primăria",municipiul SIBIU Str.,"Brukenthal Samuel 2, Piaţa Mică 5",1906
234,SB-II-m-B-12068,Casa Göllner,municipiul SIBIU Str.,Brukenthal Samuel 3,"sec. XVI - XVII, mijl. sec. XIX"
235,SB-II-m-B-12069,Casă (locuinţă de raport),municipiul SIBIU Str.,Brukenthal Samuel 4,1901 - 1910
236,SB-II-m-B-12070,"Sala Thalia (teatru orăşenesc între 1788- 1945), construită pe Turnul Gros",municipiul SIBIU Str.,Cetăţii 5,1540
237,SB-II-m-B-12071,Sinagogă,municipiul SIBIU Str.,Constituţiei 19,1898 - 1899
238,SB-II-a-B-21084,Casă de locuit cu anexe,municipiul SIBIU Str.,Constituţiei 22,înc. sec. XX
239,SB-II-m-B-21084.01,Casă de locuit,municipiul SIBIU Str.,Constituţiei 22,1926
240, SB-II-m-B-21084.02, Anexa (C2), municipiul SIBIU Str., Constituţiei 22, înc. sec. XX
241,SB-II-m-B-21084.03,Anexa (C3),municipiul SIBIU Str.,Constituţiei 22,înc. sec. XX
242,SB-II-a-B-20954,Fosta Mănăstire a Călugăriţelor Franciscane,municipiul SIBIU Str.,Dealului 4-6,sec. XIX
243,SB-II-m-B-20954.01,"Fosta Mănăstire a Călugăriţelor Franciscane, corp A",municipiul SIBIU Str.,Dealului 4-6,sec. XIX
244,SB-II-m-B-20954.02,"Fosta Mănăstire a Călugăriţelor Franciscane, corp B",municipiul SIBIU Str.,Dealului 4-6,sec. XIX
245,SB-II-m-B-20954.03,"Fosta Mănăstire a Călugăriţelor Franciscane, corp C",municipiul SIBIU Str.,Dealului 4-6,sec. XIX
246,SB-II-m-B-20954.04,"Fosta Mănăstire a Călugăriţelor Franciscane, corp D",municipiul SIBIU Str.,Dealului 4-6,sec. XIX
247,SB-II-m-B-20954.05,"Fosta Mănăstire a Călugăriţelor Franciscane, corp E",municipiul SIBIU Str.,Dealului 4-6,sec. XIX
248,SB-II-m-B-20954.06,"Fosta Mănăstire a Călugăriţelor Franciscane, corp F",municipiul SIBIU Str.,Dealului 4-6,sec. XIX
249,SB-II-m-B-20967,"Fosta Manutanţă, corpurile A şi B",municipiul SIBIU Str.,Dobrun 1,1888
250,SB-II-m-B-12072,Casă,municipiul SIBIU Str.,Faurului 6,"sec. XVII, sec. XVIII; prima jum. a sec. XX"
251,SB-II-m-B-12073,Casă,municipiul SIBIU Str.,Faurului 12,"sec. XVI - XVII, sec. XVIII; prima jum. a sec. XX"
252,SB-II-m-B-12074,Casă (inclusiv corpul către str. Ocnei),municipiul SIBIU Str.,"Faurului 16, Str.Ocnei","mijl. sec. XIX, înc. sec. XX"
253,SB-II-m-A-12075,Casă (inclusiv corpul către str. Ocnei),municipiul SIBIU Str.,Faurului 18 o aripă în Str. Ocnei,"prima jum. sec. XV, sec. XVIII; mijl. sec. XIX; al doilea sfert al sec. XX"
254,SB-II-m-B-12076,Casă (inclusiv corpul către str. Ocnei),municipiul SIBIU Str.,Faurului 20 o aripă în Str. Ocnei,"sec. XV - XVI, sec. XVIII"
255,SB-II-m-A-21068,Biblioteca Județeană ASTRA,municipiul SIBIU Str.,George Barițiu 5,1905
256,SB-II-a-A-12077,Ansamblul orfelinatului Terezian,municipiul SIBIU Str.,Gladiolelor 4-8,1750 - 1800
257,SB-II-m-A-12077.01,"Fostul orfelinat, azi internatele şi atelierele Grupului Şcolar ""Independenţa"" şi ale Grupului Şcolar Alimentar",municipiul SIBIU Str.,Gladiolelor 4-8,1754 - 1767
258,SB-II-m-A-12077.02,Biserica „Vizita Mariei la Elisabeta”,municipiul SIBIU Str.,Gladiolelor 4-8,1767 - 1771
259,SB-II-m-B-20953,Casă de locuit,municipiul SIBIU Str.,Hegel 7,1920 - 1930
260, SB-II-m-A-12078," Biserica parohială evanghelică ""Sf. Maria""", municipiul SIBIU Piaţa, Huet f.n.," 1350 - 1520, 1445"
261,SB-II-m-A-12079,Casa parohială evanghelică,municipiul SIBIU Piaţa,Huet 1 şi 2,"sec. XIII - XIV, 1502, sec. XVI"
262,SB-II-m-A-12080,"Clădirea ""Butoiul de Aur"", cu turn de apărare înglobat, azi locuinţă",municipiul SIBIU Piaţa,Huet 3,"sec. XIII, sec. XV, 1542, 1860"
263,SB-II-m-A-12081,Consistoriul districtual al bisericii evanghelice C.A.,municipiul SIBIU Piaţa,Huet 4,"înc. sec. XIV, 1449, 1500- 1515, sec. XVIII"
264,SB-II-m-A-12082,"Liceul „Samuel von Brukenthal""",municipiul SIBIU Piaţa,Huet 5,"1778 - 1786, înglobează urme sec. XIV-XV"
265,SB-II-m-B-12083,Casă,municipiul SIBIU Piaţa,Huet 16,sf. sec. XVIII - înc. sec. XIX
266,SB-II-m-A-12084,"Casă, cu fragment din capela gotică "" Sf. Ştefan""",municipiul SIBIU Piaţa,Huet 17,"sec. XIV - XV, 1550 - 1600, 1831"
267,SB-II-a-A-12085,"Ansamblul bisericii „Buna Vestire” - ""din Groapă""",municipiul SIBIU Str.,Justiţiei 5,sec. XVIII - XX
268,SB-II-m-A-12085.01,Biserica „Buna Vestire”,municipiul SIBIU Str.,Justiţiei 5,"1778 - 1789, după 1802"
269,SB-II-m-A-12085.02,Casa parohială,municipiul SIBIU Str.,Justiţiei 5,sf. sec. XVIII
270,SB-II-m-B-12086,Şcoala veche românească,municipiul SIBIU Str.,Justiţiei 7,sf. sec. XVIII
271,SB-II-m-B-12087,Casă,municipiul SIBIU Str.,Lungă 12,sec. XVIII
272,SB-II-m-B-12088,"Biserica „Sf. Luca” din ""Maierii Sibiului""",municipiul SIBIU Str.,Lungă 25,1791
273,SB-II-m-B-12089,Casă,municipiul SIBIU Str.,"Magheru Gheorghe, general 2","sec. XVIII, 1885 - 1899"
274,SB-II-m-A-12090,"Casa Filek, azi sediul Consistoriului Superior al Bisericii Evanghelice C.A. din România",municipiul SIBIU Str.,"Magheru Gheorghe, general 4",1802
275,SB-II-a-A-12091,Mănăstirea Ursulinelor,municipiul SIBIU Str.,"Magheru Gheorghe, general 34-36",sec. XV - înc. sec. XX
276,SB-II-m-A-12091.01,Biserica fostei Mănăstiri a Ursulinelor,municipiul SIBIU Str.,"Magheru Gheorghe, general 34-36","1479, 1728 - 1733"
277,SB-II-m-A-12091.02,"Fosta mănăstire, azi Colegiul Pedagogic ""Andrei Şaguna""",municipiul SIBIU Str.,"Magheru Gheorghe, general 34-36","sec. XV, 1733 - 1772, 1891 - 1904"
278,SB-II-m-A-12092,"Fostul Seminar Iezuit, azi Casa Parohială romano- catolică (înglobează fragmente ale Halei Cojocarilor)",municipiul SIBIU Piaţa,"Mare 2, Piaţa Mică 3","sec. XVI, 1726 - 1739"
279,SB-II-m-A-12093,"Biserica parohială romano-catolică „Sf. Treime”, fostă biserică iezuită",municipiul SIBIU Piaţa,"Mare 3, Piaţa Mică 4","1726 - 1733, 1738"
280, SB-II-m-A-12094," Palatul Brukenthal, azi Muzeul Brukenthal", municipiul SIBIU Piaţa, Mare 4, 1778 - 1788
281,SB-II-m-A-12095,"Casa Albastră, azi birouri şi ateliere ale Muzeului Brukenthal",municipiul SIBIU Piaţa,Mare 5,"sf. sec. XV - înc. sec. XVI, cca. 1783, sec. XX"
282,SB-II-m-A-12096,Casă,municipiul SIBIU Piaţa,Mare 6,"sec. XVIII - XIX, cu vestigii sec. XIV - XV"
283,SB-II-m-A-12097,Casă,municipiul SIBIU Piaţa,Mare 7,"sec. XV - XVIII, sec. XX"
284,SB-II-m-A-12098,"Casa Hecht (Casa Comesului), azi locuinţe şi spaţii comerciale",municipiul SIBIU Piaţa,Mare 8,"sec. XV, 1821"
285,SB-II-m-A-12099,Casă,municipiul SIBIU Piaţa,Mare 9,"sec. XV, transformări post 1828"
286,SB-II-m-A-12100,"Casa Haller, azi locuinţe şi spaţiu comercial",municipiul SIBIU Piaţa,Mare 10,"sec. XV - XVI, sec. XX"
287,SB-II-m-B-12101,Casă,municipiul SIBIU Piaţa,Mare 11,sec. XV - XIX
288,SB-II-m-A-12102,Casă,municipiul SIBIU Piaţa,Mare 12,sec. XV - primul sfert al sec. XIX
289,SB-II-m-B-12103,"Casa Lutsch, azi Banca Bucureşti-Frankfurt şi sediul F.D.G.R",municipiul SIBIU Piaţa Magheru,Mare 13 o aripă în Str. G-ral Gh. 3,"sec. XV, transf. 1830"
290,SB-II-m-A-12104,Casă,municipiul SIBIU Piaţa,Mare 14,"sec. XV - XVIII, transf. sec. XIX"
291,SB-II-m-B-12105,Casă,municipiul SIBIU Piaţa,Mare 15,sec. XV - XIX
292,SB-II-m-A-12106,Casa Weidner-Reussner- Czekelius,municipiul SIBIU Piaţa,Mare 16,"sec. XV - XVIII, (1582, 1652); transf. sec. XX"
293,SB-II-m-A-12107,Pod metalic - Podul Minciunilor,municipiul SIBIU Piaţa,Mică,1859
294,SB-II-m-A-12108,"Casă, la parter restaurantul „La Turn”",municipiul SIBIU Piaţa,"Mică 2, Piaţa Mare 1","sec. XV - XVI, 1652, sec. XX"
295,SB-II-m-B-12109,Casă,municipiul SIBIU Piaţa,"Mică 6, Piaţa Huet 6","sf. sec. XV, sf. sec. XVIII, transf. sec. XX"
296,SB-II-m-A-12110,Casă,municipiul SIBIU Piaţa,"Mică 7, Piaţa Huet 7","sec. XV - XVI, sf. sec. XVIII"
297,SB-II-m-A-12111,Casă,municipiul SIBIU Piaţa,"Mică 8, Piaţa Huet 8","sec. XV - XVI, sf. XVIII"
298,SB-II-m-A-12112,Casă,municipiul SIBIU Piaţa,"Mică 9, Piaţa Huet 9","sec. XV - XVI, sf. XVIII"
299,SB-II-m-B-12113,Casă,municipiul SIBIU Piaţa,"Mică 10, Piaţa Huet 10","sec. XV - XVI, 1930 - 1940"
300,SB-II-m-B-12114,"Fosta Casă a Asociaţiei Meseriaşilor (Casa Hermes), azi Muzeul Franz Binder",municipiul SIBIU Piaţa,"Mică 11, Piaţa Huet 11",1867
301,SB-II-m-A-12115,"Casă, azi Studioul ""Astra- Film""",municipiul SIBIU Piaţa,"Mică 12, Piaţa Huet 12","sec. XV - XVI, sec.XIX"
302,SB-II-m-A-12116,Casă (înglobează fragment incinta I),municipiul SIBIU Piaţa,"Mică 13, Piaţa Huet 13","sec. XV - XVI, sf. sec. XVIII"
303,SB-II-m-A-12117,Casă,municipiul SIBIU Piaţa,"Mică 14, Piaţa Huet 14","sec. XV - XVI, sf. sec. XVIII"
304,SB-II-m-A-12118,Casă,municipiul SIBIU Piaţa,"Mică 15, Piaţa Huet 15","sec. XV - XVI, sec. XVIII - înc. sec. XIX"
305,SB-II-m-A-12119,"Casă, azi Centrul Cultural al Luxemburgului",municipiul SIBIU Piaţa,Mică 16,"sec. XV - XVI, sec. XVIII"
306,SB-II-m-B-12120,Casă,municipiul SIBIU Piaţa,Mică 18,sf. sec. XV
307,SB-II-m-B-12121,Casă,municipiul SIBIU Piaţa,Mică 19,"sf. sec. XV, înc. sec. XVI; sec. XX"
308,SB-II-m-B-12122,Casă,municipiul SIBIU Piaţa,Mică 20,"sec. XV - XVIII, sec. XX"
309, SB-II-m-A-12123," Fosta Hală a Măcelarilor, azi Casa Artelor", municipiul SIBIU Piaţa, Mică 21," sec. XIV, 1787"
310,SB-II-m-A-12124,Casă (în curte fragmente ale incintelor I şi II),municipiul SIBIU Piaţa,Mică 22,"sec. XV - XVI, 1631, 1694, sec. XVIII"
311,SB-II-m-A-12125,Casă (înglobează turn de apărare - incinta III),municipiul SIBIU Piaţa,Mică 23,"sec. XV - XVI, 1750 - 1800"
312,SB-II-m-A-12126,Casă (înglobează turn de apărare - incinta II),municipiul SIBIU Piaţa,Mică 24,"sec. XV - XVI, sec. XVIII; înc. sec. XX"
313,SB-II-m-A-12127,"Casa Breslei Aurarilor, azi locuinţă",municipiul SIBIU Piaţa,Mică 25,"sec. XV - XVI, sec. XVIII (1745)"
314,SB-II-m-A-12128,"Casă şi farmacia ""La Ursul Negru"", azi locuinţe şi Muzeul de Istoria Farmaciei",municipiul SIBIU Piaţa,Mică 26,"sec. XV - XVI, sec. XVIII"
315,SB-II-m-A-12129,Casă,municipiul SIBIU Piaţa,Mică 27,sec. XVIII
316,SB-II-m-A-12130,Casă,municipiul SIBIU Piaţa,Mică 28,"sec. XV - XVI, sec. XVIII"
317,SB-II-m-B-12131,Casă (în curte fragment din incinta II),municipiul SIBIU Piaţa,Mică 29,"sec. XV - XVI, 1901 (restructurări)"
318,SB-II-m-A-12132,Casă (în curte fragment din incinta II),municipiul SIBIU Piaţa,Mică 30,"sec. XV - XVI, sf. sec. XVIII"
319,SB-II-m-A-12133,Casă,municipiul SIBIU Str.,Mitropoliei 2A,a doua jum. sec. XIV - sec. XIX
320,SB-II-m-A-12134,"Casa Altenberger Pempflinger (Primăria Veche), azi Muzeul de Istorie",municipiul SIBIU Str.,Mitropoliei 2,sec. XIV - XVIII
321,SB-II-m-A-12135,Casă,municipiul SIBIU Str.,Mitropoliei 7,"sec. XIV, sec. XVIII, după 1911"
322,SB-II-m-B-12136,Casă,municipiul SIBIU Str.,Mitropoliei 8,sf. sec. XVIII - înc. sec. XIX
323,SB-II-m-A-12137,Biserica reformată (calvină),municipiul SIBIU Str.,Mitropoliei 9,1786
324,SB-II-m-B-12139,Casa parohială reformată,municipiul SIBIU Str.,Mitropoliei 11,"sec. XV, 1784 - 1786"
325,SB-II-m-A-12140,Casa cu cariatide,municipiul SIBIU Str.,Mitropoliei 13,1786
326,SB-II-m-B-21087,Palatul Poştelor,municipiul SIBIU Str.,Mitropoliei 14,
327,SB-II-m-B-12141,Casă,municipiul SIBIU Str.,Mitropoliei 15,"sec. XVI - XVII, 1750 - 1800"
328,SB-II-m-A-12142,Casă,municipiul SIBIU Str.,"Mitropoliei 17, Str. Xenopol 12","sec. XVI, 1750 - 1800"
329,SB-II-m-B-12144,Casă,municipiul SIBIU Str.,Mitropoliei 18,"sec. XV - XVI, 1639, 1852"
330,SB-II-m-B-12145,"Casă, azi grădiniţă",municipiul SIBIU Str.,Mitropoliei 19,înc. sec. XVIII
331,SB-II-a-A-12146,"Ansamblul ""Mitropolia Ortodoxă şi Facultatea de Teologie Ortodoxă""",municipiul SIBIU Str. Centumvirilor,"Mitropoliei 20-24, Str. 13",sf. sec. XVIII - prima treime a sec. XX
332,SB-II-m-A-12146.01,Mitropolia Ardealului - Arhiepiscopia Ortodoxă Sibiu,municipiul SIBIU Str. 13,"Mitropoliei 20, Str. Centumvirilor",înc. sec. XIX
333,SB-II-m-A-12146.02,"Facultatea de Teologie Ortodoxă ""Andrei Şaguna""",municipiul SIBIU Str. Centumvirilor,"Mitropoliei 20-24, Str. 13","1913 - 1914, 1934"
334,SB-II-m-A-12146.03,Corpul de pe latura de fund a parcelei str. Centumvirilor 13,municipiul SIBIU Str. Centumvirilor,"Mitropoliei 20-24, Str. 13",sf.sec. XVIII
335,SB-II-m-A-12146.04,Clădire,municipiul SIBIU Str. Centumvirilor,"Mitropoliei 20-24, Str. 13",prima treime a sec. XX
336,SB-II-m-A-12147,Catedrala Mitropolitană „Sf. Treime”,municipiul SIBIU Str.,Mitropoliei 33-35,1902 - 1906
337,SB-II-m-B-12148,Clădire,municipiul SIBIU Str.,Mitropoliei 75,"ante 1638, sec. XX"
338,SB-II-m-B-12149,Casă,municipiul SIBIU Str.,Moş Ion Roată 6,sec. XV - XVIII
339,SB-II-m-B-12150,Casă,municipiul SIBIU Str.,Movilei 1,"sec. XV - XVI, sec. XVIII"
340,SB-II-a-B-12151,Ansamblul bisericii evanghelice fortificate Guşteriţa,municipiul SIBIU Str.,Niţă Octavian Maior 36,înc. sec. XIII - sec. XVIII
341,SB-II-m-B-12151.01,Biserica evanghelică,municipiul SIBIU Str.,Niţă Octavian Maior 36,"înc. sec. XIII, sf. sec. XV, 1662, sec. XVIII"
342,SB-II-m-B-12151.02,"Fosta capelă, azi locuinţă",municipiul SIBIU Str.,Niţă Octavian Maior 36,1748
343,SB-II-m-B-12151.03,Incintă fortificată (fragmente),municipiul SIBIU Str.,Niţă Octavian Maior 36,sec. XV
344, SB-II-m-B-20928, Spitalul C.F.R., municipiul SIBIU Str., Noica Constantin 20, sf. sec. XIX
345,SB-II-m-A-12152,Casa de vară Brukenthal,municipiul SIBIU Str.,Noica Constantin 48,a treia treime a sec. XVIII
346,SB-II-m-B-12153,Casă,municipiul SIBIU Str.,Ocnei 1,"sec. XV - prima jum. sec. XVI, sec. XVIII; ultimul sfert al sec. XIX"
347,SB-II-m-B-12154,Casă,municipiul SIBIU Str.,Ocnei 2,sec. XVIII
348,SB-II-m-A-12155,Fostul Han „La Mielul Alb”,municipiul SIBIU Str.,Ocnei 3-5,"sec. XV - XVI, sf. sec. XVIII - înc. sec. XIX"
349,SB-II-m-B-12156,Casă,municipiul SIBIU Str.,Ocnei 4,1890 - 1905
350,SB-II-m-B-12157,Casă,municipiul SIBIU Str.,Ocnei 6,"a doua jum. sec. XV - primul sfert al sec. XVI, sec. XVIII; mijl. sec. XIX"
351,SB-II-m-A-12158,Casă,municipiul SIBIU Str.,Ocnei 8,"a doua jum. sec. XV - prima jum. sec. XVI, sec. XVIII; 1925 - 1950"
352,SB-II-m-B-12159,Casă,municipiul SIBIU Str.,Ocnei 10,"mijl. sec. XIX, sf. sec. XIX, 1925 - 1950"
353,SB-II-m-B-12160,Casă,municipiul SIBIU Str.,Ocnei 12,"a doua jum. sec. XIV - prima jum. sec. XVI; ultimul sfert al sec. XVIII-primul sfert al sec. XIX; ultimul sfert al sec. XIX, al doilea sfert al sec. XX"
354,SB-II-m-B-12161,Casă,municipiul SIBIU Str.,Ocnei 17,sec. XVII - XVIII
355,SB-II-m-B-12162,Casă,municipiul SIBIU Str.,Ocnei 19,sec. XVII - XVIII
356,SB-II-m-A-12163,Casă,municipiul SIBIU Str.,Ocnei 22,"sec. XIV, sf. sec. XV"
357,SB-II-m-B-12164,Casă,municipiul SIBIU Str.,"Ocnei 24, Str. Pielarilor nr.1","sec. XIV, sf. sec. XV, 1820 - 1830"
358,SB-II-m-B-12165,Casă,municipiul SIBIU Str.,Ocnei 30,"sec. XV - XVI, sec. XVIII"
359,SB-II-a-B-20972,"Ansamblul Grupul Şcolar Independenţa, fosta fabrică de pantofi ""Herma""",municipiul SIBIU Str.,Ocnei 31,sec. XIX
360,SB-II-m-B-20972.01,Corp A,municipiul SIBIU Str.,Ocnei 31,1894
361,SB-II-m-B-20972.02,Corp B,municipiul SIBIU Str.,Ocnei 31,1889
362,SB-II-a-B-21085,Ansamblul primei fabrici ardeleneşti de maşini agricole şi turnătorie de fer Andreas Rieger,municipiul SIBIU Str.,Ocnei 33,
363,SB-II-m-B-21085.01,Corpul A,municipiul SIBIU Str.,Ocnei 33,
364,SB-II-m-B-21085.02,Corpul B,municipiul SIBIU Str.,Ocnei 33,
365,SB-II-m-B-21085.03,Corpul C,municipiul SIBIU Str.,Ocnei 33,
366,SB-II-m-B-21085.04,Corpul D,municipiul SIBIU Str.,Ocnei 33,
367,SB-II-m-B-21085.05,Corpul E,municipiul SIBIU Str.,Ocnei 33,
368,SB-II-m-B-21085.06,Corpul F,municipiul SIBIU Str.,Ocnei 33,
369,SB-II-m-B-21085.07,Corpul G,municipiul SIBIU Str.,Ocnei 33,
370,SB-II-m-B-21085.08,Corpul I,municipiul SIBIU Str.,Ocnei 33,
371,SB-II-m-B-21085.09,Corpul J,municipiul SIBIU Str.,Ocnei 33,
372,SB-II-m-B-21085.10,Corpul M,municipiul SIBIU Str.,Ocnei 33,
373,SB-II-m-B-21085.11,Corpul O,municipiul SIBIU Str.,Ocnei 33,
374,SB-II-m-A-12166,Casă,municipiul SIBIU Str.,Papiu Ilarian Alexandru 10,"a doua jum. sec. XV, (1473 ?), 1576, 1696, 1701, mijl. sec. XIX"
375,SB-II-m-B-20965,"Universitatea ""Lucian Blaga"", corpurile A şi B",municipiul SIBIU Str.,Raţiu Ion 7,1903; 1938
376,SB-II-a-A-12012,Muzeul Civilizaţiei Populare Tradiţionale ASTRA,municipiul SIBIU Calea,"Răşinari f. n., Dumbrava Sibiului",1963
377,SB-II-a-A-12167,Ansamblul bisericii „Sf. Apostoli Petru şi Pavel”,municipiul SIBIU Str.,Reconstrucţiei 17,sec. XVIII - XX
378,SB-II-m-A-12167.01,Biserica „Sf. Apostoli Petru şi Pavel”,municipiul SIBIU Str.,Reconstrucţiei 17,1778 - 1788
379,SB-II-m-B-12168,Vechea şcoală românească,municipiul SIBIU Str.,Reconstrucţiei 35,1850 - 1900
380,SB-II-m-B-12169,Casă,municipiul SIBIU Pasajul,Scărilor 1,"sec. XV - XVI, sec. XVIII, 1860"
381,SB-II-m-B-12170,Casă,municipiul SIBIU Pasajul,Scărilor 2,"sec. XV - XVI, sec. XVIII, 1860"
382,SB-II-m-B-12171,Casă,municipiul SIBIU Pasajul,Scărilor 3,"sec. XV - XVI, sec. XVIII, 1860"
383,SB-II-m-B-12172,Casă,municipiul SIBIU Pasajul,Scărilor 4,"sec. XV - XVI, sec. XVIII"
384,SB-II-m-A-12173,"Spitalul de neurologie, construit pe Bastionul Haller",municipiul SIBIU Bd.,"Spitalelor, Str. Pompeiu Onofreiu 8","1552 – 1556 (bastion), înc. sec. XX (spital)"
385,SB-II-m-B-20979,Casă de locuit,municipiul SIBIU Str.,Şaguna Andrei 3,"1910 - 1919, sf. sec. XIX"
386,SB-II-m-B-20970,Casă de locuit,municipiul SIBIU Str.,Şaguna Andrei 5,"ante 1835, înc. sec. XIX"
387,SB-II-m-B-20980,Casă de locuit,municipiul SIBIU Str.,Şaguna Andrei 7,"1886, sf. sec. XIX"
388,SB-II-m-B-20993,"Casă de locuit, corpurile A, B şi C",municipiul SIBIU Str.,Şaguna Andrei 17,"1929 (corp A), in jurul anului 1800 (corp B), sec. XIX (corp C)"
389,SB-II-m-B-21002,Casă de locuit,municipiul SIBIU Str.,Şaguna Andrei 19,sf. sec. XIX - înc. sec. XX
390,SB-II-m-B-21003,Casă de locuit,municipiul SIBIU Str.,Şaguna Andrei 23,mijlocul sec. XIX - înc. sec. sec. XX
391,SB-II-m-B-20971,"Corpul A, cu poarta de acces dinspre str. Andrei Şaguna",municipiul SIBIU Str.,Şaguna Andrei 25,ante 1875
392,SB-II-m-B-12174,Casă,municipiul SIBIU Pasajul,Şcolii 2,sec. XVIII
393,SB-II-a-A-12175,"Fosta mănăstire franciscană, azi biserică romano-catolică şi locuinţe",municipiul SIBIU Str. (corpul,"Şelarilor 12-14, Str. Bărbierilor 2 S+P), Str. Manejului 4",sec. XV - XVIII
394,SB-II-m-A-12175.01,Biserica romano-catolică „Sf. Francisc”,municipiul SIBIU Str. Str.,"Şelarilor 12-14, Str. Bărbierilor 2, Manejului 4","1425 - 1450, 1716; 1776"
395,SB-II-m-A-12175.02,"Claustru, azi locuinţe",municipiul SIBIU Str. (corpul,"Şelarilor 12-14, Str. Bărbierilor 2 S+P), Str. Manejului 4",sec. XV - XVIII
396,SB-II-m-A-12176,Casă,municipiul SIBIU Str.,Târgului 3,"sec. XV (fragmente), sec. XVIII, 1825 - 1850"
397,SB-II-m-B-12177,Casă,municipiul SIBIU Str.,Târgului 4,"urme sec. XV - XVI, cca.1700, 1860"
398,SB-II-m-B-12178,Casa Hermann Wagner,municipiul SIBIU Str.,Tipografilor 4,"sec. XVI, 1850-1875"
399,SB-II-m-B-12179,Casă,municipiul SIBIU Str.,Tipografilor 23,sec. XVIII
400,SB-II-m-B-20997,"Fostul cinematograf ""Arta""",municipiul SIBIU Str.,Tribunei 6,1901
401,SB-II-m-B-12180,Casă,municipiul SIBIU Str.,Turnului 1,"sec. XV, sec. XVII, sec. XVIII"
402,SB-II-m-B-12181,Casă,municipiul SIBIU Str.,Turnului 4,"sec. XV, a doua jum. a sec. XIX, 1860"
403,SB-II-m-A-12182,Casa Martin Wankel,municipiul SIBIU Str.,Turnului 6,"sec. XIV, transf. 1704; 1925 - 1950"
404,SB-II-m-B-12183,Casă,municipiul SIBIU Str.,Turnului 7,"sec. XVI - XVIII, cu fragmente sec. XIV"
405,SB-II-m-B-12184,Casă,municipiul SIBIU Str.,Turnului 12,"fragmente sec. XV - XVI, sec. XVIII; primul sfert al sec. XIX; 1875 - 1900; 1925 - 1950"
406,SB-II-m-A-12185,Casă,municipiul SIBIU Str.,Turnului 14,"fragmente sec. XIV, sec. XVIII"
407,SB-II-m-B-20946,"Rectoratul Universităţii ""Lucian Blaga""",municipiul SIBIU Bd.,Victoriei 8-10,1904
408,SB-II-m-A-20929,Tribunalul Sibiu,municipiul SIBIU Bd.,Victoriei 11,sf. sec. XIX
409,SB-II-m-B-20952,Casa Partenie Cosma,municipiul SIBIU Bd.,Victoriei 25,1906
410,SB-II-a-B-21005,Ansamblul fostului seminar evanghelic,municipiul SIBIU Bd.,Victoriei 40,1875 - 1911
411,SB-II-m-B-21005.01,Corpul A,municipiul SIBIU Bd.,Victoriei 40,1891
412,SB-II-m-B-21005.02,Corpul B,municipiul SIBIU Bd.,Victoriei 40,1895
413,SB-II-m-B-21005.03,Corpul C,municipiul SIBIU Bd.,Victoriei 40,1911
414,SB-II-m-B-21005.04,Corpul D,municipiul SIBIU Bd.,Victoriei 40,1875
415,SB-II-m-B-21005.05,Corpul E,municipiul SIBIU Bd.,Victoriei 40,1875
416,SB-II-m-B-21005.06,Parcul,municipiul SIBIU Bd.,Victoriei 40,1890-1911
417,SB-II-m-A-12186,Casă,municipiul SIBIU Str.,Vopsitorilor 13,"sec. XV, 1650 - 1700, 1794, sec. XX"
418,SB-II-m-B-12187,Casă,municipiul SIBIU Str.,Vopsitorilor 21,"sec. XVI - XVII, 1827"
419,SB-II-a-B-12188,Ansamblul bisericii evanghelice fortificate,sat AGÂRBICIU; 383 comuna AXENTE SEVER,,sec. XIV - XIX
420,SB-II-m-B-12188.01,Biserica evanghelică fortificată,sat AGÂRBICIU; 383 comuna AXENTE SEVER,,"sec. XIV - XVII, transf. 1827, 1845"
421,SB-II-m-B-12188.02,"Incintă fortificată, cu turn de poartă, bastioane",sat AGÂRBICIU; 383 comuna AXENTE SEVER,,sf. sec. XV - înc. sec. XVI
422,SB-II-a-A-12189,Centrul istoric,oraş AGNITA Str. respectiv Bisericii Vlaicu Complexul respectiv,"Mihai Viteazu până la nr. 55, FIPA II, Piaţa Republicii, Piaţa Evanghelice, Str. Nouă, Str. Aurel şi Str. 1 Decembrie până la Comercial şi Hotelul nou, intrarea FIPA.",sec. XIV - XX
423,SB-II-m-B-12190,Casă,oraş AGNITA Str.,1 Decembrie 1918 4,înc. sec. XIX
424,SB-II-m-B-12191,Casă,oraş AGNITA Str.,1 Decembrie 1918 6,înc. sec. XIX
425,SB-II-m-B-12192,Casă,oraş AGNITA Str.,1 Decembrie 1918 12,mijl. sec. XIX
426,SB-II-m-B-12193,Casă,oraş AGNITA Str.,1 Decembrie 1918 14,sf. sec. XVIII
427,SB-II-m-B-12194,Casă,oraş AGNITA Str.,1 Decembrie 1918 16,înc. sec. XIX
428,SB-II-m-B-12195,"Locuinţă, azi Muzeul de istorie şi etnografie",oraş AGNITA Str.,1 Decembrie 1918 29,1800
429,SB-II-a-A-12196,Ansamblul bisericii evanghelice fortificate,oraş AGNITA Str.,Agnita Nouă 1,a doua jum. a sec. XIII - sec.XIX
430,SB-II-m-A-12196.01,Biserica evanghelică,oraş AGNITA Str.,Agnita Nouă 1,"1250 - 1300, cca. 1407, 1890 - 1892"
431,SB-II-m-A-12196.02,Turn de poartă (al olarilor),oraş AGNITA Str.,Agnita Nouă 1,a doua jum. a sec. XV - sec. XVI
432,SB-II-m-A-12196.03,Turn estic (al fierarilor),oraş AGNITA Str.,Agnita Nouă 1,a doua jum. a sec. XV - sec. XVI
433,SB-II-m-A-12196.04,Turn sud-estic (al croitorilor),oraş AGNITA Str.,Agnita Nouă 1,a doua jum. a sec. XV - sec. XVI
434,SB-II-m-A-12196.05,Turn sud-vestic (al cizmarilor) şi fragment din zidul de incintă,oraş AGNITA Str.,Agnita Nouă 1,a doua jum. a sec. XV - sec. XVI
435,SB-II-m-B-12197,Casă,oraş AGNITA Str.,Mihai Viteazul 3,înc. sec. XIX
436,SB-II-m-B-12198,Casă,oraş AGNITA Str.,Mihai Viteazul 7,înc. sec. XIX
437,SB-II-m-B-12199,Casă,oraş AGNITA Str.,Mihai Viteazul 21,1900
438,SB-II-m-B-12300,Casa parohială a bisericii reformate,oraş AGNITA Str.,Mihai Viteazul 31,sf. sec. XVIII
439,SB-II-m-B-12301,Casă,oraş AGNITA Str.,Mihai Viteazul 33,1819
440,SB-II-m-B-12302,Casă,oraş AGNITA Str.,Mihai Viteazul 37A,înc. sec. XIX
441,SB-II-m-B-12303,Biserica „Sf. Nicolae”,oraş AGNITA Str.,Plevna,1795
442,SB-II-m-B-12304,Casă,oraş AGNITA Piaţa,Republicii 14,sf. sec. XIX
443,SB-II-m-B-12305,Casă,oraş AGNITA Piaţa,Republicii 15,1850 - 1900
444,SB-II-m-B-12306,Casă,oraş AGNITA Piaţa,Republicii 17,sec. XIX
445,SB-II-m-B-12307,Casă,oraş AGNITA Piaţa,Republicii 18,1900
446,SB-II-a-A-12308,Ansamblul bisericii reformate,sat ALMA; comuna Str. ALMA,Bisericii 40,sf. sec. XV - înc. sec. XX
447,SB-II-m-A-12308.01,Biserica reformată,sat ALMA; comuna Str. ALMA,Bisericii 40,"sf. sec. XV - înc. sec. XVI, transf. 1718; turn 1902"
448,SB-II-m-A-12308.02,Şcoala veche,sat ALMA; comuna Str. ALMA,Bisericii 40,sec. XIX
449,SB-II-a-A-12309,Ansamblul bisericii evanghelice fortificate,sat ALMA VII; Piaţa comuna MOŞNA,Centrală,sec. XIV - XIX
450,SB-II-m-A-12309.01,Biserica evanghelică fortificată,sat ALMA VII; Piaţa comuna MOŞNA,Centrală,"sec. XIV, sec. XVI, transf. 1804"
451,SB-II-m-A-12309.02,"Incintă fortificată, cu turn de poartă, turn-clopotniţă, două turnuri, anexe.",sat ALMA VII; Piaţa comuna MOŞNA,Centrală,sec. XVI - XVII
452,SB-II-m-B-20923.24,Linie ferată îngustă,sat ALȚÂNA; Între comuna ALȚÂNA,km 62+798-62+924,1898 - 1910
453,SB-II-m-B-20923.25,Podeţ cu pachete de şine 2 m,sat ALȚÂNA; La comuna ALȚÂNA,km 63+165,1898 - 1910
454,SB-II-m-B-20923.26,"Podeţ cu pachete de şine 1,45 m",sat ALȚÂNA; La comuna ALȚÂNA,km 63+548,1898 - 1910
455,SB-II-m-B-20923.27,"Podeţ cu pachete de şine 2,85 m",sat ALȚÂNA; La comuna ALȚÂNA,km 64+343,1898 - 1910
456,SB-II-m-B-20923.28,"Podeţ cu pachete de şine 1,95 m",sat ALȚÂNA; La comuna ALȚÂNA,km 65+254,1898 - 1910
457,SB-II-m-B-20923.29,"Podeţ cu pachete de şine 3,4 m",sat ALȚÂNA; La comuna ALȚÂNA,km 66+066,1898 - 1910
458,SB-II-m-B-20923.30,Halta Alţâna,sat ALȚÂNA; La comuna ALȚÂNA,km 67+959,1898 - 1910
459,SB-II-m-B-20923.31,Pod metalic cu grinzi cu zăbrele,sat ALȚÂNA; La comuna ALȚÂNA,km 69+340,1898 - 1910
460,SB-II-a-A-12310,Ansamblul bisericii evanghelice fortificate,sat ALȚÂNA; 443 comuna ALȚÂNA,,sec. XIII - XIX
461,SB-II-m-A-12310.01,Biserica evanghelică,sat ALȚÂNA; 443 comuna ALȚÂNA,,"sec. XIII, sec.XV, 1500 - 1520, turn 1853 - 1859"
462,SB-II-m-A-12310.02,"Incintă fortificată, cu turnuri, zwinger",sat ALȚÂNA; 443 comuna ALȚÂNA,,sec. XV - XVI
463,SB-II-m-A-12310.03,Turn-clopotniţă,sat ALȚÂNA; 443 comuna ALȚÂNA,,1856 - 1858
464,SB-II-m-A-21083,Casă de locuit,sat ALTÂNA; Str. comuna ALTÂNA,Gării 92,
465,SB-II-m-B-12311,Biserica de lemn „Sf. Ioan Evanghelistul”,sat APOLDU DE Str. JOS; comuna APOLDU DE JOS,Principală 191,"1771, 1818 (refaceri)"
466,SB-II-a-B-12312,Ansamblul bisericii evanghelice fortificate,sat APOLDU DE 165 SUS; oraş MIERCUREA SIBIULUI,,sec. XIII - XIX
467,SB-II-m-B-12312.01,Biserica evanghelică,sat APOLDU DE 165 SUS; oraş MIERCUREA SIBIULUI,,"1836 (biserica), 1867(turn)"
468,SB-II-m-B-12312.02,Incintă fortificată- fragmente,sat APOLDU DE 165 SUS; oraş MIERCUREA SIBIULUI,,sec. XIII - XVI
469,SB-II-a-B-12313,Ansamblul bisericii evanghelice,sat APOŞ; comuna 80 BÂRGHIŞ,,sf. sec. XV - sec. XVIII
470,SB-II-m-B-12313.01,Biserica evanghelică,sat APOŞ; comuna 80 BÂRGHIŞ,,"sf. sec. XV - sec. XVIII, 1763 - 1770"
471,SB-II-m-B-12313.02,Turn-clopotniţă,sat APOŞ; comuna 80 BÂRGHIŞ,,1799
472,SB-II-m-B-12314,"Biserica „Adormirea Maicii Domnului”, cu turnul",sat ARPAŞU DE Str. JOS; comuna ARPAŞU DE JOS,Bisericii 282,"1791 (biserica), 1824 (turnul)"
473,SB-II-m-A-12315,Biserica „Adormirea Maicii Domnului”,sat ARPAŞU DE Str. SUS; comuna ARPAŞU DE JOS,Bisericii 258,"1799 - 1802, 1798 - 1803, 1815"
474,SB-II-a-A-12316,Ansamblul bisericii evanghelice fortificate,sat AŢEL; comuna 100 AŢEL,,sec. XIV - XVII
475,SB-II-m-A-12316.01,Biserica evanghelică,sat AŢEL; comuna 100 AŢEL,,sec. XIV - XVII
476,SB-II-m-A-12316.02,Turn (pe fosta incintă interioară),sat AŢEL; comuna 100 AŢEL,,sec. XIV
477,SB-II-m-A-12316.03,"Incintă fortificată, cu două turnuri, turn de poartă",sat AŢEL; comuna 100 AŢEL,,sf. sec. XV - XVI
478,SB-II-m-B-12317,Biserica „Duminica Floriilor”,oraş AVRIG Str.,Lazăr Gheorghe 1,mijl. sec. XVIII
479,SB-II-a-A-12318,Ansamblul bisericii evanghelice fortificate,oraş AVRIG Str.,Lazăr Gheorghe 12,sec. XI - XVI
480,SB-II-m-A-12318.01,Biserica evanghelică,oraş AVRIG Str.,Lazăr Gheorghe 12,"1270 - 1280, sec. XVI (transf.)"
481,SB-II-m-A-12318.02,Incintă fortificată (ruine),oraş AVRIG Str.,Lazăr Gheorghe 12,sec. XI
482,SB-II-a-A-12319,Ansamblul castelului Brukenthal,oraş AVRIG Str.,Lazăr Gheorghe 39,a doua jum. a sec. XVIII - sec. XIX
483,SB-II-m-A-12319.01,Castelul Brukenthal,oraş AVRIG Str.,Lazăr Gheorghe 39,1750 - 1800
484,SB-II-m-A-12319.02,Oranjerie,oraş AVRIG Str.,Lazăr Gheorghe 39,sec. XIX
485,SB-II-m-A-12319.03,Parc,oraş AVRIG Str.,Lazăr Gheorghe 39,sec. XIX
486,SB-II-m-B-12320,Casă parohială evanghelică,sat AXENTE SEVER; 309 comuna AXENTE SEVER,,sec. XVI - XVIII
487,SB-II-a-A-12321,Ansamblul bisericii evanghelice fortificate,sat AXENTE SEVER; 316 comuna AXENTE SEVER,,sec. XIV - XVI
488,SB-II-m-A-12321.01,Biserica evanghelică fortificată,sat AXENTE SEVER; 316 comuna AXENTE SEVER,,sec. XIV - XV
489,SB-II-m-A-12321.02,"Incintă fortificată, cu fostul turn de poartă",sat AXENTE SEVER; 316 comuna AXENTE SEVER,,sf. sec. XV - XVI
490,SB-II-m-B-12322,Biserica „Învierea Domnului”,sat AXENTE SEVER; Str. comuna AXENTE SEVER,Luncii 320,ante 1836
491,SB-II-a-A-12323,"Ansamblul rural ""Centrul localităţii""",sat BAZNA; Delimitat comuna BAZNA,cf. Aviz 2182/27.06.08,sf. sec. XVII - înc. sec. XIX
492,SB-II-a-A-12324,Ansamblul bisericii evanghelice fortificate,sat BAZNA; Str. comuna BAZNA,Vlaicu Aurel 2,sec. XIV - XVI
493,SB-II-m-A-12324.01,Biserica evanghelică fortificată,sat BAZNA; Str. comuna BAZNA,Vlaicu Aurel 2,sf. sec. XIV - sec. XVI (ante 1504)
494, SB-II-m-A-12324.02," Incintă fortificată, cu turn, bastion, turn de poartă (fragmente)", sat BAZNA; Str. comuna BAZNA, Vlaicu Aurel 2," sec. XV - înc. sec. XVI, ref. 1911"
495,SB-II-m-B-20923.11,Linie ferată îngustă,sat BÂRGHIŞ; Între comuna BÂRGHIŞ,km 53+157-54+056,1898 - 1910
496,SB-II-m-B-20923.12,"Podeţ metalic 8,5 m",sat BÂRGHIŞ; La comuna BÂRGHIŞ,km 53+200,1898 - 1910
497,SB-II-m-B-20923.13,Podeţ de beton cu parapet de protecţie 1 m,sat BÂRGHIŞ; La comuna BÂRGHIŞ,km 53+862,1898 - 1910
498,SB-II-m-B-20923.18,Linie ferată îngustă,sat BENEŞTI; Între comuna ALȚÂNA,km 57+991-62+438,1898 - 1910
499,SB-II-m-B-20923.19,Staţia Beneşti,sat BENEŞTI; La comuna ALȚÂNA,km 60+761,1898 - 1910
500,SB-II-m-B-20923.20,"Podeţ cu pachete de şine 3,4 m",sat BENEŞTI; La comuna ALȚÂNA,km 61+108,1898 - 1910
501,SB-II-m-B-20923.21,"Podeţ cu pachete de şine 1,5 m",sat BENEŞTI; La comuna ALȚÂNA,km 61+851,1898 - 1910
502,SB-II-m-B-12325,Biserica ortodoxă,sat BENEŞTI; Str. comuna ALȚÂNA,Bisericii,"1810, transf. 1907"
503,SB-II-s-A-12327,Situl rural Biertan,sat BIERTAN; Sit comuna BIERTAN Ministerului,delimitat cf. aviz nr. 811/E/1998 al Culturii,sec. XVI - XIX
504,SB-II-a-A-12328,Ansamblul bisericii evanghelice fortificate,sat BIERTAN; Piaţa comuna BIERTAN,1 Decembrie 1918 2,sec. XV - XVII
505,SB-II-m-A-12328.01,Biserica evanghelică,sat BIERTAN; Piaţa comuna BIERTAN,1 Decembrie 1918 2,1490 - 1516
506,SB-II-m-A-12328.02,"Incintă fortificată interioară, cu trei turnuri, bastion, turn de poartă",sat BIERTAN; Piaţa comuna BIERTAN,1 Decembrie 1918 2,sec. XV
507,SB-II-m-A-12328.03,"Incintă fortificată mediană, cu bastion (azi casa paznicului) şi scară de lemn acoperită, turn",sat BIERTAN; Piaţa comuna BIERTAN,1 Decembrie 1918 2,sec. XVI
508,SB-II-m-A-12328.04,"Incintă fortificată exterioară, cu turn, turn de poartă, zwinger",sat BIERTAN; Piaţa comuna BIERTAN,1 Decembrie 1918 2,sec. XVI - XVII
509,SB-II-a-A-12329,Casa parohială evanghelică,sat BIERTAN; Piaţa comuna BIERTAN,1 Decembrie 1918 3,"sec. XV - XVII, transf. 1820"
510,SB-II-m-B-12330,Casă,sat BIERTAN; Str. comuna BIERTAN,Bălcescu Nicolae 25,1876
511,SB-II-m-B-12331,"Fostă farmacie, azi locuinţă",sat BIERTAN; Str. comuna BIERTAN,Vlaicu Aurel 1,sec. XV - XVIII
512,SB-II-m-B-12332,Fostul castel Tobias,sat BOARTA; 158 comuna ŞEICA MARE,,1770
513,SB-II-a-A-12333,Ansamblul bisericii evanghelice fortificate,sat BOIAN; comuna 69 BAZNA,,înc. sec. XV - înc. sec. XIX
514,SB-II-m-A-12333.01,Biserica evanghelică fortificată,sat BOIAN; comuna 69 BAZNA,,"înc. sec. XV, 1506, cca.1518, 1766, 1825"
515,SB-II-m-A-12333.02,"Incintă fortificată, cu turn de poartă",sat BOIAN; comuna 69 BAZNA,,sf. sec. XV
516,SB-II-m-A-12334,Turnul Spart (fragmente),sat BOIŢA; comuna DN7 BOIŢA S,"- E81, pe malul drept al Oltului, la de Boiţa",sec. XIV
517,SB-II-a-B-12335,"Ansamblul rural ""Centrul localităţii""",sat BOIŢA; comuna Delimitat BOIŢA,cf. aviz 210/Z/22.06.2009,sec. XVIII - XIX
518,SB-II-a-B-12336,Ansamblul bisericii „Adormirea Maicii Domnului”,sat BOIŢA; comuna Str. BOIŢA,Bisericii 243,sec. XIX
519,SB-II-m-B-12336.01,Biserica „Adormirea Maicii Domnului”,sat BOIŢA; comuna Str. BOIŢA,Bisericii 243,1812 - 1822
520,SB-II-m-B-12336.02,Zid de incintă şi poartă,sat BOIŢA; comuna Str. BOIŢA,Bisericii 243,sec. XIX
521,SB-II-m-A-12337,"Castelul Turnu Roşu, azi Centrul de plasament nr. 18",sat BOIŢA; comuna Str. BOIŢA,Traian 342,1533 - 1930
522,SB-II-a-B-12338,Ansamblul bisericii evanghelice,sat aparţinător 5 BRADU; oraş AVRIG,,sec. XVII - XIX
523,SB-II-m-B-12338.01,Biserica evanghelică,sat aparţinător 5 BRADU; oraş AVRIG,,"1633, 1803"
524,SB-II-m-B-12338.02,Zid-incintă,sat aparţinător 5 BRADU; oraş AVRIG,,sec. XVIII
525,SB-II-m-B-12338.03,Casa parohială evanghelică,sat aparţinător 5 BRADU; oraş AVRIG,,sec. XVII
526,SB-II-a-A-12339,Ansamblul bisericii evanghelice fortificate,sat BRATEIU; 33 comuna BRATEIU,,sec. XIV - XIX
527,SB-II-m-A-12339.01,Biserica evanghelică fortificată,sat BRATEIU; 33 comuna BRATEIU,,"sec. XIV - XVI, transf. sec. XVIII, 1845 - 1846"
528,SB-II-m-A-12339.02,"Incintă fortificată, cu turn de poartă şi bastion",sat BRATEIU; 33 comuna BRATEIU,,cca.1500
529,SB-II-m-B-20923.01,"Halta Hendorf, (veche denumire a satului Brădeni)",sat BRĂDENI; La comuna BRĂDENI,km 27+100,1898 - 1910
530,SB-II-m-B-20923.02,Canton 1 Brădeni,sat BRĂDENI; La comuna BRĂDENI,km 27+791,1898 - 1910
531,SB-II-m-B-20923.03,Canton 2 Brădeni,sat BRĂDENI; La comuna BRĂDENI,km 27+806,1898 - 1910
532,SB-II-a-A-12340,Ansamblul bisericii evanghelice fortificate,sat BRĂDENI; 117 comuna BRĂDENI,,sec. XIV - XVIII
533,SB-II-m-A-12340.01,Biserica evanghelică fortificată,sat BRĂDENI; 117 comuna BRĂDENI,,"1476 - 1507, 1769"
534,SB-II-m-A-12340.02,"Incintă fortificată, cu turnuri (inclusiv cel transformat în casa paznicului cetăţii)",sat BRĂDENI; 117 comuna BRĂDENI,,cca. 1520
535,SB-II-a-A-12341,Ansamblul bisericii evanghelice fortificate,sat BRUIU; comuna 241 BRUIU,,sf. sec. XIII - sec. XIX
536,SB-II-m-A-12341.01,Biserica evanghelică,sat BRUIU; comuna 241 BRUIU,,"sf. sec. XIII, ext. sec. XIX"
537,SB-II-m-A-12341.02,"Incintă fortificată, cu patru bastioane şi turn",sat BRUIU; comuna 241 BRUIU,,sf. sec. XV - XVI
538,SB-II-m-A-12342,Castelul familiei Bolyai,sat BUIA; comuna La ŞEICA MARE secundar,"ieşirea din sat, spre NV, pe un drum",sec. XV - XVII
539,SB-II-m-B-12343,Biserica evanghelică,sat BUIA; comuna 112 ŞEICA MARE,,"sec. XV, 1786 (turn)"
540,SB-II-m-B-20923.57,Linie ferată îngustă,sat BUNGARD; Între comuna ŞELIMBĂR,km 95+584-98+519,1898 - 1910
541,SB-II-m-B-20923.58,Podeţ metalic - 3 m,sat BUNGARD; La comuna ŞELIMBĂR,km 97+185,1898 - 1910
542,SB-II-m-B-20923.59,Halta Bolovani,sat BUNGARD; comuna ŞELIMBĂR,,1898 - 1910
543,SB-II-a-B-12344,Ansamblul bisericii „Sf. Maria”,sat BUNGARD; Str. comuna ŞELIMBĂR,Bisericii 50,sec. XVII - XIX
544,SB-II-m-B-12344.01,"Biserica „Sf. Maria”, cu turnul-clopotniţă",sat BUNGARD; Str. comuna ŞELIMBĂR,Bisericii 50,"1690 (turnul), 1824 (biserica)"
545,SB-II-m-B-12344.02,Zid-incintă,sat BUNGARD; Str. comuna ŞELIMBĂR,Bisericii 50,1690
546,SB-II-a-A-12345,Ansamblul bisericii evanghelice fortificate,sat BUZD; comuna 2 BRATEIU,,sec. XIV - XIX
547,SB-II-m-A-12345.01,Biserica evanghelică fortificată,sat BUZD; comuna 2 BRATEIU,,"sec. XIV, cca.1500, 1846"
548,SB-II-m-A-12345.02,Incintă fortificată (fragmente),sat BUZD; comuna 2 BRATEIU,,sf. sec. XVI
549,SB-II-m-B-20923.52,Linie ferată îngustă,sat CAŞOLŢ; Între comuna ROŞIA,km 90+825-95+584,1898 - 1910
550,SB-II-m-B-20923.53,Staţia Caşolţ,sat CAŞOLŢ; La comuna ROŞIA,km 91+787,1898 - 1910
551,SB-II-m-B-20923.54,Canton Caşolţ,sat CAŞOLŢ; La comuna ROŞIA,km 91+802,1898 - 1910
552,SB-II-m-B-20923.55,"Podeţ metalic - 3,95 m",sat CAŞOLŢ; La comuna ROŞIA,km 91+906,1898 - 1910
553,SB-II-m-B-20923.56,Podeţ dalat – 7 m,sat CAŞOLŢ; La comuna ROŞIA,km 94+586,1898 - 1910
554,SB-II-m-A-12346,Casă (Ana Drotler),sat CAŞOLŢ; 120 comuna ROŞIA,,sec. XIX
555,SB-II-m-B-12347,Casă,sat CAŞOLŢ; 224 comuna ROŞIA,,1750
556,SB-II-a-A-12348,Ansamblul fostei mănăstiri cisterciene,sat CÂRŢA; comuna 111 CÂRŢA,,"sec. XIII, transf. sec. XV"
557,SB-II-m-A-12348.01,Biserica evanghelică,sat CÂRŢA; comuna 111 CÂRŢA,,"sec. XIII, transf. sec. XV"
558,SB-II-m-A-12348.02,Faţada vestică a bisericii fostei mănăstiri,sat CÂRŢA; comuna 111 CÂRŢA,,înc.sec. XIV - a doua jum. a sec. XV
559,SB-II-m-A-12348.03,Closter (parţial şi în substrucţiile casei parohiale evanghelice),sat CÂRŢA; comuna 111 CÂRŢA,,sec. XIII - XVI
560,SB-II-m-B-12349,Casă,sat CÂRŢA; comuna 216 CÂRŢA,,1827
561,SB-II-m-A-12350,Biserica „Buna Vestire” - Streza Cârţişoara,sat CÂRŢIŞOARA; Str. comuna CÂRŢIŞOARA,Bisericii 168,1818 - 1821
562,SB-II-m-A-12351,Biserica „Sf. Nicolae” - Oprea Cârţişoara,sat CÂRŢIŞOARA; Str. comuna CÂRŢIŞOARA,Principală 300,1806
563,SB-II-a-A-12352,Ansamblul bisericii evanghelice fortificate,sat CHIRPĂR; 43 comuna CHIRPĂR,,sec. XIII - XIX
564,SB-II-m-A-12352.01,Biserica evanghelică fortificată,sat CHIRPĂR; 43 comuna CHIRPĂR,,"sec. XIII, cca.1500; 1800 - 1850"
565,SB-II-m-A-12352.02,Incintă fortificată şi zwinger (fragmente),sat CHIRPĂR; 43 comuna CHIRPĂR,,sec. XVI
566,SB-II-m-B-12353,Biserica „Înălţarea Domnului”,sat CHIRPĂR; Str. comuna CHIRPĂR,Bisericii 189,"1844, transf. 1899"
567,SB-II-a-A-12354,"Ansamblul urban ""Centrul istoric""",oraş CISNĂDIE Str. până casele;,"Cindrelu de la nr. 42-45 inclusiv, la Piaţa Revoluţiei, cu toate str. Apărării, începând din Piaţa",sec. XVIII - XIX
568,SB-II-a-A-12355,Ansamblul bisericii evanghelice fortificate,oraş CISNĂDIE Str.,Cetăţii 1-3,sec. XIII - XVIII
569,SB-II-m-A-12355.01,Biserica evanghelică,oraş CISNĂDIE Str.,Cetăţii 1-3,"înc. sec. XIII, a doua jum. sec. XV, sec. XVII"
570,SB-II-m-A-12355.02,Incintă fortificată interioară,oraş CISNĂDIE Str.,Cetăţii 1-3,1430 - 1530
571,SB-II-m-A-12355.03,"Incintă fortificată exterioară, cu turnuri, bastioane, capelă, zwinger, casă parohială",oraş CISNĂDIE Str.,Cetăţii 1-3,"1430 - 1530, 1783"
572,SB-II-m-B-12356,Casă,oraş CISNĂDIE Str.,Măgurii 1,sec. XVIII
573,SB-II-m-B-12357,Casă,oraş CISNĂDIE Str.,Măgurii 2,sec. XVIII
574,SB-II-a-A-12358,"Ansamblul bisericii evanghelice ""Sf. Mihail""",sat aparţinător Pe CISNĂDIOARA; oraş CISNĂDIE,dealul de la limita sudică a satului,sec. XII - XIII
575,SB-II-m-A-12358.01,Biserica evanghelică „Sf. Mihail”,sat CISNĂDIOARA; Pe oraş CISNĂDIE,dealul de la limita sudică a satului,1176 - 1223
576,SB-II-m-A-12358.02,Incintă fortificată,sat CISNĂDIOARA; Pe oraş CISNĂDIE,dealul de la limita sudică a satului,sec. XIII
577,SB-II-m-A-12358.03,Turn exterior (est) - fragment,sat CISNĂDIOARA; Pe oraş CISNĂDIE,dealul de la limita sudică a satului,sec. XIII
578,SB-II-a-A-12359,"Ansamblul rural ""Centrul istoric""","sat aparţinător La CISNĂDIOARA; oraş 4 CISNĂDIE fronturi; fronturi Grădinilor, fronturi; fronturi; intersecţia numerelor evanghelic Izvorului,","N: de la intersecţia cu str. Konrad, nr. şi 278, spre biserica fortificată ambele La E: str. Cisnădiei, ambele până la intersecţia cu str. str. Sub Cetate ambele La S: str. Râului ambele La V: pe malul râului până la cu str. Salond, în dreptul 89 şi 189, pe str. cu cimitirul până la intersecţia cu str. str. Izvorului ambele laturi",sec. XVIII - XIX
579,SB-II-m-B-12360,Biserica evanghelică,sat CISNĂDIOARA; Str. oraş CISNĂDIE,Cistercienilor 54,"sec. XV (turn), 1764 (biserica)"
580,SB-II-m-A-12361,Biserica „Tăierea Capului Sf. Ioan Botezătorul”,sat COLUN; f.n. comuna PORUMBACU DE JOS,,1811
581,SB-II-a-B-12362,"Ansamblul rural ""Centrul istoric, cu piaţa bisericii evanghelice""",sat COPŞA MARE; Între comuna BIERTAN,"21-57, 87-159, 199-246",sec. XVIII - XIX
582,SB-II-m-B-12363,Casa parohială evanghelică,sat COPŞA MARE; 237 comuna BIERTAN,,1826
583,SB-II-a-A-12364,Ansamblul bisericii evanghelice fortificate,sat COPŞA MARE; 237 comuna BIERTAN,,mijl. sec. XIV - sec. XVIII
584,SB-II-m-A-12364.01,Biserica evanghelică fortificată,sat COPŞA MARE; 237 comuna BIERTAN,,"mijl. sec. XIV, transf. 1510, 1519, 1797"
585,SB-II-m-A-12364.02,Incintă fortificată,sat COPŞA MARE; 237 comuna BIERTAN,,cca. 1519
586,SB-II-a-B-12365,Ansamblul bisericii evanghelice fortificate,oraş COPŞA MICĂ 98,,"sec. XV, sec.XIX"
587,SB-II-m-B-12365.01,Biserica evanghelică,oraş COPŞA MICĂ 98,,"sec. XV, sec. XIX"
588,SB-II-m-B-12365.02,Zid de incintă cu turn- clopotniţă,oraş COPŞA MICĂ 98,,"1764 (zid-incintă), 1854 (turn)"
589,SB-II-a-A-12366,Ansamblul bisericii evanghelice S.P.,oraş COPŞA MICĂ Str.,Mediaşului 100,sec. XIII - XVIII
590,SB-II-m-A-12366.01,Biserica evanghelică,oraş COPŞA MICĂ Str.,Mediaşului 100,sec. XIII - XVIII
591,SB-II-m-A-12366.02,Zid-incintă,oraş COPŞA MICĂ Str.,Mediaşului 100,sec. XV - XVIII
592,SB-II-a-B-12367,Ansamblul bisericii romano-catolice „Înălţarea Domnului”,oraş COPŞA MICĂ Str.,Mediaşului 102,sec. XVIII
593,SB-II-m-B-12367.01,Biserica romano-catolică „Înălţarea Domnului”,oraş COPŞA MICĂ Str.,Mediaşului 102,sec. XVIII
594,SB-II-m-B-12367.02,Zid-incintă,oraş COPŞA MICĂ Str.,Mediaşului 102,sec. XVIII
595,SB-II-m-B-20923.48,Linie ferată îngustă,sat CORNĂŢEL; Între comuna ROŞIA,km 85+689-89+104,1898 - 1910
596,SB-II-m-B-20923.49,"Podeţ metalic 15,75 m",sat CORNĂŢEL; La comuna ROŞIA,km 85+812,1898 - 1910
597,SB-II-m-B-20923.50,"Staţia Cornăţel (gară, canton, district, cântar, turn de apă)",sat CORNĂŢEL; La comuna ROŞIA,km 86+138,1898 - 1910
598,SB-II-m-B-20923.71,Linie ferată îngustă- ramificaţie (Linia Vânătorilor),sat CORNĂŢEL; Între comuna ROŞIA,km 0-0+890,1898 - 1910
599,SB-II-m-B-20923.07,Linie ferată îngustă,sat COVEŞ; oraş Între AGNITA,km 50+310-53+157,1898 - 1910
600,SB-II-m-B-20923.08,"Staţie Agnita (gară, depozit, grup sanitar)",sat COVEŞ; oraş La AGNITA,km 51+076,1898 - 1910
601,SB-II-m-B-20923.09,Podeţ metalic 6 m,sat COVEŞ; oraş La AGNITA,km 51+540,1898 - 1910
602,SB-II-m-B-20923.10,Halta Coveş,sat COVEŞ; oraş La AGNITA,km 52+355,1898 - 1910
603,SB-II-m-B-20916,Casa Drothlef,sat CRISTIAN; Str. comuna CRISTIAN,IV 10,sec. XVIII
604,SB-II-m-B-12368,"Casă, azi Muzeul Sătesc",sat CRISTIAN; Str. comuna CRISTIAN,IV 27,sec. XVIII
605,SB-II-a-A-12369,Ansamblul bisericii evanghelice fortificate,sat CRISTIAN; Str. comuna CRISTIAN,X 44,sec. XIII - XVIII
606,SB-II-m-A-12369.01,Biserica evanghelică,sat CRISTIAN; Str. comuna CRISTIAN,X 44,"sec. XIII, 1480 - 1495 (transf.), sec. XVIII"
607,SB-II-m-A-12369.02,Incintă fortificată interioară (fragmente),sat CRISTIAN; Str. comuna CRISTIAN,X 44,cca.1500
608,SB-II-m-A-12369.03,Turnul Octogonal,sat CRISTIAN; Str. comuna CRISTIAN,X 44,cca.1580
609,SB-II-m-A-12369.04,"Incintă fortificată exterioară, cu trei turnuri, poartă",sat CRISTIAN; Str. comuna CRISTIAN,X 44,cca.1500
610,SB-II-m-A-12369.05,Zwingerele cu casa parohială evanghelică,sat CRISTIAN; Str. comuna CRISTIAN,X 44,cca.1550
611,SB-II-m-B-12370,Biserica „Buna Vestire”,sat CRISTIAN; Str. comuna CRISTIAN,XIII 6,1790
612,SB-II-a-A-12371,Ansamblul bisericii evanghelice fortificate,sat CURCIU; 184 comuna DÂRLOS,,sec. XV - XIX
613,SB-II-m-A-12371.01,Biserica evanghelică,sat CURCIU; 184 comuna DÂRLOS,,"sec. XIV, 1810 - 1814 (transf.)"
614,SB-II-m-A-12371.02,"Incintă fortificată, cu turn de poartă şi capelă",sat CURCIU; 184 comuna DÂRLOS,,sec. XVI
615,SB-II-m-B-20923.51,Linie ferată îngustă,sat DAIA; comuna Între ROŞIA,km 89+104-90+825,1898 - 1910
616,SB-II-m-B-12373,Casă,sat DAIA; comuna 11 ROŞIA,,sf. sec. XVI
617,SB-II-m-B-12374,Casă,sat DAIA; comuna 12 ROŞIA,,sec. XVIII
618,SB-II-m-B-12372,Casa parohială evanghelică,sat DAIA; comuna 196 ROŞIA,,"sec. XVI, 1900"
619,SB-II-a-A-12375,Ansamblul bisericii evanghelice fortificate,sat DAIA; comuna 196 ROŞIA,,sec. XIII - XVIII
620,SB-II-m-A-12375.01,Biserica evanghelică,sat DAIA; comuna 196 ROŞIA,,"sec. XIII, cca.1500, 1592, 1778"
621,SB-II-m-A-12375.02,Zid de incintă cu turn- clopotniţă,sat DAIA; comuna 196 ROŞIA,,sec. XIII - XVII
622,SB-II-m-A-12376,Biserica evanghelică şi fragmente ale zidului de incintă,sat DÂRLOS; 270 comuna DÂRLOS,,"1450 - 1500, cca.1500, 1837"
623,SB-II-m-A-12377,Casa parohială evanghelică,sat DEALU 12 FRUMOS; comuna MERGHINDEAL,,"sec. XVI, ext. sec. XIX - XX"
624,SB-II-a-A-12378,Ansamblul bisericii evanghelice fortificate,sat DEALU 13 FRUMOS; comuna MERGHINDEAL,,sec. XIII - XVIII
625,SB-II-m-A-12378.01,Biserica evanghelică fortificată,sat DEALU 13 FRUMOS; comuna MERGHINDEAL,,"sec. XIII, cca.1500, sec.XVIII"
626,SB-II-m-A-12378.02,"Incintă fortificată, cu turnuri, acces fortificat, încăperi pentru provizii, anexe.",sat DEALU 13 FRUMOS; comuna MERGHINDEAL,,"1522, 1647"
627,SB-II-m-B-12379,Casă (Wohner),sat DEALU 118 FRUMOS; comuna MERGHINDEAL,,1783
628,SB-II-m-B-12380,Biserica „Sf. Nicolae”,sat DEALU Str. FRUMOS; comuna MERGHINDEAL,Bisericii 251,1824
629,SB-II-a-A-12381,Ansamblul bisericii evanghelice fortificate,sat DOBÂRCA; oraş 212 MIERCUREA SIBIULUI,,sec. XIII - XIX
630,SB-II-m-A-12381.01,Biserica evanghelică fortificată,sat DOBÂRCA; oraş 212 MIERCUREA SIBIULUI,,"sec. XIII, transf. 1481-1515; 1631, 1741, 1872"
631,SB-II-m-A-12381.02,"Incintă fortificată, cu turnuri şi acces fortificat",sat DOBÂRCA; oraş 212 MIERCUREA SIBIULUI,,"cca. 1500, înc. sec. XVII"
632,SB-II-m-A-12382,Biserica romano-catolică „Sf. Apostoli Petru şi Pavel” (biserica fostei mănăstiri mechitariste),oraş DUMBRĂVENI Str.,1 Decembrie 1918 3,1795 - 1798
633,SB-II-m-A-12383,Biserica armeano-catolică „Sf. Elisabeta”,oraş DUMBRĂVENI Piaţa,Cipariu Timotei 1,1766 - 1791
634,SB-II-m-B-12384,Castelul Apafi,oraş DUMBRĂVENI Str.,Cuza Vodă 4,"1552, 1650-1700"
635,SB-II-m-B-12385,"Fosta capelă catolică „ Sf. Ioan Botezătorul”, azi biserică evanghelică CA",oraş DUMBRĂVENI Str.,Vladimirescu Tudor 50,"1771, 1925 (modif.)"
636,SB-II-a-A-12386,Ansamblul bisericii evanghelice fortificate,sat DUPUŞ; 127 comuna AŢEL,,primul sfert al sec. XVI-sec. XVIII
637,SB-II-m-A-12386.01,Biserica evanghelică fortificată,sat DUPUŞ; 127 comuna AŢEL,,"1500 - 1525, 1743"
638,SB-II-m-A-12386.02,Zid incintă,sat DUPUŞ; 127 comuna AŢEL,,sec. XVI
639,SB-II-m-B-12387,"Biserica „Sf. Nicolae” - Cacova, cu turnul- clopotniţă",sat FÂNTÂNELE; Str. oraş SĂLIŞTE,Şcolii 143,"1771 – 1774 (biserica), 1794 (turn)"
640,SB-II-m-B-12388,Biserica evanghelică,sat FLOREŞTI; Str. comuna LASLEA,Principală 50,"1424 (biserica), 1835 (turn)"
641,SB-II-m-A-12389,Biserica „Sf. Vasile”,sat FOFELDEA; Str. comuna NOCRICH,Dealului 125,1804 - 1810
642,SB-II-m-B-12390,Biserica „Intrarea în Biserică”,sat GALEŞ; oraş Str. SĂLIŞTE,Principală 59,"înc. sec. XVIII, 1809"
643,SB-II-m-B-21016,"Biserica ortodoxă ""Sf. Nicolae""",sat GHERDEAL; CF comuna BRUIU de,"nr. 100148 (provenită din conversia pe hârtie a CF nr.136), nr. top 240/2",1805-1808
644,SB-II-a-B-12391,Ansamblul bisericii evanghelice fortificate,sat GHERDEAL; 51 comuna BRUIU,,sec. XVI - XIX
645,SB-II-m-B-12391.01,Biserica evanghelică,sat GHERDEAL; 51 comuna BRUIU,,cca. 1850
646,SB-II-m-B-12391.02,"Incintă fortificată, cu turnuri de colţ şi încăperi pentru provizii",sat GHERDEAL; 51 comuna BRUIU,,"primul sfert al sec. XVI, 1846 (acces şi încăperi pentru provizii)"
647,SB-II-m-B-12392,"Biserica „Cuvioasa Paraschiva”, cu turnul- clopotniţă",sat GHIJASA DE f.n. JOS; comuna NOCRICH,,"1864 (biserica), 1881 (turnul)"
648,SB-II-m-B-12394,Casă de lemn,sat GURA RÂULUI; 507 comuna GURA RÂULUI,,sf. sec. XIX
649,SB-II-m-B-12393,"Pod de lemn, acoperit",sat GURA RÂULUI; 541 comuna GURA RÂULUI,,sf. sec. XIX
650,SB-II-m-B-12395,Casă de lemn,sat GURA RÂULUI; 936 comuna GURA RÂULUI,,sec. XIX
651,SB-II-m-B-12397,Biserica „Cuvioasa Paraschiva”-Biserica Mică,sat GURA RÂULUI; Str. comuna GURA RÂULUI,Principală 220,sec. XVIII - XIX
652,SB-II-a-B-12396,Ansamblu textil hidraulic,sat GURA RÂULUI; Str. comuna GURA RÂULUI,Principală 1074,sec. XIX
653,SB-II-m-B-12398,Biserica evanghelică,sat HAMBA; 51 comuna ŞURA MARE,,"sec. XIII - XVI, 1829 - 1830; sec. XIX (turn-clopotniţă)"
654,SB-II-a-B-12399,Ansamblul bisericii evanghelice,sat HOGHILAG; 1 comuna HOGHILAG,,sec. XVI - XIX
655,SB-II-m-B-12399.01,Biserica evanghelică,sat HOGHILAG; 1 comuna HOGHILAG,,1828 - 1838
656,SB-II-m-B-12399.02,Turn-clopotniţă (fost turn de poartă?),sat HOGHILAG; 1 comuna HOGHILAG,,"1581, 1796"
657, SB-II-m-B-20923.41, Linie ferată îngustă, sat HOSMAN; Între comuna NOCRICH, km 76+133-82+801, 1898 - 1910
658,SB-II-m-B-20923.42,Podeţ dalat,sat HOSMAN; La comuna NOCRICH,km 79+034,1898 - 1910
659,SB-II-m-B-20923.43,Canton Hosman,sat HOSMAN; La comuna NOCRICH,km 79+110,1898 - 1910
660,SB-II-m-B-20923.44,"Podeţ dalat – 5,8 m",sat HOSMAN; La comuna NOCRICH,km 79+506,1898 - 1910
661,SB-II-m-B-20923.45,Podeţ dalat – 5 m,sat HOSMAN; La comuna NOCRICH,km 81+077,1898 - 1910
662,SB-II-a-A-12400,Ansamblul bisericii evanghelice fortificate,sat HOSMAN; 129 comuna NOCRICH,,sec. XIII - înc. sec. XIX
663,SB-II-m-A-12400.01,Biserica evanghelică fortificată,sat HOSMAN; 129 comuna NOCRICH,,"sec. XIII, modif. sec. XVI şi XVIII, 1803 - 1804"
664,SB-II-m-A-12400.02,"Incintă fortificată interioară, cu două turnuri, bastion şi turn de poartă",sat HOSMAN; 129 comuna NOCRICH,,sec. XV
665,SB-II-m-A-12400.03,"Incintă fortificată exterioară, cu două turnuri",sat HOSMAN; 129 comuna NOCRICH,,sec. XV - sec. XVIII
666,SB-II-a-B-12401,"Ansamblul rural ""Centrul istoric""",sat IACOBENI; La comuna IACOBENI podeţul nr. până fronturi; datată biserica la la,"N: pe vale, ambele laturi până la din dreptul nr. 81; La SE. De la 48, pe drumul din dreptul primărie la casa datată 1818, ambele La SV: de la intersecţia cu casa 1818, ambele laturi până la fortificată inclusiv; La N-NV: de biserica fortificată toată partea până podeţul din dreptul nr. 81",sec. XVIII - XIX
667,SB-II-a-A-12402,Ansamblul bisericii evanghelice fortificate,sat IACOBENI; 231 comuna IACOBENI,,sec. XIV - XVI
668,SB-II-m-A-12402.01,Biserica evanghelică fortificată,sat IACOBENI; 231 comuna IACOBENI,,sec. XIV - primul sfert al sec. XVI
669,SB-II-m-A-12402.02,"Incintă fortificată, cu turnuri, încăpere pentru provizii, turn de poartă şi zwinger cu turn-casă a",sat IACOBENI; 231 comuna IACOBENI,,mijl. sec. XVI
670,SB-II-a-A-12403,Ansamblul bisericii evanghelice fortificate,sat aparţinător 110 IGHIŞU NOU; municipiul MEDIAŞ,,sec. XIV - XVIII
671,SB-II-m-A-12403.01,Biserica evanghelică fortificată,sat aparţinător 110 IGHIŞU NOU; municipiul MEDIAŞ,,sec. XIV - XVIII
672,SB-II-m-A-12403.02,"Incintă fortificată, cu turn de poartă, bastion, turnul semicircular şi zwinger",sat aparţinător 110 IGHIŞU NOU; municipiul MEDIAŞ,,sec. XVI
673,SB-II-m-B-12404,Biserica „Buna Vestire”,sat aparţinător Str. IGHIŞU NOU; municipiul MEDIAŞ,Principală 46,1747
674,SB-II-m-B-12405,Casa parohială evanghelică,sat aparţinător Str. IGHIŞU NOU; municipiul MEDIAŞ,Şcolii 39,sec. XV - XVIII
675,SB-II-m-B-12406,Biserica „Sf. Nicolae”,sat ILIMBAV; Str. comuna MARPOD,Principală 46,1826 - 1836
676,SB-II-m-B-12407,Biserica de lemn „Buna Vestire”,sat ILIMBAV; Str. comuna MARPOD,Principală 47,"1852, adusă din satul Noul şi reasamblată"
677,SB-II-m-B-12408,Casă,sat JINA; comuna 213 JINA,,înc. sec. XIX
678,SB-II-m-B-12409,Biserica „Buna Vestire”,sat JINA; comuna Str. JINA,Dealului 297,1795 - 1796
679,SB-II-a-B-12410,Ansamblul bisericii evanghelice,sat LASLEA; 9 comuna LASLEA,,sec. XV - XIX
680,SB-II-m-B-12410.01,Biserica evanghelică,sat LASLEA; 9 comuna LASLEA,,1842 - 1845
681,SB-II-m-B-12411,Turnul-clopotniţă al fostei biserici evanghelice,sat LASLEA; 9 comuna LASLEA,,sec. XIV - XV
682,SB-II-m-B-12412,"Biserica „Sf. Arhangheli”, cu turnul-clopotniţă",sat LOAMNEŞ; Str. comuna LOAMNEŞ,Principală 140,"1805 - 1810 (biserica), cca.1885 (turnul)"
683,SB-II-m-B-12413,Casă de lemn,sat MAG; oraş 127 SĂLIŞTE,,sec. XIX
684,SB-II-m-B-20317,Casă,sat MARPOD; f.n. comuna MARPOD,,1706
685,SB-II-m-B-20923.36,Linie ferată îngustă,sat MARPOD; Între comuna MARPOD,km 73+193-76+133,1898 - 1910
686,SB-II-m-B-20923.37,"Podeţ metalic 10,05 m",sat MARPOD; La comuna MARPOD,km 73+198,1898 - 1910
687,SB-II-m-B-20923.38,Podeţ metalic 10 m,sat MARPOD; La comuna MARPOD,km 74+435,1898 - 1910
688,SB-II-m-B-20923.39,Halta Ţichindeal,sat MARPOD; La comuna MARPOD,km 75+070,1898 - 1910
689,SB-II-m-B-20923.40,Podeţ metalic 2 m,sat MARPOD; La comuna MARPOD,km 75+982,1898 - 1910
690,SB-II-a-B-12414,Ansamblul bisericii evanghelice fortificate,sat MARPOD; 357 comuna MARPOD,,sec. XIII - XVIII
691,SB-II-m-B-12414.01,Biserica evanghelică,sat MARPOD; 357 comuna MARPOD,,"sec. XIII - XVI, 1785 - 1798"
692,SB-II-m-B-12414.02,"Incintă fortificată, anexe",sat MARPOD; 357 comuna MARPOD,,sec. XV - XVI
693,SB-II-a-B-12415,"Ansamblul rural ""Centrul istoric""","sat MĂLÂNCRAV; Delim. comuna LASLEA frontul dreapta, Laslea frontul apă",La N de nr. 267 la V de nr. 415 din stânga şi nr. 342 frontul din la S de nr 2 pe drumul spre şi nr. 6 pe frontul stang şi 72 pe drept al străzii paralele peste,sec. XVIII - XIX
694,SB-II-a-A-12416,Ansamblul bisericii evanghelice,sat MĂLÂNCRAV; 87 comuna LASLEA,,sec. XIV - sec. XVI
695,SB-II-m-A-12416.01,Biserica evanghelică,sat MĂLÂNCRAV; 87 comuna LASLEA,,sec. XIV - înc.sec. XVI
696,SB-II-m-A-12416.02,Incintă fortificată,sat MĂLÂNCRAV; 87 comuna LASLEA,,sec. XV - XVI
697,SB-II-a-B-12417,Ansamblul fortificaţiilor oraşului medieval,"municipiul MEDIAŞ Str. Brâncoveanu, După Bărnuţiu str.","Eminescu Mihai, str. Consatntin str. Titulescu Nicolae, str. Zid, str. Fundătura Policlinicii, str. Simion, str. Cloşca, str. Unirii, Pompierilor.",sec. XV - XVII
698,SB-II-m-B-12417.01,"Latura Vest: curtine (fragmente), Bastionul Rotund şi turn, azi înglobat în locuinţă","municipiul MEDIAŞ Curtină: str. curtină, Constantin înglobate actuale","str. Eminescu Mihai 2-10, între Cooperatorilor şi str. Turnului; Bastionul Rotund şi turn: str. Brâncoveanu-parţial în zidurile construcţiilor",sec. XV - XVII
699,SB-II-m-B-12417.02,"Latura Nord: Turnul Porţii Străzii Pietruite, curtine (fragmente)",municipiul MEDIAŞ Turnul intersecţia str. Azilului,Porţii Străzii Pietruite: la str. Honterus Johannes cu Titulescu Nicolae; curtină: str. 1-5 şi str. Titulescu Nicolae,sec. XV - XVII
700,SB-II-m-B-12417.03,"Latura Est: Bastionul Cuţitarilor, Turnul Rotarilor (azi locuinţă),",municipiul MEDIAŞ Bastionul curtină: corespunzător,"Cuţitarilor, Turnul Rotarilor, str. După Zid 2-6, str. Mihai Viteazul 6-48;",sec. XV - XVII
701,SB-II-m-B-12417.04,"Latura Sud: Bastionul Blănarilor, Turnul de Poartă Forkesch, curtine (fragmente)",municipiul MEDIAŞ Bastionul Turnul Şaguna str. Cazărmi 15-21; curtină:,"Blănarilor: str. Cloşca 1; de Poartă Forkesch: Piaţa Andrei; curtine: str. Cloşca 1-7, Badea Cârţan, în curtea fostei a Husarilor; curtină: str. Unirii curtină: str. Pompierilor 1-7;, str. Fundătura Policlinicii 7-9.",sec. XV - XVII
702,SB-II-a-A-12418,"Ansamblul urban ""Centrul istoric al municipiului""",municipiul MEDIAŞ str. de Bărnuţiu frontul str. Eminescu Brâncoveanu Titulescu,"După Zid frontul sudic, str. Târnavei la nr. 5 la nr. 1 frontul vestic, str. S. frontul vestic, str. Cloşca vestic, str. Unirii frontul nordic, Pompierilor frontul estic, str. M. frontul estic, str. C frontul estic, str. N. frontul sudic",sec. XVIII - XIX
703, SB-II-m-B-12422, Fosta armurărie, municipiul MEDIAŞ Str., Armurierilor 6," sec. XV - XVI, sec. XVIII"
704,SB-II-a-B-12423,Casă,municipiul MEDIAŞ Str.,Bisericii 2,sec. XVIII
705,SB-II-a-A-12424,"Ansamblul bisericii evanghelice fortificate (""Castelul”)",municipiul MEDIAŞ Piaţa,Castelului 1,sec. XIII - XIX
706,SB-II-m-A-12424.01,"Biserica evanghelică („Sf. Margareta”), cu Turnul Trompeţilor",municipiul MEDIAŞ Piaţa,Castelului 1,"1330 - 1340, 1437 - 1488, sec. XVI - XIX, 1927 - 1928"
707,SB-II-m-A-12424.02,Fosta şcoală confesională evanghelică,municipiul MEDIAŞ Piaţa,Castelului 1,1713
708,SB-II-m-A-12424.03,Casa natală a lui Ştefan Ludwig Roth,municipiul MEDIAŞ Piaţa,Castelului 1,1796
709,SB-II-m-A-12424.04,Casa predicatorilor,municipiul MEDIAŞ Piaţa,Castelului 1,"sec. XVI, 1793"
710,SB-II-m-A-12424.05,Casă parohială evanghelică,municipiul MEDIAŞ Piaţa,Castelului 1,"sf. sec. XV - înc. sec. XIX, 1515"
711,SB-II-m-A-12424.06,Primăria veche şi scara acoperită,municipiul MEDIAŞ Piaţa,Castelului 1,"înc. sec. XVII, (1616? - primăria), 1803 (scara)"
712,SB-II-m-A-12424.07,"Incinta fortificată interioară: Turnul Porţii, Turnul Şcolii (înglobat în şcoală), Turnul Frânghierilor, Turnul Mariei, Turnul Croitorilor, curtine. - Incinta exterioară, parţial înglobată în zidurile clădirilor adiacente; şanţ (fragment).",municipiul MEDIAŞ Piaţa,Castelului 1,sec. XIV - XVI
713,SB-II-m-B-12425,Casă,municipiul MEDIAŞ Str.,Doja Gheorghe 10,sec. XVIII
714,SB-II-m-B-12426,Casă,municipiul MEDIAŞ Str.,Doja Gheorghe 16,"1467, sec. XVIII"
715,SB-II-m-B-12427,Casă,municipiul MEDIAŞ Str.,Doja Gheorghe 17,sf. sec. XVIII - înc.sec. XIX
716,SB-II-m-B-12428,Casă,municipiul MEDIAŞ Str.,Doja Gheorghe 20,înc. sec. XVIII
717,SB-II-m-B-12429,Casă şi poartă,municipiul MEDIAŞ Str.,Doja Gheorghe 34,înc. sec. XVIII
718,SB-II-a-A-12421,"Ansamblul urban ""Piaţa George Enescu""",municipiul MEDIAŞ Piaţa,Enescu George 4-9,sec. XVIII
719,SB-II-m-B-12430,Casă,municipiul MEDIAŞ Piaţa,Enescu George 8-9,sec. XVIII
720,SB-II-a-B-12419,"Ansamblul urban ""Str. Johannes Honterus""",municipiul MEDIAŞ Str.,Honterus Johannes,sec. XVIII - XIX
721,SB-II-m-B-12431,Casă,municipiul MEDIAŞ Str.,Honterus Johannes 7,sec. XVIII
722,SB-II-m-B-12432,Casă,municipiul MEDIAŞ Str.,Honterus Johannes 8,sec. XVIII
723,SB-II-m-B-12433,Casă,municipiul MEDIAŞ Str.,Honterus Johannes 19,sf. sec. XVIII
724,SB-II-m-B-12434,Casă,municipiul MEDIAŞ Str.,Honterus Johannes 38,sf. sec. XVIII
725,SB-II-m-B-12435,Casa Zoppelt,municipiul MEDIAŞ Str.,Iorga Nicolae 17,1850 - 1860
726,SB-II-m-B-12436,Fost post vamal,municipiul MEDIAŞ Str.,Mihai Viteazul 3B,sec. XVIII
727, SB-II-m-B-12437, Biserica „Înălţarea Domnului”, municipiul MEDIAŞ Str., Mihai Viteazul 7, 1826
728,SB-II-a-A-12438,Fosta mănăstire franciscană,municipiul MEDIAŞ Str.,Mihai Viteazul 44-46,sec. XV - XVIII
729,SB-II-m-A-12438.01,Biserica romano-catolică „Imaculata Concepţiune”,municipiul MEDIAŞ Str.,Mihai Viteazul 44-46,"1490 - 1515, 1742"
730,SB-II-m-A-12438.02,"Claustrul fostei mănăstiri franciscane, azi Muzeul Municipal",municipiul MEDIAŞ Str.,Mihai Viteazul 44-46,"1490 - 1515, 1726 - 1733"
731,SB-II-m-B-12439,"Fostul cămin „Sf. Anton"" (fostul spital al calfelor)",municipiul MEDIAŞ Fundătura,Policlinicii 5,sec. XV - XVIII
732,SB-II-a-A-12420,"Ansamblul urban ""Piaţa Regele Ferdinand I""",municipiul MEDIAŞ Piaţa,Regele Ferdinand I,sec. XVIII - XIX
733,SB-II-m-A-12440,Casă,municipiul MEDIAŞ Piaţa,Regele Ferdinand 1,"sec. XV, sec. XVI - XVIII"
734,SB-II-m-B-12441,Fosta Şcoală a Piariştilor,municipiul MEDIAŞ Piaţa,Regele Ferdinand 13,cca. 1736
735,SB-II-m-A-12442,Casa Schuster,municipiul MEDIAŞ Piaţa,Regele Ferdinand 14,cca.1705
736,SB-II-m-A-12443,"Hanul ""La Strugurele de Aur"", azi locuinţă",municipiul MEDIAŞ Piaţa,Regele Ferdinand 16,sec. XIX
737,SB-II-m-B-12444,Casă,municipiul MEDIAŞ Piaţa,Regele Ferdinand 17,sec. XVII - XX
738,SB-II-m-B-12445,Casă,municipiul MEDIAŞ Piaţa,Regele Ferdinand 18-19,"sec. XVIII, 1806"
739,SB-II-m-B-12446,Casă,municipiul MEDIAŞ Piaţa,Regele Ferdinand 20,sec. XVIII - XX
740,SB-II-m-B-12447,Casă,municipiul MEDIAŞ Piaţa,Regele Ferdinand 21,"sec. XVIII - XX, 1760"
741,SB-II-m-A-12448,Casa Rosenauer,municipiul MEDIAŞ Piaţa,Regele Ferdinand 22,sec. XVI - XVIII
742,SB-II-m-A-12449,Casa Theil,municipiul MEDIAŞ Piaţa,Regele Ferdinand 24,"1531, sec. XVIII - XIX"
743,SB-II-m-A-12450,"Casa Schuller, azi sediu al FDGR",municipiul MEDIAŞ Piaţa,Regele Ferdinand 25,sec. XVI
744,SB-II-m-B-12451,Casa Haner-Karres,municipiul MEDIAŞ Piaţa,Regele Ferdinand 29,"sec. XVI, sec. XIX - XX"
745,SB-II-m-B-12452,Casă,municipiul MEDIAŞ Piaţa,Regele Ferdinand 30,"sec. XVI - XVII, 1663"
746,SB-II-m-B-12453,Fosta Cazarmă a Husarilor,municipiul MEDIAŞ Str.,"Şaguna Andrei, mitropolit 12",1805
747,SB-II-m-A-12454,Casă,municipiul MEDIAŞ Str.,Turnului 2,sec. XVII - XVIII
748,SB-II-m-B-12455,Casă,municipiul MEDIAŞ Str.,Turnului 4,"1660, sec. XVIII"
749,SB-II-m-B-12456,Casă,municipiul MEDIAŞ Str.,Turnului 6,sec. XVII - XVIII
750,SB-II-m-B-12457,"Fosta primărie, azi Casa Thomas Quibb",sat MERGHINDEAL; comuna MERGHINDEAL,,sec. XIX
751,SB-II-a-A-12458,Ansamblul bisericii evanghelice fortificate,sat MERGHINDEAL; 230 comuna MERGHINDEAL,,sec. XIII - XIX
752,SB-II-m-A-12458.01,Biserica evanghelică fortificată,sat MERGHINDEAL; 230 comuna MERGHINDEAL,,"sec. XIII, cca.1500 (fortificare), 1803 (modificări)"
753,SB-II-m-A-12458.02,"Incintă fortificată, cu turnuri",sat MERGHINDEAL; 230 comuna MERGHINDEAL,,sec. XVI
754,SB-II-a-B-12459,Ansamblul bisericii evanghelice fortificate,sat METIŞ; comuna 2 MIHĂILENI,,sec. XV - XIX
755,SB-II-m-B-12459.01,Biserica evanghelică,sat METIŞ; comuna 2 MIHĂILENI,,"sec. XV (turn), 1863 (biserică)"
756,SB-II-m-B-12459.02,"Incintă fortificată, cu turn (fragment)",sat METIŞ; comuna 2 MIHĂILENI,,sec. XV - XVI
757,SB-II-m-B-12460,"Casă, fosta casă Mărgineanu",sat MICĂSASA; 212 comuna MICĂSASA,,cca. 1800
758,SB-II-m-B-12461,"Biserică, azi biserica reformată şi biserica romano-catolică „Sf. Treime”",sat MICĂSASA; 225-226 comuna MICĂSASA,,"sec. XIII, ref. sec. XIV - XV, transf. sec. XVIII"
759,SB-II-m-A-12462,"Castelul Brukenthal şi trei corpuri de clădiri anexe: fostele grajduri, turn de poartă, clădire în continuarea turnului porţii",sat MICĂSASA; 331 comuna MICĂSASA,,sec. XVIII
760,SB-II-a-A-12463,"Ansamblul rural ""Centrul istoric""",oraş MIERCUREA Zona SIBIULUI evanghelice delimitată nr.,"centrală cu piaţa bisericii (Piaţa Republicii) de nr. 190-239, nr. 541-588, 634-637, nr. 660-673, nr. 766-800.",sec. XVIII - XIX
761,SB-II-a-A-12464,Ansamblul bisericii evanghelice fortificate,oraş MIERCUREA 219-221 SIBIULUI,,sec. XIII - XIX
762,SB-II-m-A-12464.01,Biserica evanghelică,oraş MIERCUREA 219-221 SIBIULUI,,"sec. XIII, sf. sec. XV, 1783"
763,SB-II-m-A-12464.02,"Incintă fortificată, cu acces fortificat, spaţii pentru provizii, anexe",oraş MIERCUREA 219-221 SIBIULUI,,"sec. XIII, sec. XV"
764,SB-II-m-A-12464.03,Casa parohială evanghelică,oraş MIERCUREA 219-221 SIBIULUI,,"sec. XVI, 1835"
765,SB-II-m-B-12465,Casă,oraş MIERCUREA Piaţa SIBIULUI,Republicii 217,sf. sec. XVIII
766,SB-II-m-B-12466,Casă,oraş MIERCUREA Piaţa SIBIULUI,Republicii 218,sec. XVIII
767,SB-II-m-A-12467,Biserica „Sf. Prooroc Ilie”,oraş MIERCUREA Str. SIBIULUI,Victoriei 637,sec. XIX
768,SB-II-a-B-12468,Ansamblul bisericii evanghelice fortificate,sat MOARDĂŞ; 96 comuna MIHĂILENI,,sf. sec. XIV - sec. XVI
769,SB-II-m-B-12468.01,Biserica evanghelică,sat MOARDĂŞ; 96 comuna MIHĂILENI,,sf. sec. XIV - înc. sec. XV
770,SB-II-m-B-12468.02,"Incintă fortificată, cu turn semicircular şi acces fortificat (fragmente)",sat MOARDĂŞ; 96 comuna MIHĂILENI,,sec. XV - XVI
771,SB-II-m-B-20923.60,Linie ferată îngustă,sat MOHU; Între comuna ŞELIMBĂR,km 98+519-101+907,1898 - 1910
772,SB-II-m-B-20923.61,Pasarelă pietonală peste râul Hârtibaciu,sat MOHU; La comuna ŞELIMBĂR,km 98+602,1898 - 1910
773,SB-II-m-B-20923.62,"Pod metalic cu grinzi cu zăbrele peste râul Cibin – 59,2 m",sat MOHU; La comuna ŞELIMBĂR,km 98+723,1898 - 1910
774,SB-II-m-B-20923.63,"Pod metalic cu grinzi cu zăbrele- 15, 4 m",sat MOHU; La comuna ŞELIMBĂR,km 98+83,1898 - 1910
775,SB-II-m-B-20923.64,"Podeţ cu pachete de şine – 1,9 m",sat MOHU; La comuna ŞELIMBĂR,km 99+281,1898 - 1910
776,SB-II-m-B-20923.65,Podeţ cu pachete de şine – 2 m,sat MOHU; La comuna ŞELIMBĂR,km 99+ 639,1898 - 1910
777,SB-II-m-B-20923.66,"Podeţ metalic – 3,46 m",sat MOHU; La comuna ŞELIMBĂR,km 100+410,1898 - 1910
778,SB-II-m-B-20923.67,Staţia sat Mohu,sat MOHU; La comuna ŞELIMBĂR,km 101+120,1898 - 1910
779,SB-II-m-A-12469,Biserica „Sf. Nicolae”,sat MOHU; Str. comuna ŞELIMBĂR,Principală 179,1782 - 1785
780,SB-II-a-A-12470,"Ansamblul rural ""Centrul istoric""",sat MOŞNA; Piaţa comuna MOŞNA primăria,"din jurul bisericii evanghelice, cu şi parcul",sec. XVIII - XIX
781,SB-II-a-A-12471,Ansamblul bisericii evanghelice fortificate,sat MOŞNA; 1 comuna MOŞNA,,sec. XIV - XVI
782,SB-II-m-A-12471.01,"Biserica evanghelică fortificată, cu turn- clopotniţă şi încăpere pentru provizii",sat MOŞNA; 1 comuna MOŞNA,,"sf. sec. XIV, cca 1480 -1486, 1491; 1498; 1589"
783,SB-II-m-A-12471.02,"Incintă fortificată cu turnuri, bastioane, capelă, încăperi pentru provizii, turn de poartă, zwinger",sat MOŞNA; 1 comuna MOŞNA,,"sec. XIV - XVI, 1480"
784,SB-II-m-B-12472,Casa parohială a bisericii evanghelice,sat MOŞNA; 530 comuna MOŞNA,,sec. XVII - XVIII
785,SB-II-a-B-12473,Ansamblul bisericii evanghelice fortificate,sat MOTIŞ; comuna 109 VALEA VIILOR,,sec. XIV - prima jum. a sec. XIX
786,SB-II-m-B-12473.01,Biserica evanghelică,sat MOTIŞ; comuna 109 VALEA VIILOR,,"sf. sec. XIV - al doilea sfert al sec. XIX, 1776 (plafon)"
787,SB-II-m-B-12473.02,"Incintă fortificată, cu turnuri, turn-clopotniţă, anexe",sat MOTIŞ; comuna 109 VALEA VIILOR,,sec. XV - prima jum. a sec. XIX
788,SB-II-a-B-12474,Ansamblul bisericii evanghelice fortificate,sat MOVILE; 164 comuna IACOBENI,,sec. XIII - XVI
789,SB-II-m-B-12474.01,Biserica evanghelică fortificată,sat MOVILE; 164 comuna IACOBENI,,sec. XIII - XV
790,SB-II-m-B-12474.02,"Incintă fortificată interioară, cu turnuri şi turn de poartă",sat MOVILE; 164 comuna IACOBENI,,sec. XV
791,SB-II-m-B-12474.03,Incintă fortificată exterioară,sat MOVILE; 164 comuna IACOBENI,,sec. XVI
792,SB-II-m-B-12475,Biserica „Sf. Nicolae”,sat MOVILE; Str. comuna IACOBENI,Bisericii 68,1796
793,SB-II-a-A-12476,Ansamblul bisericii evanghelice fortificate,sat NEMŞA; 199 comuna MOŞNA,,sf. sec. XIV - sec. XIX
794,SB-II-m-A-12476.01,Biserica evanghelică,sat NEMŞA; 199 comuna MOŞNA,,"sf. sec. XIV - înc. sec. XV, 1798"
795,SB-II-m-A-12476.02,Incintă fortificată,sat NEMŞA; 199 comuna MOŞNA,,"înc. sec. XVI, 1869 (turn)"
796,SB-II-m-B-20923.04,Halta Netuş,sat NETUŞ; comuna La IACOBENI,km 31+500,1898 - 1910
797,SB-II-a-A-12477,Ansamblul bisericii evanghelice fortificate,sat NETUŞ; comuna 42 IACOBENI,,sec. XV - XIX
798,SB-II-m-A-12477.01,Biserica evanghelică fortificată,sat NETUŞ; comuna 42 IACOBENI,,"sec. XV - XVI, (1504 - boltă, 1505 -1506 - turn), 1860 (cor vest)"
799,SB-II-m-A-12477.02,"Incintă fortificată (fragment), cu turnul de poartă",sat NETUŞ; comuna 42 IACOBENI,,sec. XVI
800,SB-II-m-B-20923.32,Linie ferată îngustă,sat NOCRICH; Între comuna NOCRICH,km 69+924-73+193,1898 - 1910
801,SB-II-m-B-20923.33,"Podeţ de beton cu parapet de protecţie 18,1 m",sat NOCRICH; La comuna NOCRICH,km 69+998,1898 - 1910
802,SB-II-m-B-20923.34,"Staţie Nocrich (gară, revizor, district canton)",sat NOCRICH; La comuna NOCRICH,km 71+804,1898 - 1910
803,SB-II-m-B-20923.35,"Podeţ metalic 8,3 m",sat NOCRICH; La comuna NOCRICH,km 71+970,1898 - 1910
804,SB-II-m-B-12479,Casa familiei Brukenthal (Casa Samuel Brukenthal),sat NOCRICH; 94 comuna NOCRICH,,sec. XVIII
805,SB-II-a-B-12480,Ansamblul bisericii evanghelice fortificate,sat NOCRICH; 158 comuna NOCRICH,,sec. XV - înc. sec. XIX
806,SB-II-m-B-12480.01,Biserica evanghelică,sat NOCRICH; 158 comuna NOCRICH,,1803 - 1806
807,SB-II-m-B-12480.02,Incintă fortificată (fragment),sat NOCRICH; 158 comuna NOCRICH,,sec. XV - XVII
808,SB-II-m-B-12481,Casa parohială evanghelică,sat NOCRICH; 208 comuna NOCRICH,,1796 - 1798
809,SB-II-m-B-12482,Biserica „Sf. Vasile”,sat NOCRICH; 253 comuna NOCRICH,,1832
810,SB-II-m-B-12483,Casă,sat NOCRICH; 321 comuna NOCRICH,,1870
811,SB-II-m-B-12478,Biserica de lemn „Sfinţii Apostoli Petru şi Pavel”,sat NOIŞTAT; f. comuna IACOBENI,n.,sec. XIX
812,SB-II-a-B-12484,Ansamblul bisericii evanghelice fortificate,sat NOIŞTAT; 19 comuna IACOBENI,,sec. XIV - XIX
813,SB-II-m-B-12484.01,Biserica evanghelică,sat NOIŞTAT; 19 comuna IACOBENI,,"sec. XIV (turn), cca.1510, 1856 - 1858 (nava)"
814,SB-II-m-B-12484.02,Incintă fortificată (fragment),sat NOIŞTAT; 19 comuna IACOBENI,,sec. XV
815,SB-II-a-A-12487,Ansamblul bisericii evanghelice fortificate,sat NOU; comuna 4 ROŞIA,,mijl. sec. XIII - sec. XVI
816,SB-II-m-A-12487.01,Biserica evanghelică,sat NOU; comuna 4 ROŞIA,,"mijl. sec. XIII, 1520 - 1525"
817,SB-II-m-A-12487.02,"Incintă fortificată (fragment), cu turn de poartă",sat NOU; comuna 4 ROŞIA,,sec. XVI
818,SB-II-a-B-12485,Ansamblul bisericii evanghelice,sat NOU SĂSESC; 208 comuna LASLEA,,sec. XIV - prima jum. a sec. XIX
819,SB-II-m-B-12485.01,Biserica evanghelică,sat NOU SĂSESC; 208 comuna LASLEA,,sf. sec. XIV - sec. XV
820,SB-II-m-B-12485.02,Turn-clopotniţă,sat NOU SĂSESC; 208 comuna LASLEA,,1828 - 1832
821,SB-II-m-B-12486,Biserica „Sf. Nicolae” - Din Cimitir,sat NOU SĂSESC; Str. comuna LASLEA,"Bisericii 65, în cimitirul ortodox",1806
822,SB-II-m-A-12489,Pavilionul băilor,oraş OCNA Str. SIBIULUI,Băilor 22,1907
823,SB-II-a-B-12490,Ansamblul bisericii „Schimbarea la Faţă”- Din Jos,oraş OCNA Str. SIBIULUI,Bălcescu Nicolae 9,sf. sec. XVIII - înc. sec. XIX
824,SB-II-m-B-12490.01,Biserica „Schimbarea la Faţă”,oraş OCNA Str. SIBIULUI,Bălcescu Nicolae 9,"1790, 1805"
825,SB-II-m-B-12490.02,Zid de incintă,oraş OCNA Str. SIBIULUI,Bălcescu Nicolae 9,sec. XIX
826,SB-II-m-A-12491,Biserica „Sf. Arhanghelii Mihail şi Gavriil” (Biserica lui Mihai Viteazul),oraş OCNA Str. SIBIULUI,Mihai Viteazul 82,cca.1700
827,SB-II-a-B-12492,Ansamblul bisericii „Sf. Ioan Botezătorul”- Din Sus,oraş OCNA Str. SIBIULUI,Mihai Viteazul 90,sec. XVIII - XIX
828,SB-II-m-B-12492.01,Biserica „Sf. Ioan Botezătorul” - Din Sus,oraş OCNA Str. SIBIULUI,Mihai Viteazul 90,"sec. XVIII, 1810"
829,SB-II-m-B-12492.02,Poartă,oraş OCNA Str. SIBIULUI,Mihai Viteazul 90,sec. XIX
830,SB-II-a-A-12493,Ansamblul bisericii evanghelice,oraş OCNA Str. SIBIULUI,Petöfi Sándor 1,înc. sec. XIII - sec. XV
831,SB-II-m-A-12493.01,Biserica evanghelică,oraş OCNA Str. SIBIULUI,Petöfi Sándor 1,înc. sec. XIII - sec. XV
832,SB-II-m-A-12493.02,Zid de incintă,oraş OCNA Str. SIBIULUI,Petöfi Sándor 1,sec. XV
833,SB-II-m-B-12488,Biserica romano-catolică,oraş OCNA Str. SIBIULUI,Trecătoarei 3,1765 - 1800
834,SB-II-m-B-12494,Casă de lemn,sat ORLAT; comuna 422 ORLAT,,1852
835,SB-II-m-B-12495,Casă de lemn,sat ORLAT; comuna 472 ORLAT,,sec. XIX
836,SB-II-m-B-12496,Biserica „Sf. Nicolae”,sat ORLAT; comuna Str. ORLAT,Câmpuşorului 542,1794
837,SB-II-a-B-12497,"Ansamblul fostului sediu al Comandamentului Grăniceresc, azi muzeu",sat ORLAT; comuna Str. ORLAT,"Grănicerilor 115, 194, 196, 197","1763, transf. sec. XX"
838,SB-II-a-B-12498,"Casa de cură - vilele 1, 2, 3, 4",localitatea în PĂLTINIŞ; municipiul SIBIU,centrul staţiunii,1897
839,SB-II-m-B-12499,Biserica evanghelică,sat PĂUCA; 176 comuna PĂUCA,,"sec. XIII - XVI, 1804?"
840,SB-II-m-B-12500,Biserica „Sf. Arhangheli Mihail şi Gavriil”,sat PĂUCA; Str. comuna PĂUCA,Principală 49,1806
841,SB-II-a-B-12501,Ansamblul bisericii evanghelice fortificate,sat PELIŞOR; 263 comuna BÂRGHIŞ,,sec. XV - XVIII
842,SB-II-m-B-12501.01,Biserica evanghelică,sat PELIŞOR; 263 comuna BÂRGHIŞ,,sec. XV - XVIII
843,SB-II-m-B-12501.02,"Incintă fortificată, cu turnuri, turn de poartă, zwinger",sat PELIŞOR; 263 comuna BÂRGHIŞ,,sec. XV - XVII
844,SB-II-m-B-12502,Biserica de lemn „Adormirea Maicii Domnului” - Din Deal,sat POIANA 290 SIBIULUI; comuna POIANA SIBIULUI,,1766
845,SB-II-m-B-20319,Casă de lemn,sat POIANA 947 SIBIULUI; comuna POIANA SIBIULUI,,1888
846,SB-II-m-B-20318,Casă de lemn,sat POIANA 1440 SIBIULUI; comuna POIANA SIBIULUI,,1879
847,SB-II-a-B-12503,Gospodărie ţărănească,sat POIANA Str. SIBIULUI; comuna POIANA SIBIULUI,Valea Radei 115,1869
848,SB-II-m-B-12504,Casă de lemn,sat POPLACA; 69 comuna POPLACA,,sec. XIX
849,SB-II-a-B-12505,Ansamblul bisericii „Naşterea Sf. Ioan Botezătorul”,sat POPLACA; Str. comuna POPLACA,Principală 341,sf. sec. XVIII - înc. sec. XIX
850,SB-II-m-B-12505.01,Biserica „Naşterea Sf. Ioan Botezătorul”,sat POPLACA; Str. comuna POPLACA,Principală 341,1793
851,SB-II-m-B-12505.02,Zid de incintă,sat POPLACA; Str. comuna POPLACA,Principală 341,1818
852,SB-II-m-B-20320,Casă de lemn,sat PORUMBACU 309 DE JOS; comuna PORUMBACU DE JOS,,1899
853,SB-II-m-B-12506,"Fostul Oficiu Poştal Tranzit, azi locuinţă",sat PORUMBACU 458 DE JOS; comuna PORUMBACU DE JOS,,1756 - 1760
854,SB-II-m-B-12507,Biserica de lemn „Sf. Treime”,sat PRESACA; Str. comuna PĂUCA,Principală 43,sec. XVIII
855,SB-II-a-B-12510,"Ansamblul rural ""Centrul localităţii""","sat RĂŞINARI; Centrul comuna RĂŞINARI ""Sf.Paraschiva""",localităţii şi piaţa bisericii,sec. XVIII - XIX
856,SB-II-m-B-12511,Casa Ilarie Mitrea,sat RĂŞINARI; 734 comuna RĂŞINARI,,sec. XIX
857,SB-II-m-B-12514,Casa Dancăşiu,sat RĂŞINARI; 844 comuna RĂŞINARI,,1784
858,SB-II-m-B-12515,Casă şi poartă,sat RĂŞINARI; 849 comuna RĂŞINARI,,"1835 (casa), 1868 (poarta)"
859,SB-II-m-B-12509,Şcoala veche,sat RĂŞINARI; 1512 comuna RĂŞINARI,,"1836, transf. 1864, 1904, 1957"
860,SB-II-a-B-12517,Ansamblul Conacului Barcianu,sat RĂŞINARI; Str. comuna RĂŞINARI,Barcianu Daniel 248,sec. XIX
861,SB-II-m-B-12517.01,Conacul Barcianu,sat RĂŞINARI; Str. comuna RĂŞINARI,Barcianu Daniel 248,sec. XIX
862,SB-II-m-B-12517.02,Zid de incintă,sat RĂŞINARI; Str. comuna RĂŞINARI,Barcianu Daniel 248,sec. XIX
863,SB-II-m-A-12518,Biserica „Cuvioasa Paraschiva”,sat RĂŞINARI; Str. comuna RĂŞINARI,Bisericii 1098,1725 - 1758
864,SB-II-m-B-12508,Casa Episcopilor - Parohia Ortodoxă Răşinari,sat RĂŞINARI; Str. comuna RĂŞINARI,Episcopilor 1486,sec. XVIII
865,SB-II-m-B-20321,Casă de lemn,sat RĂŞINARI; Str. comuna RĂŞINARI,Sibiului 786,1835
866,SB-II-m-B-20322,Şură,sat RĂŞINARI; Str. comuna RĂŞINARI,Sibiului 786,1835
867,SB-II-m-B-12513,Casă de lemn,sat RĂŞINARI; Str. comuna RĂŞINARI,Şaguna Andrei 817,1832
868,SB-II-m-B-12519,Biserica evanghelică,sat RETIŞ; comuna 45 BRĂDENI,,"1599, 1694, 1835 (turn)"
869,SB-II-m-B-12520,Biserica „Sf. Nicolae”,sat RETIŞ; comuna Str. BRĂDENI,Dealului 134,1811 - 1823
870,SB-II-a-B-12521,"Ansamblul rural ""Centrul istoric""",sat RICHIŞ; comuna La BIERTAN până secundar 91; biserica nr. Mediaş-Bârghiş drum La până,"N: drumul spre Biertan ambele laturi la nr. 41 şi 80; La E: drum ambele laturi până la nr. 87 şi La SSE: drum secundar pe lângă fortificată ambele laturi până la 163 şi 191; La S, drumul spre DJ ambele laturi până la: secundar până la nr. 301 şi 376; SSV, drum secundar ambele laturi la nr. 91 şi 87",sec. XVIII - XIX
871,SB-II-a-A-12522,Ansamblul bisericii evanghelice fortificate,sat RICHIŞ; comuna 1-2 BIERTAN,,a doua jum. a sec. XIV - sec. XVIII
872,SB-II-m-A-12522.01,Biserica evanghelică,sat RICHIŞ; comuna 1-2 BIERTAN,,a doua jum. a sec. XIV - sec. XVI
873,SB-II-m-A-12522.02,"Incintă fortificată (fragment), cu turn şi turn de poartă (turn- clopotniţă)",sat RICHIŞ; comuna 1-2 BIERTAN,,1500 - 1525
874,SB-II-m-A-12522.03,Casa parohială evanghelică,sat RICHIŞ; comuna 1-2 BIERTAN,,"sec. XVI, sec. XVIII"
875,SB-II-a-B-12523,Ansamblul bisericii evanghelice,sat ROANDOLA; 52 comuna LASLEA,,sec. XV - XVIII
876,SB-II-m-B-12523.01,Biserica evanghelică,sat ROANDOLA; 52 comuna LASLEA,,sec. XV
877,SB-II-m-B-12523.02,Turn-clopotniţă,sat ROANDOLA; 52 comuna LASLEA,,1792
878,SB-II-m-B-12524,Casă,sat ROD; comuna 30 TILIŞCA,,1872
879,SB-II-m-B-20323,Casă de lemn,sat ROD; comuna 287 TILIŞCA,,1825
880,SB-II-m-B-12525,Casă,sat ROD; comuna 387 TILIŞCA,,sec. XIX
881,SB-II-m-B-20923.46,Linie ferată îngustă,sat ROŞIA; comuna Între ROŞIA,km 82+801-85+682,1898 - 1910
882,SB-II-m-B-20923.47,"Podeţ de beton cu parapet de protecţie 5,5 m",sat ROŞIA; comuna La ROŞIA,km 82+980,1898 - 1910
883,SB-II-m-B-20923.72,Linie ferată îngustă- ramificaţie (Linia Vânătorilor),sat ROŞIA; comuna Între ROŞIA,km 0+890-8+620,1898 - 1910
884,SB-II-m-B-20923.73,Halta Roşia,sat ROŞIA; comuna La ROŞIA,km 4+163,1898 - 1910
885,SB-II-a-A-12526,Ansamblul bisericii evanghelice,sat ROŞIA; comuna 245 ROŞIA,,sec. XIII - XV
886,SB-II-m-A-12526.01,Biserica evanghelică,sat ROŞIA; comuna 245 ROŞIA,,"înc. sec. XIII, transf. sec. XIV - XVIII"
887,SB-II-m-A-12526.02,Zid de incintă (fragmente),sat ROŞIA; comuna 245 ROŞIA,,sec. XV
888,SB-II-m-A-12526.03,Turn-clopotniţă,sat ROŞIA; comuna 245 ROŞIA,,sec. XV
889,SB-II-m-B-21006,Casa parohială,sat ROŞIA; comuna 247 ROŞIA,,1762
890,SB-II-m-B-20923.06,Halta Ruja,sat RUJA; oraş La AGNITA,km 43+300,1898 - 1910
891,SB-II-a-A-12527,Ansamblul bisericii evanghelice fortificate,sat RUJA; oraş 259 AGNITA,,sec. XIII - XVI
892,SB-II-m-A-12527.01,Biserica evanghelică fortificată,sat RUJA; oraş 259 AGNITA,,sec. XIII - înc. sec. XV
893,SB-II-m-A-12527.02,Incintă fortificată (fragmente),sat RUJA; oraş 259 AGNITA,,sec. XVI
894,SB-II-m-B-12528,Biserica evanghelică,sat RUSCIORI; 94 comuna ŞURA MICĂ,,sec. XIII - XVI
895,SB-II-a-B-12529,Ansamblul bisericii evanghelice fortificate,sat RUŞI; comuna 44 SLIMNIC,,sec. XVII - XVIII
896,SB-II-m-B-12529.01,Biserica evanghelică,sat RUŞI; comuna 44 SLIMNIC,,1782 - 1783
897,SB-II-m-B-12529.02,"Incintă fortificată, cu turn- clopotniţă",sat RUŞI; comuna 44 SLIMNIC,,"sec. XVIII, 1749"
898,SB-II-m-B-20324,Casă de lemn,sat SADU; comuna 105 SADU,,1866
899,SB-II-m-B-12530,Biserica de lemn „Adormirea Maicii Domnului”,sat SADU; comuna Str. SADU,Principală 252,sf. sec. XVIII
900,SB-II-a-A-12531,Ansamblul bisericii „Adormirea Maicii Domnului”,sat SADU; comuna Str. SADU,Principală 486,sec. XVII - XVIII
901,SB-II-m-A-12531.01,Biserica „Adormirea Maicii Domnului”,sat SADU; comuna Str. SADU,Principală 486,sec. XVIII
902,SB-II-m-A-12531.02,Poartă,sat SADU; comuna Str. SADU,Principală 486,1795
903,SB-II-m-A-12534,Biserica evanghelică S.P.,sat SĂCĂDATE; Str. oraş AVRIG,Bisericii 389,"mijl. sec. XIII, transf. sec. XVIII - XX"
904,SB-II-m-B-12533,Biserica „Botezul Domnului”,sat SĂCĂDATE; Str. oraş AVRIG,Mijlocul Satului 381,"1794, 1871"
905,SB-II-a-A-12535,"Ansamblul rural ""Centrul istoric""","oraş SĂLIŞTE Piaţa str. Eroilor, Grui","Junilor integral, str. Vale integral, Grui integral, str. Meseriaşilor, Piaţa curtea bisericii şi cimitirul din",sec. XVIII - XIX
906,SB-II-m-A-12538,Biserica „Naşterea Sf. Ioan Botezătorul” - Din Grui,oraş SĂLIŞTE Str.,Brata 17,"1742, turn 1816"
907,SB-II-m-B-12537,Casă,oraş SĂLIŞTE Str.,Bucureşti 25,1881
908,SB-II-m-B-12536,Casă,oraş SĂLIŞTE Piaţa,Eroilor 2,1885
909,SB-II-m-A-12539,Biserica „Înălţarea Domnului”,oraş SĂLIŞTE Str.,Şcolii 1260,1761 - 1785
910,SB-II-m-A-12540,Biserica „Naşterea Domnului”,sat SĂRATA; Str. comuna PORUMBACU DE JOS,Bisericii 186,1800 - 1806
911,SB-II-m-B-12541,Biserica „Adormirea Maicii Domnului”,sat SĂSĂUŞ; Str. comuna CHIRPĂR,Bisericii 195,cca. 1782
912,SB-II-m-B-12542,Biserica de lemn „Sf. Arhangheli”,sat SÂNGĂTIN; Str. comuna APOLDU DE JOS,Bisericii 550,"1687, cf. tradiţie strămutată din Apoldu de Jos"
913,SB-II-m-B-12543,Biserica „Adormirea Maicii Domnului”,sat SEBEŞU DE JOS; Str. comuna TURNU ROŞU,Bisericii 353,1823 - 1830
914,SB-II-m-B-12544,Biserica „Sf. Apostoli Petru şi Pavel”,sat SEBEŞU DE SUS; Str. comuna RACOVIŢĂ,Bisericii 275,"1760, extinderi 1909"
915,SB-II-s-B-12546,Situl rural Sibiel,sat SIBIEL; oraş Întreaga SĂLIŞTE,localitate,sec. XVIII - XIX
916,SB-II-m-B-12547,Casă de lemn,sat SIBIEL; oraş 31 SĂLIŞTE,,sf. sec. XVIII
917,SB-II-m-B-12548,Casă de lemn,sat SIBIEL; oraş 151 SĂLIŞTE,,sf. sec. XIX
918,SB-II-m-B-12549,Casă,sat SIBIEL; oraş 152 SĂLIŞTE,,sec. XIX
919,SB-II-m-B-12550,Casă de lemn,sat SIBIEL; oraş 322 SĂLIŞTE,,sec. XIX
920,SB-II-m-A-12551,"Biserica „Sf. Treime”, cu turnul-clopotniţă",sat SIBIEL; oraş Str. SĂLIŞTE,Principală 329-330,1776
921,SB-II-m-A-12552,"Cetatea Slimnicului (Stolzenburg): incintă fortificată, cu turnuri, capelă, turn de poartă, bastion, anexe",sat SLIMNIC; Pe comuna SLIMNIC,"deal, spre SE de centrul satului",sec. XIV - XVIII
922,SB-II-m-A-12553,Biserica evanghelică,sat SLIMNIC; 17 comuna SLIMNIC,,a doua jum. a sec. XIV - sec. XVI
923,SB-II-m-B-12554,Biserica „Sf. Arhangheli”,sat SLIMNIC; Str. comuna SLIMNIC,Principală 84,"1831, renovată 1889-1910"
924,SB-II-m-B-20923.05,Halta Proştea (veche denumire a satului Stejărişu),sat STEJĂRIŞU; La comuna IACOBENI,km 39+225,1898 - 1910
925,SB-II-a-A-12555,Ansamblul bisericii evanghelice fortificate,sat STEJĂRIŞU; 196 comuna IACOBENI,,sf. sec. XV - sec. XIX
926,SB-II-m-A-12555.01,Biserica evanghelică fortificată,sat STEJĂRIŞU; 196 comuna IACOBENI,,"sec. XIV - XVI, 1861 (extindere cor)"
927,SB-II-m-A-12555.02,Turn al fostei incinte interioare,sat STEJĂRIŞU; 196 comuna IACOBENI,,sf. sec. XV - înc. sec. XVI
928,SB-II-m-A-12555.03,"Incintă fortificată (fragmente), cu turnuri, anexe",sat STEJĂRIŞU; 196 comuna IACOBENI,,sf. sec. XV - înc. sec. XVI
929,SB-II-a-A-12556,Ansamblul bisericii evanghelice fortificate,localitatea ŞAROŞ 137 PE TÂRNAVE; oraş DUMBRĂVENI,,sec. XIV - XVIII
930,SB-II-m-A-12556.01,Biserica evanghelică,localitatea ŞAROŞ 137 PE TÂRNAVE; oraş DUMBRĂVENI,,sec. XIV - înc.sec. XIX
931,SB-II-m-A-12556.02,"Incintă fortificată, cu turn, trei bastioane, capelă (fragment), turn de poartă",localitatea ŞAROŞ 137 PE TÂRNAVE; oraş DUMBRĂVENI,,sec. XIII - XVI
932,SB-II-m-A-12556.03,Casa parohială,localitatea ŞAROŞ 137 PE TÂRNAVE; oraş DUMBRĂVENI,,sec. XVI - XVIII
933,SB-II-m-B-12557,Biserica evanghelică,sat ŞEICA MARE; 122 comuna ŞEICA MARE,,"sec. XIV - XVIII, 1806 (turn- clopotniţă)"
934,SB-II-m-A-12558,Casa parohială evanghelică,sat ŞEICA MICĂ; 64 comuna ŞEICA MICĂ,,1754
935,SB-II-a-A-12559,Ansamblul bisericii evanghelice fortificate,sat ŞEICA MICĂ; 75 comuna ŞEICA MICĂ,,sec. XIV - XVII
936,SB-II-m-A-12559.01,Biserica evanghelică,sat ŞEICA MICĂ; 75 comuna ŞEICA MICĂ,,sec. XIV - XVIII
937,SB-II-m-A-12559.02,Bastion al fostei incinte interioare,sat ŞEICA MICĂ; 75 comuna ŞEICA MICĂ,,sec. XV
938,SB-II-m-A-12559.03,"Incintă fortificată interioară (fragmente), cu turn de poartă şi ""curtea fântânilor""",sat ŞEICA MICĂ; 75 comuna ŞEICA MICĂ,,sec. XV
939,SB-II-m-A-12559.04,Turn al fostei incinte interioare,sat ŞEICA MICĂ; 75 comuna ŞEICA MICĂ,,sec. XV - XVII
940,SB-II-m-A-12559.05,Incintă fortificată exterioară (fragmente),sat ŞEICA MICĂ; 75 comuna ŞEICA MICĂ,,mijl. sec. XVI
941,SB-II-m-B-12560,Casa Geiger,sat ŞEICA MICĂ; 373 comuna ŞEICA MICĂ,,"1771, transf. ulterioare"
942,SB-II-m-B-20923.68,Linie ferată îngustă,sat ŞELIMBĂR; Între comuna ŞELIMBĂR,km 101+907-106+730,1898 - 1910
943,SB-II-a-A-12561,Ansamblul bisericii evanghelice fortificate,sat ŞELIMBĂR; Str. comuna ŞELIMBĂR,Mihai Viteazul 284,sec. XIII - XIX
944,SB-II-m-A-12561.01,Biserica evanghelică,sat ŞELIMBĂR; Str. comuna ŞELIMBĂR,Mihai Viteazul 284,"sec. XIII - XIX, transf. 1423"
945,SB-II-m-A-12561.02,Incinta fortificată,sat ŞELIMBĂR; Str. comuna ŞELIMBĂR,Mihai Viteazul 284,sec. XVI
946,SB-II-m-A-12562,Biserica evanghelică,sat ŞMIG; comuna 62 AŢEL,,"a doua jum. a sec. XV - sec. XVIII, 1859"
947,SB-II-a-B-12563,Ansamblul bisericii evanghelice fortificate,sat ŞOALA; comuna 62 AXENTE SEVER,,sf. sec. XV - sec. XIX
948,SB-II-m-B-12563.01,Biserica evanghelică,sat ŞOALA; comuna 62 AXENTE SEVER,,"sf. sec. XV, 1832 - 1834"
949,SB-II-m-B-12563.02,"Incintă fortificată, cu turnuri, fragmente capelă",sat ŞOALA; comuna 62 AXENTE SEVER,,"sf. sec. XV, 1736"
950,SB-II-m-A-12564,Biserica evanghelică,sat ŞOMARTIN; Str. comuna BRUIU,Cetăţii 8,"sec. XIII - XVI, 1795"
951,SB-II-a-A-12565,Ansamblul bisericii evanghelice,sat ŞURA MARE; 452 comuna ŞURA MARE,,prima jum. a sec. XIII - sec. XIX
952,SB-II-m-A-12565.01,Biserica evanghelică,sat ŞURA MARE; 452 comuna ŞURA MARE,,"prima jum. sec. XIII - sec. XV, 1497, 1643, sec. XIX"
953,SB-II-m-A-12565.02,Casa parohială evanghelică,sat ŞURA MARE; 452 comuna ŞURA MARE,,sec. XIII - XIX
954,SB-II-m-B-12566,Biserica de lemn „Bunavestire”,sat ŞURA MARE; Str. comuna ŞURA MARE,Principală 483,1722 (transferată din Sibiel)
955,SB-II-a-B-12567,Ansamblul bisericii evanghelice fortificate,sat ŞURA MICĂ; 406 comuna ŞURA MICĂ,,sf. sec. XIII - sec. XVIII
956,SB-II-m-B-12567.01,Biserica evanghelică,sat ŞURA MICĂ; 406 comuna ŞURA MICĂ,,"sf. sec. XIII - sec. XVIII, 1506 (cor şi turn)"
957,SB-II-m-B-12567.02,Incintă fortificată (fragment),sat ŞURA MICĂ; 406 comuna ŞURA MICĂ,,sec. XVI
958,SB-II-m-B-12569,Casa parohială evanghelică,oraş TĂLMACIU Str.,Bălcescu Nicolae 113,1719
959,SB-II-m-A-12568,Biserica „Cuvioasa Paraschiva”,sat TĂLMĂCEL; Str. oraş TĂLMACIU,Bisericii 284,1777 - 1779
960,SB-II-m-B-12570,Casă,sat TÂRNAVA; Str. comuna TÂRNAVA,Eminescu Mihai 2,"1574, refaceri 1956"
961,SB-II-a-B-12571,Ansamblul bisericii evanghelice fortificate,sat TÂRNAVA; Str. comuna TÂRNAVA,Victoriei 526,sec. XIV - XIX
962,SB-II-m-B-12571.01,Biserica evanghelică,sat TÂRNAVA; Str. comuna TÂRNAVA,Victoriei 526,"sec. XIV - XVI, 1792, 1869"
963,SB-II-m-B-12571.02,Turn-clopotniţă,sat TÂRNAVA; Str. comuna TÂRNAVA,Victoriei 526,"sec. XIV, 1756, 1897"
964,SB-II-m-B-12571.03,Incintă fortificată (fragment) şi turn,sat TÂRNAVA; Str. comuna TÂRNAVA,Victoriei 526,sec. XV - XVI
965,SB-II-m-B-12572,Biserica „Sf. Arhangheli Mihail şi Gavril”,sat TILIŞCA; Str. comuna TILIŞCA,Vale 550,1782
966,SB-II-m-B-12573,Biserica „Buna Vestire”,sat aparţinător Str. TOPÂRCEA; oraş OCNA SIBIULUI,Bisericii 43,sec. XVIII
967,SB-II-m-A-12574,"Biserica „Sf. Nicolae” - Porceşti, (zisă a lui Matei Basarab), a fostei mănăstiri",sat TURNU ROŞU; Str. comuna TURNU ROŞU,Bisericii 75,"1653, 1827 - 1828; refaceri sec. XX"
968,SB-II-a-A-12575,Ansamblul bisericii evanghelice fortificate,sat ŢAPU; comuna 134 MICĂSASA,,sec. XIV - XIX
969,SB-II-m-A-12575.01,Biserica evanghelică fortificată,sat ŢAPU; comuna 134 MICĂSASA,,"sec. XIV - XV, transf. 1625, 1838"
970,SB-II-m-A-12575.02,"Incintă fortificată, cu turn de poartă şi acces secundar fortificat",sat ŢAPU; comuna 134 MICĂSASA,,sec. XIV - XVI
971,SB-II-m-A-12576,Biserica „Sf. Arhangheli”,sat ŢICHINDEAL; Str. comuna NOCRICH,Bisericii 80,1791
972,SB-II-a-A-12577,Ansamblul bisericii evanghelice fortificate,sat VALCHID; 197 comuna HOGHILAG,,sec. XIV - înc. sec. XIX
973, SB-II-m-A-12577.01, Biserica evanghelică, sat VALCHID; 197 comuna HOGHILAG,," sec. XIV, 1441, 1507, înc. sec. XIX"
974,SB-II-m-A-12577.02,"Incintă fortificată, cu turnuri, turn de poartă, acces secundar fortificat",sat VALCHID; 197 comuna HOGHILAG,,sf. sec. XV - înc. sec. XVI
975,SB-II-a-B-12578,"Ansamblul rural ""Centrul istoric al localităţii""",sat VALE; oraş Str. SĂLIŞTE ortodox,"Bisericii, curtea bisericii şi cimitirul",sec. XVII - XIX
976,SB-II-m-B-12579,Biserica „Sf. Treime”,sat VALE; oraş Str. SĂLIŞTE,Mare 106,ante 1780 (1763?)
977,SB-II-s-A-12581,Situl rural Valea Viilor,sat VALEA VIILOR; Sit comuna VALEA Ministerului VIILOR,delimitat cf.aviz 812/E/1998 al Culturii,sec. XVIII - XIX
978,SB-II-a-A-12582,Ansamblul bisericii evanghelice fortificate,sat VALEA VIILOR; 341 comuna VALEA VIILOR,,sec. XIV - XVI
979,SB-II-m-A-12582.01,Biserica evanghelică,sat VALEA VIILOR; 341 comuna VALEA VIILOR,,"sec. XIV, sec. XV - XVI"
980,SB-II-m-A-12582.02,"Incintă fortificată, cu trei turnuri, turn de poartă, anexe",sat VALEA VIILOR; 341 comuna VALEA VIILOR,,sec. XV - XVI
981,SB-II-m-B-20923.14,Linie ferată îngustă,sat VĂRD; comuna Între CHIRPĂR,km 54+056-57+991,1898 - 1910
982,SB-II-m-B-20923.15,Podeţ de beton cu parapet de protecţie 1 m,sat VĂRD; comuna La CHIRPĂR,km 54+367,1898 - 1910
983,SB-II-m-B-20923.16,Podeţ de beton cu parapet de protecţie 1 m,sat VĂRD; comuna La CHIRPĂR,km 54+573,1898 - 1910
984, SB-II-m-B-20923.17," Podeţ metalic 4,8 m", sat VĂRD; comuna La CHIRPĂR, km 57+343, 1898 - 1910
985,SB-II-m-B-12583,Biserica evanghelică,sat VĂRD; comuna 28 CHIRPĂR,,"sec. XIII, sec. XIV (turn), 1853 (cor, bolţi)"
986,SB-II-m-B-20923.22,Linie ferată îngustă,sat VECERD; Între comuna BÂRGHIŞ,km 62+438-62+798,1898 - 1910
987,SB-II-m-B-20923.23,"Podeţ metalic 7,9 m",sat VECERD; La comuna BÂRGHIŞ,km 62+475,1898 - 1910
988,SB-II-m-B-12584,Casa parohială evanghelică,sat VELŢ; comuna 171 BAZNA,,sec. XVIII - XIX
989,SB-II-a-B-12585,Ansamblul bisericii evanghelice fortificate,sat VELŢ; comuna 173 BAZNA,,a doua jum. a sec. XIV - sec. XIX
990,SB-II-m-B-12585.01,Biserica evanghelică fortificată,sat VELŢ; comuna 173 BAZNA,,"a doua jum. a sec. XIV, 1881"
991,SB-II-m-B-12585.02,"Incintă fortificată, cu fosta locuinţă a paznicului cetăţii şi turn de poartă.",sat VELŢ; comuna 173 BAZNA,,"sec. XVI, sec. XIX"
992,SB-II-m-B-12586,Conac nobiliar,sat VESEUD; f.n. comuna SLIMNIC,,înc. sec. XIX
993,SB-II-a-B-12587,Ansamblul bisericii evanghelice fortificate,sat VESEUD; 10 comuna CHIRPĂR,,sec. XIII - XVIII
994,SB-II-m-B-12587.01,Biserica evanghelică fortificată,sat VESEUD; 10 comuna CHIRPĂR,,"sec. XIII, sec. XVI, 1784 - 1785"
995,SB-II-m-B-12587.02,"Incintă fortificată (fragment), cu turn de poartă",sat VESEUD; 10 comuna CHIRPĂR,,sec. XVI - XVIII
996,SB-II-m-B-12588,Biserica „Sf. Gheorghe”,sat VESEUD; Str. comuna CHIRPĂR,Principală 25,1790
997,SB-II-m-B-20923.74,Linie ferată îngustă- ramificaţie (Linia Vânătorilor),sat VURPĂR; Între comuna VURPĂR,km 8+620-12+686,1898 - 1910
998,SB-II-m-B-20923.75,Gara Vurpăr,sat VURPĂR; La comuna VURPĂR,km 12+630,1898 - 1910
999,SB-II-m-A-12589,Biserica evanghelică,sat VURPĂR; 1 comuna VURPĂR,,"înc. sec. XIII, transf. sec. XVI, 1804 (turn)"
1000,SB-II-a-B-12590,Ansamblul bisericii evanghelice,sat ZLAGNA; 130 comuna BÂRGHIŞ,,sec. XV - XIX
1001,SB-II-m-B-12590.01,Biserica evanghelică,sat ZLAGNA; 130 comuna BÂRGHIŞ,,sec. XV - XVIII
1002,SB-II-m-B-12590.02,Turn-clopotniţă,sat ZLAGNA; 130 comuna BÂRGHIŞ,,1828 - 1832
1003,SB-III-m-B-12591,Bustul lui Mihai Eminescu,municipiul SIBIU Parcul,"""Sub Arini""",1938
1004,SB-III-m-B-12592,Bustul lui George Bariţiu,municipiul SIBIU Parcul,Astra,1926
1005,SB-III-a-B-12593,"Vase de piatră, sculptor Simon Hoffmayer",municipiul SIBIU Parcul,"""Sub arini""",sf. sec. XVIII
1006,SB-III-m-B-12594,Bustul Mariei Tereza,municipiul SIBIU Str. Terezianum,"Gladiolelor 4-8, în faţa orfelinatului",1909
1007,SB-III-m-B-12595,Monumentul lui Georg Daniel Teutsch,municipiul SIBIU Piaţa Evanghelice,"Huet, în curtea Bisericii",1899
1008,SB-III-m-B-12596,Placa memorială a împăratului Iosif al II-lea,municipiul SIBIU Str.,Mitropoliei 9,1773
1009,SB-III-m-B-12597,Bustul lui Friedrich Schiller,municipiul SIBIU Piaţa,Schiller 1,1905
1010,SB-III-m-B-12598,Bustul lui George Coşbuc,municipiul SIBIU Bd.,Victoriei,1933
1011,SB-III-m-B-12599,Monumentul lui Gheorghe Lazăr,oraş AVRIG Piaţa,Republicii,1964
1012,SB-III-m-B-12600,Monumentul lui August Treboniu Laurian,sat FOFELDEA; În comuna NOCRICH monumentul,"dreptul casei cu nr. 192, lângă aviatorului Ion Stoica",sec. XIX
1013,SB-III-m-B-12601,Bustul lui Stefan Ludwig Roth,municipiul MEDIAŞ Piaţa Stefan,"Enescu George, în faţa Liceului Ludwig Roth",sec. XIX
1014,SB-III-m-B-12602,Bustul lui Axente Sever,municipiul MEDIAŞ Str. Sever”,"Moşnei, în faţa liceului „Axente",sec. XIX
1015,SB-III-m-B-12603,Bustul lui Cornel Medrea,oraş MIERCUREA Piaţa SIBIULUI,Centrală,sec. XX
1016,SB-III-m-B-12604,Bustul lui Nicolae Henţiu,oraş SĂLIŞTE În,grădina publică,1934
1017,SB-IV-m-B-12605,Mormântul arheologului Johann Michael Ackner,municipiul SIBIU În Guşteriţa,"cimitirul bisericii evanghelice, cartier",1863
1018,SB-IV-m-A- 12085.03,"Cimitirul bisericii „Buna Vestire” - ""din Groapă""",municipiul SIBIU Str.,Justiţiei 5,sec. XVIII - XX
1019,SB-IV-m-B-12606,Mormântul scriitorului Zaharia Boiu,municipiul SIBIU Str. ortodoxe,"Justiţiei 5, în cimitirul bisericii Bunavestire",1903
1020,SB-IV-m-B-12607,Mormântul scriitorului Ioan Codru Drăguşanu,municipiul SIBIU Str. ortodoxe,"Justiţiei 5, în cimitirul bisericii Bunavestire",1884
1021,SB-IV-m-B-12608,Mormântul literatului Moise Fulea,municipiul SIBIU Str. Bunavestire,"Justiţiei 5, în cimitirul bisericii",
1022,SB-IV-m-B-12609,Monumentul funerar al dr. George Manasis,municipiul SIBIU Str. Bunavestire,"Justiţiei 5, în cimitirul bisericii",
1023,SB-IV-a-B-12610,"Grup de patru cruci de piatră sculptate provenind de la cimitirului Biserica Bunavestire din Broşteni, comuna Păuca",municipiul SIBIU Str.,Mitropoliei 22,sec. XVIII
1024,SB-IV-m-A- 12167.02,Cimitirul bisericii „Sf. Apostoli Petru şi Pavel”,municipiul SIBIU Str.,Reconstrucţiei 17,sec. XVIII - XX
1025,SB-IV-m-B-12611,Mormântul lui George Bariţiu,municipiul SIBIU Str. bisericii,"Reconstrucţiei 17, în cimitirul ""Sf.Petru şi Pavel""",1893
1026,SB-IV-m-B-12612,Monumentul funerar Alexandru Papiu Ilarian (bust),municipiul SIBIU Str. bisericii,"Reconstrucţiei 17, în cimitirul ""Sf.Petru şi Pavel""",1880
1027,SB-IV-m-B-12613,Monumentul funerar al dr. Ioan Raţiu (obelisc),municipiul SIBIU Str. bisericii,"Reconstrucţiei 17, în cimitirul ""Sf.Petru şi Pavel""",1911
1028,SB-IV-m-B-12614,Monumentul funerar al lui Iosif Sterca Şuluţiu,municipiul SIBIU Str. bisericii,"Reconstrucţiei 17, în cimitirul ""Sf.Petru şi Pavel""",1902
1029,SB-IV-m-B-12615,"Monumentul funerar al lui David, Baron Ursu de Margina",municipiul SIBIU Str. bisericii,"Reconstrucţiei 17, în cimitirul ""Sf.Petru şi Pavel""",1897
1030,SB-IV-m-B-12616,Casa lui Gheorghe Lazăr,oraş AVRIG Str.,Bisericii 1,sec. XIX
1031,SB-IV-m-B-12617,Mormântul lui Gheorghe Lazăr,oraş AVRIG Str. bisericii,"Lazăr Gheorghe 1, în cimitirul ""Duminica Floriilor""",1823
1032,SB-IV-m-B-12618,Casa Axente Sever,sat AXENTE SEVER; 448 comuna AXENTE SEVER,,sec. XIX
1033,SB-IV-m-B-12619,Casa Victor Păcală,sat DEALU 251 FRUMOS; comuna MERGHINDEAL,,sec. XIX
1034,SB-IV-m-B-12620,Troiţă de lemn,sat FÂNTÂNELE; Str. oraş SĂLIŞTE,Bisericii 142,sec. XIX
1035,SB-IV-m-B-12622,Monumentul funerar al lui Daniel R. Codrescu,sat FOFELDEA; În comuna NOCRICH,cimitirul bisericii,sec. XIX
1036,SB-IV-m-B-12621,Bancă ţărănească “CORDIANA”,sat FOFELDEA; 189 comuna NOCRICH,,sf. sec. XIX - înc. sec. XX
1037,SB-IV-m-B-12623,"Edicul ""Osuar"" cu pictură pe pânză","sat JINA; comuna 297, JINA",în cimitirul sătesc,1827
1038,SB-IV-m-B-12624,Casa Iacob Bologa,sat MARPOD; 171 comuna MARPOD,,sec. XIX
1039,SB-IV-m-B-12626,Casa Stefan Ludwig Roth,municipiul MEDIAŞ Str.,Honterus Johannes 10,"1696, transf. sec. XIX"
1040,SB-IV-m-B-12627,Monumentul funerar al lui Stefan Ludwig Roth,municipiul MEDIAŞ Str. evanghelic,"Oberth Hermann, în cimitirul al oraşului",
1041,SB-IV-m-B-12628,Mormântul mitropolitului Andrei Şaguna,sat RĂŞINARI; În comuna RĂŞINARI,"cimitirul bisericii ""Sf. Treime""",1904
1042,SB-IV-m-B-12630,Casa memorială Emil Cioran,sat RĂŞINARI; Str. comuna RĂŞINARI,"Cioran Emil, Protopop 1092",sec. XIX
1043,SB-IV-m-B-12629,Casa Octavian Goga (2 corpuri),sat RĂŞINARI; Str. comuna RĂŞINARI,Eminescu Mihai 880,înc. sec. XIX
1044,SB-IV-m-B-12631,Troiţă,sat RĂŞINARI; Str. comuna RĂŞINARI,"Sibiului, pe malul Ştezii",1883
1045,SB-IV-m-B-12632,Troiţă,sat ROD; comuna În TILIŞCA,dreptul casei cu nr. 272,1871
1046,SB-IV-m-B-12633,Troiţă,sat ROD; comuna În TILIŞCA,dreptul casei cu nr. 262,1877
1047,SB-IV-m-B-12634,Troiţă,oraş SĂLIŞTE În,dreptul casei cu nr. 236,sec. XIX
1048,SB-IV-m-B-12635,Troiţă,sat SIBIEL; oraş În SĂLIŞTE,dreptul casei cu nr. 166,1803
1049,SB-IV-m-B-12636,Troiţă,sat SIBIEL; comuna În SĂLIŞTE,faţa casei 288,1814
1050,SB-IV-m-B-12637,"Monument comemorativ ridicat pe locul bătăliei din 1599 dintre Mihai Viteazul şi Andrei Bathory şi în cinstea ostaşilor români căzuţi în primul război mondial” (troiţă din lemn, ridicată de ASTRA)",sat ŞELIMBĂR; La comuna ŞELIMBĂR,"cca. 2 km SV, pe şosea",1932
1051,SB-IV-m-B-12638,Troiţă,sat TILIŞCA; În comuna TILIŞCA,dreptul casei cu nr. 293,sec. XIX
1052,SB-IV-m-B-12639,Troiţă,sat TURNU ROŞU; La comuna TURNU Boiţa ROŞU,"marginea satului, pe drumul spre",sec. XVIII
1053,SB-IV-m-B-12640,Monumentul funerar al lui Ioan Băilă,sat VALE; oraş Lângă SĂLIŞTE,"biserica ortodoxă ""Sf.Treime""",sec. XIX
